MatchID,GameID,Team Name,TeamID,Result,Pistols Won,Potential Thrifties,Thrifties Won
684613,270746,NRG,1034,won,2,0,0
684613,270746,XLG,13581,lost,0,5,1
684613,270747,NRG,1034,won,0,4,0
684613,270747,XLG,13581,lost,2,2,0
684610,270737,VIT,11981,won,2,1,0
684610,270737,DRG,2059,lost,0,3,1
684610,270738,VIT,11981,won,2,0,0
684610,270738,DRG,2059,lost,0,3,0
684611,270740,FUT,1184,won,2,1,1
684611,270740,FS,4050,lost,0,4,0
684611,270741,FUT,1184,won,1,2,0
684611,270741,FS,4050,lost,1,1,0
684612,270743,GE,2359,won,2,0,0
684612,270743,LEV,918,lost,0,3,0
684612,270744,LEV,918,won,2,1,1
684612,270744,GE,2359,lost,0,4,0
684612,270745,LEV,918,won,2,1,0
684612,270745,GE,2359,lost,0,3,1
684614,270749,VIT,2059,won,0,2,0
684614,270749,FUT,1184,lost,2,2,1
684614,270750,FUT,1184,won,1,1,0
684614,270750,VIT,2059,lost,1,2,0
684614,270751,VIT,2059,won,0,3,0
684614,270751,FUT,1184,lost,2,3,1
684615,270752,LEV,2359,won,2,1,0
684615,270752,NRG,1034,lost,0,3,0
684615,270753,NRG,1034,won,2,1,0
684615,270753,LEV,2359,lost,0,1,0
684615,270754,LEV,2359,won,1,1,0
684615,270754,NRG,1034,lost,1,3,0
684616,270755,DRG,11981,won,2,1,0
684616,270755,XLG,13581,lost,0,3,1
684616,270756,XLG,13581,won,0,3,1
684616,270756,DRG,11981,lost,2,2,0
684616,270757,XLG,13581,won,1,1,0
684616,270757,DRG,11981,lost,1,3,1
684617,270758,FS,4050,won,0,3,1
684617,270758,GE,918,lost,2,0,0
684617,270759,GE,918,won,1,1,0
684617,270759,FS,4050,lost,1,0,0
684617,270760,GE,918,won,2,2,0
684617,270760,FS,4050,lost,0,4,0
684619,270764,NRG,1034,won,1,3,0
684619,270764,FUT,1184,lost,1,2,0
684619,270765,FUT,1184,won,1,2,2
684619,270765,NRG,1034,lost,1,4,1
684619,270766,FUT,1184,won,2,0,0
684619,270766,NRG,1034,lost,0,4,0
684618,270761,GE,918,won,1,1,0
684618,270761,XLG,13581,lost,1,3,0
684618,270762,XLG,13581,won,1,3,0
684618,270762,GE,918,lost,1,1,0
684618,270763,XLG,13581,won,0,4,1
684618,270763,GE,918,lost,2,2,0
670466,267804,PRX,2359,won,2,0,0
670466,267804,LEV,624,lost,0,2,0
670466,267805,PRX,2359,won,1,3,2
670466,267805,LEV,624,lost,1,3,0
670467,267807,VIT,1001,won,2,0,0
670467,267807,TH,2059,lost,0,3,0
670467,267808,VIT,1001,won,2,1,1
670467,267808,TH,2059,lost,0,4,1
670465,267801,FUT,1120,won,1,1,0
670465,267801,EDG,1184,lost,1,2,0
670465,267802,EDG,1184,won,1,2,1
670465,267802,FUT,1120,lost,1,4,0
670465,267803,EDG,1184,won,1,1,0
670465,267803,FUT,1120,lost,1,3,0
670464,267798,G2,13581,won,0,4,2
670464,267798,XLG,11058,lost,2,3,0
670464,267799,XLG,11058,won,2,0,0
670464,267799,G2,13581,lost,0,4,0
670464,267800,XLG,11058,won,2,2,1
670464,267800,G2,13581,lost,0,3,0
670473,267827,LEV,2359,won,2,0,0
670473,267827,TH,1001,lost,0,2,0
670473,267828,TH,1001,won,1,1,0
670473,267828,LEV,2359,lost,1,3,1
670473,273204,LEV,2359,won,2,0,0
670473,273204,TH,1001,lost,0,2,0
670472,267824,FUT,11058,won,1,1,0
670472,267824,G2,1184,lost,1,4,0
670472,267825,FUT,11058,won,2,5,2
670472,267825,G2,1184,lost,0,4,1
670468,267810,EDG,1120,won,0,3,1
670468,267810,XLG,13581,lost,2,2,0
670468,267811,XLG,13581,won,2,1,0
670468,267811,EDG,1120,lost,0,2,0
670468,267812,EDG,1120,won,1,1,0
670468,267812,XLG,13581,lost,1,0,0
670469,267813,PRX,2059,won,2,0,0
670469,267813,VIT,624,lost,0,3,0
670469,267814,VIT,624,won,1,1,0
670469,267814,PRX,2059,lost,1,2,0
670469,267815,PRX,2059,won,1,1,0
670469,267815,VIT,624,lost,1,3,1
670475,267833,LEV,13581,won,0,2,0
670475,267833,XLG,2359,lost,2,2,0
670475,267834,LEV,13581,won,2,1,0
670475,267834,XLG,2359,lost,0,5,0
670474,267830,VIT,2059,won,1,2,0
670474,267830,FUT,1184,lost,1,3,0
670474,267831,VIT,2059,won,2,0,0
670474,267831,FUT,1184,lost,0,4,0
670470,267816,EDG,624,won,0,4,0
670470,267816,PRX,1120,lost,2,1,0
670470,267817,PRX,1120,won,2,1,0
670470,267817,EDG,624,lost,0,4,1
670470,267818,PRX,1120,won,1,1,0
670470,267818,EDG,624,lost,1,2,0
670476,267836,LEV,2359,won,1,1,0
670476,267836,VIT,2059,lost,1,3,1
670476,267837,LEV,2359,won,2,0,0
670476,267837,VIT,2059,lost,0,3,0
670477,267839,LEV,1120,won,2,1,0
670477,267839,EDG,2359,lost,0,2,0
670477,267840,LEV,1120,won,1,4,1
670477,267840,EDG,2359,lost,1,3,1
670477,267841,LEV,1120,won,1,1,0
670477,267841,EDG,2359,lost,1,4,2
670471,267819,PRX,624,won,2,0,0
670471,267819,LEV,2359,lost,0,1,0
670471,267820,LEV,2359,won,1,1,0
670471,267820,PRX,624,lost,1,4,1
670471,267821,PRX,624,won,2,1,0
670471,267821,LEV,2359,lost,0,4,0
670471,267822,LEV,2359,won,1,3,0
670471,267822,PRX,624,lost,1,1,1
670471,267823,LEV,2359,won,2,1,0
670471,267823,PRX,624,lost,0,3,0
645474,258575,KRÜ,2,won,1,1,1
645474,258575,SEN,2355,lost,1,4,0
645474,258576,KRÜ,2,won,2,1,0
645474,258576,SEN,2355,lost,0,3,1
645475,258578,MIBR,7386,won,1,2,0
645475,258578,G2,11058,lost,1,3,0
645475,258579,MIBR,7386,won,1,4,0
645475,258579,G2,11058,lost,1,1,1
645476,258581,100T,5248,won,1,1,1
645476,258581,EG,120,lost,1,3,0
645476,258582,100T,5248,won,1,1,1
645476,258582,EG,120,lost,1,3,0
645477,258584,ENVY,427,won,2,2,0
645477,258584,LOUD,6961,lost,0,4,1
645477,258585,LOUD,6961,won,1,3,1
645477,258585,ENVY,427,lost,1,4,1
645477,258586,LOUD,6961,won,1,2,1
645477,258586,ENVY,427,lost,1,5,1
645478,258587,LEV,2359,won,2,1,1
645478,258587,C9,188,lost,0,3,0
645478,258588,LEV,2359,won,2,0,0
645478,258588,C9,188,lost,0,2,0
645479,258590,FUR,2406,won,1,1,0
645479,258590,NRG,1034,lost,1,3,0
645479,258591,FUR,2406,won,1,1,0
645479,258591,NRG,1034,lost,1,1,0
645480,258593,C9,188,won,1,1,0
645480,258593,ENVY,427,lost,1,3,0
645480,258594,ENVY,427,won,1,1,0
645480,258594,C9,188,lost,1,3,0
645480,258595,ENVY,427,won,1,2,0
645480,258595,C9,188,lost,1,1,0
645481,258596,EG,5248,won,1,3,0
645481,258596,FUR,2406,lost,1,3,0
645481,258597,FUR,2406,won,1,1,0
645481,258597,EG,5248,lost,1,4,2
645481,258598,FUR,2406,won,1,2,1
645481,258598,EG,5248,lost,1,5,1
645482,258599,G2,11058,won,2,1,1
645482,258599,LEV,2359,lost,0,3,1
645482,258600,LEV,2359,won,0,3,1
645482,258600,G2,11058,lost,2,4,1
645482,258601,LEV,2359,won,2,0,0
645482,258601,G2,11058,lost,0,3,0
645483,258602,MIBR,7386,won,0,3,1
645483,258602,LOUD,6961,lost,2,2,0
645483,258603,MIBR,7386,won,2,0,0
645483,258603,LOUD,6961,lost,0,2,0
645484,258605,KRÜ,2355,won,1,1,0
645484,258605,NRG,1034,lost,1,1,0
645484,258606,KRÜ,2355,won,1,2,1
645484,258606,NRG,1034,lost,1,2,0
645485,258608,SEN,2,won,1,1,1
645485,258608,100T,120,lost,1,4,0
645485,258609,SEN,2,won,1,3,1
645485,258609,100T,120,lost,1,3,1
645486,258611,LEV,2359,won,0,2,0
645486,258611,ENVY,427,lost,2,1,0
645486,258612,LEV,2359,won,2,0,0
645486,258612,ENVY,427,lost,0,5,0
645487,258614,G2,11058,won,0,1,0
645487,258614,LOUD,6961,lost,2,3,0
645487,258615,G2,11058,won,0,3,1
645487,258615,LOUD,6961,lost,2,1,0
645488,258617,KRÜ,2406,won,2,1,0
645488,258617,FUR,2355,lost,0,1,0
645488,258618,KRÜ,2406,won,2,2,1
645488,258618,FUR,2355,lost,0,4,0
645489,258620,100T,120,won,1,3,0
645489,258620,NRG,1034,lost,1,3,0
645489,258621,NRG,1034,won,1,3,0
645489,258621,100T,120,lost,1,2,1
645489,258622,NRG,1034,won,1,1,0
645489,258622,100T,120,lost,1,3,0
645490,258623,SEN,2,won,2,0,0
645490,258623,EG,5248,lost,0,3,0
645490,258624,SEN,2,won,0,4,3
645490,258624,EG,5248,lost,2,2,1
645491,258626,C9,188,won,0,2,1
645491,258626,MIBR,7386,lost,2,1,0
645491,258627,C9,188,won,1,1,0
645491,258627,MIBR,7386,lost,1,2,0
645492,258629,NRG,1034,won,1,2,0
645492,258629,EG,5248,lost,1,3,0
645492,258630,NRG,1034,won,2,2,0
645492,258630,EG,5248,lost,0,3,0
645493,258632,MIBR,7386,won,1,3,0
645493,258632,LEV,2359,lost,1,1,0
645493,258633,MIBR,7386,won,2,1,0
645493,258633,LEV,2359,lost,0,3,0
645494,258635,100T,2355,won,2,1,0
645494,258635,KRÜ,120,lost,0,2,0
645494,258636,KRÜ,120,won,2,1,1
645494,258636,100T,2355,lost,0,4,0
645494,258637,100T,2355,won,2,2,0
645494,258637,KRÜ,120,lost,0,4,1
645495,258638,FUR,2406,won,2,0,0
645495,258638,SEN,2,lost,0,4,0
645495,258639,SEN,2,won,2,2,0
645495,258639,FUR,2406,lost,0,2,0
645495,258640,FUR,2406,won,0,2,0
645495,258640,SEN,2,lost,2,1,0
645496,258641,LOUD,6961,won,2,0,0
645496,258641,C9,188,lost,0,3,0
645496,258642,C9,188,won,2,1,0
645496,258642,LOUD,6961,lost,0,2,0
645496,258643,LOUD,6961,won,0,3,0
645496,258643,C9,188,lost,2,1,0
645497,258644,G2,11058,won,0,1,1
645497,258644,ENVY,427,lost,2,4,0
645497,258645,G2,11058,won,2,0,0
645497,258645,ENVY,427,lost,0,5,1
645498,258647,EG,2355,won,2,0,0
645498,258647,KRÜ,5248,lost,0,3,0
645498,258648,KRÜ,5248,won,2,1,0
645498,258648,EG,2355,lost,0,4,0
645498,258649,KRÜ,5248,won,2,1,0
645498,258649,EG,2355,lost,0,3,0
645499,258650,FUR,120,won,0,3,0
645499,258650,100T,2406,lost,2,3,0
645499,258651,100T,2406,won,1,4,0
645499,258651,FUR,120,lost,1,3,0
645499,258652,100T,2406,won,1,2,0
645499,258652,FUR,120,lost,1,2,0
645500,258653,G2,11058,won,2,1,1
645500,258653,C9,188,lost,0,4,0
645500,258654,G2,11058,won,2,0,0
645500,258654,C9,188,lost,0,3,0
645501,258656,ENVY,427,won,2,0,0
645501,258656,MIBR,7386,lost,0,3,0
645501,258657,ENVY,427,won,2,0,0
645501,258657,MIBR,7386,lost,0,1,0
645502,258659,LEV,2359,won,2,0,0
645502,258659,LOUD,6961,lost,0,2,0
645502,258660,LOUD,6961,won,2,3,1
645502,258660,LEV,2359,lost,0,3,1
645502,258661,LOUD,6961,won,1,3,1
645502,258661,LEV,2359,lost,1,3,0
645503,258662,NRG,1034,won,0,2,1
645503,258662,SEN,2,lost,2,2,0
645503,258663,SEN,2,won,1,2,0
645503,258663,NRG,1034,lost,1,2,0
645503,258664,NRG,1034,won,1,2,0
645503,258664,SEN,2,lost,1,3,0
660369,265422,FUR,2359,won,1,1,0
660369,265422,LEV,2406,lost,1,3,0
660369,265423,LEV,2406,won,1,1,0
660369,265423,FUR,2359,lost,1,1,0
660369,265424,LEV,2406,won,2,0,0
660369,265424,FUR,2359,lost,0,0,0
660370,265425,G2,120,won,1,1,0
660370,265425,100T,11058,lost,1,4,0
660370,265426,G2,120,won,1,1,0
660370,265426,100T,11058,lost,1,3,0
660371,265428,LEV,2359,won,1,2,0
660371,265428,MIBR,7386,lost,1,2,0
660371,265429,MIBR,7386,won,2,0,0
660371,265429,LEV,2359,lost,0,3,0
660371,265430,LEV,2359,won,1,1,0
660371,265430,MIBR,7386,lost,1,1,0
660372,265431,G2,11058,won,2,2,0
660372,265431,KRÜ,2355,lost,0,3,1
660372,265432,G2,11058,won,1,1,0
660372,265432,KRÜ,2355,lost,1,2,0
660375,265442,NRG,1034,won,2,0,0
660375,265442,FUR,2406,lost,0,3,0
660375,265443,NRG,1034,won,2,1,0
660375,265443,FUR,2406,lost,0,2,0
660376,265445,100T,120,won,1,2,1
660376,265445,LOUD,6961,lost,1,3,0
660376,265446,100T,120,won,1,1,0
660376,265446,LOUD,6961,lost,1,2,0
660377,265448,NRG,1034,won,0,2,0
660377,265448,KRÜ,2355,lost,2,1,0
660377,265449,NRG,1034,won,1,2,1
660377,265449,KRÜ,2355,lost,1,1,0
660378,265451,100T,120,won,2,3,1
660378,265451,MIBR,7386,lost,0,3,0
660378,265452,100T,120,won,2,3,2
660378,265452,MIBR,7386,lost,0,2,0
660373,265434,LEV,2359,won,1,1,0
660373,265434,G2,11058,lost,1,5,0
660373,265435,G2,11058,won,1,2,0
660373,265435,LEV,2359,lost,1,2,0
660373,265436,LEV,2359,won,2,0,0
660373,265436,G2,11058,lost,0,1,0
660379,265454,NRG,1034,won,1,2,0
660379,265454,100T,120,lost,1,3,1
660379,265455,NRG,1034,won,1,2,1
660379,265455,100T,120,lost,1,4,1
660380,265457,G2,11058,won,1,2,1
660380,265457,NRG,1034,lost,1,1,0
660380,265458,NRG,1034,won,1,2,0
660380,265458,G2,11058,lost,1,3,0
660380,265459,G2,11058,won,0,2,0
660380,265459,NRG,1034,lost,2,4,0
660380,265460,NRG,1034,won,2,2,1
660380,265460,G2,11058,lost,0,3,1
660380,265461,G2,11058,won,1,1,0
660380,265461,NRG,1034,lost,1,3,0
660374,265437,G2,11058,won,2,3,1
660374,265437,LEV,2359,lost,0,2,1
660374,265438,LEV,2359,won,1,2,1
660374,265438,G2,11058,lost,1,5,2
660374,265439,LEV,2359,won,1,2,1
660374,265439,G2,11058,lost,1,4,0
660374,265440,G2,11058,won,1,1,0
660374,265440,LEV,2359,lost,1,1,0
660374,265441,G2,11058,won,2,2,0
660374,265441,LEV,2359,lost,0,2,0
644709,258339,FNC,6392,won,1,2,0
644709,258339,EF,2593,lost,1,3,0
644709,258340,EF,2593,won,0,4,1
644709,258340,FNC,6392,lost,2,1,0
644709,258341,FNC,6392,won,2,0,0
644709,258341,EF,2593,lost,0,3,0
644710,258342,TL,8877,won,2,1,1
644710,258342,KC,474,lost,0,2,0
644710,258343,TL,8877,won,2,1,0
644710,258343,KC,474,lost,0,2,0
644711,258345,VIT,2059,won,1,1,0
644711,258345,GX,14419,lost,1,1,0
644711,258346,VIT,2059,won,1,1,1
644711,258346,GX,14419,lost,1,3,1
644712,258348,M8,12694,won,1,3,0
644712,258348,FUT,1184,lost,1,3,0
644712,258349,FUT,1184,won,1,2,0
644712,258349,M8,12694,lost,1,2,0
644712,258350,FUT,1184,won,2,1,1
644712,258350,M8,12694,lost,0,4,0
644713,258351,TH,4915,won,1,1,0
644713,258351,NAVI,1001,lost,1,2,0
644713,258352,NAVI,1001,won,2,2,0
644713,258352,TH,4915,lost,0,1,0
644713,258353,NAVI,1001,won,1,3,0
644713,258353,TH,4915,lost,1,4,2
644714,258354,BBL,3478,won,1,2,0
644714,258354,PCF,397,lost,1,3,1
644714,258355,BBL,3478,won,0,2,0
644714,258355,PCF,397,lost,2,1,0
644716,258357,GX,3478,won,2,1,0
644716,258357,PCF,14419,lost,0,2,0
644716,258358,PCF,14419,won,0,3,0
644716,258358,GX,3478,lost,2,1,1
644716,258359,GX,3478,won,2,1,0
644716,258359,PCF,14419,lost,0,3,1
644717,258360,EF,6392,won,1,1,0
644717,258360,BBL,397,lost,1,2,1
644717,258361,EF,6392,won,1,2,0
644717,258361,BBL,397,lost,1,1,0
644718,258363,FNC,2593,won,2,2,1
644718,258363,VIT,2059,lost,0,3,0
644718,258364,FNC,2593,won,2,4,2
644718,258364,VIT,2059,lost,0,3,1
644719,258366,TL,1001,won,1,3,2
644719,258366,TH,474,lost,1,4,0
644719,258367,TL,1001,won,2,0,0
644719,258367,TH,474,lost,0,4,1
644720,258369,NAVI,1184,won,2,1,0
644720,258369,FUT,4915,lost,0,3,2
644720,258370,FUT,4915,won,1,3,1
644720,258370,NAVI,1184,lost,1,1,0
644720,258371,FUT,4915,won,1,1,0
644720,258371,NAVI,1184,lost,1,2,0
644721,258372,M8,8877,won,2,2,0
644721,258372,KC,12694,lost,0,3,0
644721,258373,KC,12694,won,2,2,1
644721,258373,M8,8877,lost,0,4,0
644721,258374,M8,8877,won,0,2,1
644721,258374,KC,12694,lost,2,3,0
644722,258375,GX,14419,won,1,2,0
644722,258375,BBL,397,lost,1,1,0
644722,258376,BBL,397,won,0,2,1
644722,258376,GX,14419,lost,2,1,1
644722,264326,GX,14419,won,1,3,0
644722,264326,BBL,397,lost,1,2,0
644723,258378,M8,12694,won,1,2,0
644723,258378,NAVI,4915,lost,1,2,0
644723,258379,M8,12694,won,1,1,0
644723,258379,NAVI,4915,lost,1,1,0
644724,258381,EF,6392,won,2,2,0
644724,258381,VIT,2059,lost,0,2,0
644724,258382,EF,6392,won,1,3,1
644724,258382,VIT,2059,lost,1,2,0
644725,258384,KC,1001,won,1,2,1
644725,258384,TH,8877,lost,1,4,2
644725,258385,TH,8877,won,2,0,0
644725,258385,KC,1001,lost,0,3,0
644725,258386,TH,8877,won,1,2,0
644725,258386,KC,1001,lost,1,3,1
644726,258387,FUT,474,won,0,4,0
644726,258387,TL,1184,lost,2,0,0
644726,258388,FUT,474,won,1,3,1
644726,258388,TL,1184,lost,1,3,1
644727,258390,FNC,2593,won,1,2,0
644727,258390,PCF,3478,lost,1,1,0
644727,258391,FNC,2593,won,1,1,0
644727,258391,PCF,3478,lost,1,3,0
644728,258393,PCF,6392,won,0,3,1
644728,258393,EF,3478,lost,2,2,0
644728,258394,EF,3478,won,2,1,0
644728,258394,PCF,6392,lost,0,4,1
644728,258395,EF,3478,won,1,3,0
644728,258395,PCF,6392,lost,1,3,0
644729,258396,TL,4915,won,1,1,0
644729,258396,NAVI,474,lost,1,2,1
644729,258397,NAVI,474,won,2,2,0
644729,258397,TL,4915,lost,0,4,0
644729,258398,TL,4915,won,2,1,0
644729,258398,NAVI,474,lost,0,3,0
644730,258399,GX,14419,won,2,0,0
644730,258399,FNC,2593,lost,0,3,0
644730,258400,FNC,2593,won,1,2,0
644730,258400,GX,14419,lost,1,2,1
644730,258401,FNC,2593,won,0,2,1
644730,258401,GX,14419,lost,2,3,1
644731,258402,KC,8877,won,1,1,0
644731,258402,FUT,1184,lost,1,3,1
644731,258403,FUT,1184,won,2,2,1
644731,258403,KC,8877,lost,0,3,0
644731,258404,FUT,1184,won,1,1,0
644731,258404,KC,8877,lost,1,2,0
644732,258405,TH,1001,won,2,0,0
644732,258405,M8,12694,lost,0,4,0
644732,258406,TH,1001,won,1,2,1
644732,258406,M8,12694,lost,1,3,0
644733,258408,VIT,397,won,1,1,0
644733,258408,BBL,2059,lost,1,3,0
644733,258409,BBL,2059,won,1,2,0
644733,258409,VIT,397,lost,1,1,0
644733,258410,BBL,2059,won,1,2,0
644733,258410,VIT,397,lost,1,2,0
644734,258411,TH,1001,won,1,4,2
644734,258411,FUT,1184,lost,1,3,0
644734,258412,TH,1001,won,1,1,1
644734,258412,FUT,1184,lost,1,1,0
644735,258414,VIT,2059,won,1,2,1
644735,258414,PCF,3478,lost,1,3,0
644735,258415,VIT,2059,won,2,0,0
644735,258415,PCF,3478,lost,0,4,0
644736,258417,NAVI,8877,won,0,3,1
644736,258417,KC,4915,lost,2,2,0
644736,258418,NAVI,8877,won,1,2,0
644736,258418,KC,4915,lost,1,3,0
644737,258420,FNC,2593,won,2,0,0
644737,258420,BBL,397,lost,0,4,0
644737,258421,FNC,2593,won,2,0,0
644737,258421,BBL,397,lost,0,4,0
644738,258423,EF,6392,won,1,2,0
644738,258423,GX,14419,lost,1,1,0
644738,258424,EF,6392,won,0,3,1
644738,258424,GX,14419,lost,2,3,0
644739,258426,TL,474,won,1,2,0
644739,258426,M8,12694,lost,1,3,1
644739,258427,TL,474,won,1,1,0
644739,258427,M8,12694,lost,1,3,1
660381,265462,TH,6392,won,0,2,0
660381,265462,EF,1001,lost,2,4,0
660381,265463,EF,1001,won,1,1,0
660381,265463,TH,6392,lost,1,4,0
660381,265464,EF,1001,won,2,0,0
660381,265464,TH,6392,lost,0,3,0
660382,265465,VIT,474,won,1,1,0
660382,265465,TL,2059,lost,1,1,0
660382,265466,TL,2059,won,1,3,0
660382,265466,VIT,474,lost,1,1,1
660382,265467,VIT,474,won,1,1,0
660382,265467,TL,2059,lost,1,3,0
660383,265468,EF,1184,won,2,2,1
660383,265468,FUT,6392,lost,0,3,1
660383,265469,FUT,6392,won,2,0,0
660383,265469,EF,1184,lost,0,2,0
660383,265470,FUT,6392,won,2,2,1
660383,265470,EF,1184,lost,0,3,0
660384,265471,VIT,2059,won,2,0,0
660384,265471,FNC,2593,lost,0,3,0
660384,265472,VIT,2059,won,1,3,1
660384,265472,FNC,2593,lost,1,5,2
660387,265482,TH,397,won,1,1,1
660387,265482,BBL,1001,lost,1,1,0
660387,265483,TH,397,won,1,3,0
660387,265483,BBL,1001,lost,1,2,0
660388,265485,TL,12694,won,2,1,1
660388,265485,M8,474,lost,0,5,0
660388,265486,M8,474,won,2,0,0
660388,265486,TL,12694,lost,0,4,1
660388,265487,M8,474,won,1,1,0
660388,265487,TL,12694,lost,1,2,0
660389,265488,FNC,1001,won,0,3,1
660389,265488,TH,2593,lost,2,0,0
660389,265489,TH,2593,won,2,0,0
660389,265489,FNC,1001,lost,0,3,0
660389,265490,TH,2593,won,0,1,0
660389,265490,FNC,1001,lost,2,1,1
660390,265491,EF,12694,won,2,2,1
660390,265491,M8,6392,lost,0,3,0
660390,265492,EF,12694,won,1,1,0
660390,265492,M8,6392,lost,1,4,0
660385,265474,VIT,1184,won,0,3,0
660385,265474,FUT,2059,lost,2,2,0
660385,265475,FUT,2059,won,0,2,1
660385,265475,VIT,1184,lost,2,3,2
660385,265476,VIT,1184,won,1,2,0
660385,265476,FUT,2059,lost,1,2,0
660391,265494,EF,1001,won,1,2,0
660391,265494,TH,6392,lost,1,4,1
660391,265495,TH,6392,won,1,3,1
660391,265495,EF,1001,lost,1,4,1
660391,265496,TH,6392,won,0,4,1
660391,265496,EF,1001,lost,2,5,2
660392,265497,FUT,1184,won,2,3,0
660392,265497,TH,1001,lost,0,2,0
660392,265498,TH,1001,won,2,0,0
660392,265498,FUT,1184,lost,0,5,1
660392,265499,TH,1001,won,1,1,0
660392,265499,FUT,1184,lost,1,2,0
660392,265500,TH,1001,won,2,0,0
660392,265500,FUT,1184,lost,0,3,1
660386,265477,VIT,2059,won,1,3,1
660386,265477,TH,1001,lost,1,1,0
660386,265478,TH,1001,won,1,2,1
660386,265478,VIT,2059,lost,1,2,0
660386,269000,VIT,2059,won,1,2,1
660386,269000,TH,1001,lost,1,2,0
660386,265480,TH,1001,won,1,2,0
660386,265480,VIT,2059,lost,1,1,0
660386,265481,TH,1001,won,1,3,3
660386,265481,VIT,2059,lost,1,3,1
644652,258249,GE,17,won,1,1,0
644652,258249,GEN,918,lost,1,1,0
644652,258250,GE,17,won,2,0,0
644652,258250,GEN,918,lost,0,2,0
644653,258252,T1,14,won,0,3,1
644653,258252,VL,11229,lost,2,1,0
644653,258253,T1,14,won,2,0,0
644653,258253,VL,11229,lost,0,4,0
644654,258255,NS,624,won,1,2,0
644654,258255,PRX,11060,lost,1,3,0
644654,258256,PRX,11060,won,0,2,0
644654,258256,NS,624,lost,2,1,0
644654,258257,PRX,11060,won,2,1,0
644654,258257,NS,624,lost,0,3,0
644655,258258,FS,278,won,0,3,1
644655,258258,DFM,4050,lost,2,4,0
644655,258259,FS,278,won,1,3,1
644655,258259,DFM,4050,lost,1,2,0
644656,258261,KRX,8185,won,2,1,1
644656,258261,TS,6199,lost,0,3,0
644656,258262,KRX,8185,won,1,4,0
644656,258262,TS,6199,lost,1,2,0
644657,258264,ZETA,878,won,1,1,0
644657,258264,RRQ,5448,lost,1,3,1
644657,258265,RRQ,5448,won,1,2,0
644657,258265,ZETA,878,lost,1,3,1
644657,258266,RRQ,5448,won,1,3,0
644657,258266,ZETA,878,lost,1,2,0
644658,258267,T1,14,won,1,1,1
644658,258267,DFM,278,lost,1,3,1
644658,258268,T1,14,won,0,1,0
644658,258268,DFM,278,lost,2,2,0
644659,258270,KRX,8185,won,2,2,0
644659,258270,NS,11060,lost,0,4,1
644659,258271,NS,11060,won,0,3,0
644659,258271,KRX,8185,lost,2,2,0
644659,258272,KRX,8185,won,2,1,0
644659,258272,NS,11060,lost,0,1,0
644660,258273,GE,6199,won,1,1,0
644660,258273,TS,918,lost,1,3,0
644660,258274,GE,6199,won,1,1,1
644660,258274,TS,918,lost,1,3,0
644661,258276,RRQ,11229,won,0,3,0
644661,258276,VL,878,lost,2,2,0
644661,258277,RRQ,11229,won,1,0,0
644661,258277,VL,878,lost,1,3,0
644662,258279,FS,4050,won,1,1,0
644662,258279,ZETA,5448,lost,1,3,0
644662,258280,FS,4050,won,1,2,0
644662,258280,ZETA,5448,lost,1,3,1
644663,258282,GEN,17,won,1,3,1
644663,258282,PRX,624,lost,1,2,0
644663,258283,PRX,624,won,1,1,0
644663,258283,GEN,17,lost,1,3,0
644663,258284,GEN,17,won,2,2,2
644663,258284,PRX,624,lost,0,2,0
644665,258285,FS,4050,won,2,1,0
644665,258285,VL,11229,lost,0,3,0
644665,265130,FS,4050,won,1,3,0
644665,265130,VL,11229,lost,1,2,0
644666,258288,PRX,624,won,2,0,0
644666,258288,TS,6199,lost,0,3,0
644666,258289,PRX,624,won,0,2,1
644666,258289,TS,6199,lost,2,2,0
644667,258291,KRX,8185,won,0,2,1
644667,258291,GE,918,lost,2,3,0
644667,258292,KRX,8185,won,0,3,1
644667,258292,GE,918,lost,2,1,0
644668,258294,ZETA,5448,won,1,3,0
644668,258294,DFM,278,lost,1,2,0
644668,258295,DFM,278,won,2,0,0
644668,258295,ZETA,5448,lost,0,4,0
644668,258296,DFM,278,won,2,1,0
644668,258296,ZETA,5448,lost,0,4,0
644669,258297,T1,14,won,0,2,2
644669,258297,RRQ,878,lost,2,4,1
644669,258298,T1,14,won,1,3,1
644669,258298,RRQ,878,lost,1,2,0
644670,258300,NS,11060,won,2,2,1
644670,258300,GEN,17,lost,0,2,0
644670,258301,NS,11060,won,2,0,0
644670,258301,GEN,17,lost,0,4,1
644671,258303,FS,4050,won,2,1,0
644671,258303,RRQ,878,lost,0,4,1
644671,258304,RRQ,878,won,1,4,0
644671,258304,FS,4050,lost,1,2,0
644671,258305,RRQ,878,won,1,0,0
644671,258305,FS,4050,lost,1,1,0
644672,258306,PRX,918,won,2,0,0
644672,258306,GE,624,lost,0,2,1
644672,258307,PRX,918,won,1,2,0
644672,258307,GE,624,lost,1,3,0
644673,258309,GEN,17,won,2,1,0
644673,258309,KRX,8185,lost,0,3,0
644673,258310,KRX,8185,won,2,1,0
644673,258310,GEN,17,lost,0,5,1
644673,258311,KRX,8185,won,1,1,0
644673,258311,GEN,17,lost,1,3,1
644674,258312,DFM,278,won,0,3,0
644674,258312,VL,11229,lost,2,2,2
644674,258313,VL,11229,won,0,2,1
644674,258313,DFM,278,lost,2,2,0
644674,258314,DFM,278,won,1,2,0
644674,258314,VL,11229,lost,1,2,0
644675,258315,T1,14,won,1,2,1
644675,258315,ZETA,5448,lost,1,5,1
644675,258316,T1,14,won,0,3,1
644675,258316,ZETA,5448,lost,2,3,0
644676,258318,NS,11060,won,2,0,0
644676,258318,TS,6199,lost,0,4,1
644676,258319,TS,6199,won,1,2,1
644676,258319,NS,11060,lost,1,4,1
644676,258320,NS,11060,won,1,2,1
644676,258320,TS,6199,lost,1,2,0
644677,258321,TS,17,won,1,1,0
644677,258321,GEN,6199,lost,1,1,0
644677,258322,GEN,6199,won,0,2,0
644677,258322,TS,17,lost,2,4,1
644677,258323,TS,17,won,1,2,1
644677,258323,GEN,6199,lost,1,3,1
644678,258324,VL,11229,won,1,2,0
644678,258324,ZETA,5448,lost,1,3,1
644678,258325,ZETA,5448,won,2,1,0
644678,258325,VL,11229,lost,0,4,0
644678,258326,ZETA,5448,won,1,3,1
644678,258326,VL,11229,lost,1,2,1
644679,258327,T1,14,won,2,1,0
644679,258327,FS,4050,lost,0,3,0
644679,258328,FS,4050,won,1,3,1
644679,258328,T1,14,lost,1,2,0
644679,258329,T1,14,won,1,1,0
644679,258329,FS,4050,lost,1,2,0
644680,258330,GE,918,won,1,1,0
644680,258330,NS,11060,lost,1,2,1
644680,258331,NS,11060,won,0,4,1
644680,258331,GE,918,lost,2,2,0
644680,258332,GE,918,won,0,4,0
644680,258332,NS,11060,lost,2,3,0
644681,258333,PRX,624,won,1,2,0
644681,258333,KRX,8185,lost,1,2,0
644681,258334,PRX,624,won,0,2,0
644681,258334,KRX,8185,lost,2,2,0
644682,258336,DFM,878,won,2,2,0
644682,258336,RRQ,278,lost,0,4,1
644682,258337,RRQ,278,won,1,3,0
644682,258337,DFM,878,lost,1,1,0
644682,258338,RRQ,278,won,0,2,0
644682,258338,DFM,878,lost,2,3,0
666488,266840,GE,878,won,1,2,1
666488,266840,RRQ,918,lost,1,4,0
666488,266841,GE,878,won,1,1,0
666488,266841,RRQ,918,lost,1,2,0
666489,266843,FS,8185,won,1,2,0
666489,266843,KRX,4050,lost,1,5,1
666489,266844,FS,8185,won,2,1,0
666489,266844,KRX,4050,lost,0,3,0
666490,266846,GE,624,won,1,2,0
666490,266846,PRX,918,lost,1,3,0
666490,266847,PRX,918,won,0,1,1
666490,266847,GE,624,lost,2,2,0
666490,266848,GE,624,won,1,1,0
666490,266848,PRX,918,lost,1,3,0
666491,266849,FS,4050,won,1,2,0
666491,266849,T1,14,lost,1,2,1
666491,266850,FS,4050,won,1,1,0
666491,266850,T1,14,lost,1,3,0
666494,266860,DFM,878,won,1,2,1
666494,266860,RRQ,278,lost,1,4,0
666494,266861,RRQ,278,won,1,2,0
666494,266861,DFM,878,lost,1,2,0
666494,266862,RRQ,278,won,1,1,0
666494,266862,DFM,878,lost,1,2,1
666495,266863,NS,8185,won,2,1,0
666495,266863,KRX,11060,lost,0,4,1
666495,266864,KRX,11060,won,2,2,1
666495,266864,NS,8185,lost,0,2,0
666495,266865,KRX,11060,won,2,2,0
666495,266865,NS,8185,lost,0,3,0
666496,266866,T1,14,won,2,0,0
666496,266866,RRQ,878,lost,0,4,0
666496,266867,RRQ,878,won,1,2,1
666496,266867,T1,14,lost,1,4,1
666496,266868,T1,14,won,0,2,1
666496,266868,RRQ,878,lost,2,2,0
666497,266869,PRX,8185,won,2,0,0
666497,266869,KRX,624,lost,0,3,0
666497,266870,KRX,624,won,2,1,1
666497,266870,PRX,8185,lost,0,1,1
666497,266871,PRX,8185,won,2,0,0
666497,266871,KRX,624,lost,0,3,0
666492,266852,FS,918,won,2,1,0
666492,266852,GE,4050,lost,0,3,1
666492,266853,FS,918,won,1,2,0
666492,266853,GE,4050,lost,1,1,0
666498,266872,PRX,624,won,1,2,1
666498,266872,T1,14,lost,1,3,2
666498,266873,T1,14,won,2,0,0
666498,266873,PRX,624,lost,0,3,0
666498,266874,PRX,624,won,1,3,0
666498,266874,T1,14,lost,1,4,1
666499,266875,PRX,624,won,1,1,0
666499,266875,GE,918,lost,1,2,0
666499,266876,PRX,624,won,1,2,2
666499,266876,GE,918,lost,1,5,1
666499,266877,PRX,624,won,1,2,0
666499,266877,GE,918,lost,1,2,0
666493,266855,PRX,624,won,0,4,1
666493,266855,FS,4050,lost,2,1,0
666493,266856,PRX,624,won,0,2,0
666493,266856,FS,4050,lost,2,0,0
666493,266857,PRX,624,won,1,3,1
666493,266857,FS,4050,lost,1,1,0
625788,254143,M8,1120,won,1,3,1
625788,254143,EDG,12694,lost,1,3,0
625788,254144,M8,1120,won,0,2,1
625788,254144,EDG,12694,lost,2,3,2
625791,254152,NRG,1034,won,2,0,0
625791,254152,XLG,13581,lost,0,2,0
625791,254153,NRG,1034,won,1,3,0
625791,254153,XLG,13581,lost,1,3,1
625790,254149,PRX,11058,won,1,4,1
625790,254149,G2,624,lost,1,2,1
625790,254150,PRX,11058,won,1,1,0
625790,254150,G2,624,lost,1,3,0
625789,254146,TL,474,won,1,2,1
625789,254146,T1,14,lost,1,2,1
625789,254147,TL,474,won,0,1,0
625789,254147,T1,14,lost,2,2,1
626529,254342,PRX,624,won,1,2,0
626529,254342,NRG,1034,lost,1,3,1
626529,254343,NRG,1034,won,0,3,0
626529,254343,PRX,624,lost,2,1,0
626529,254344,PRX,624,won,0,2,0
626529,254344,NRG,1034,lost,2,2,0
626530,254345,M8,12694,won,1,4,0
626530,254345,TL,474,lost,1,1,0
626530,254346,M8,12694,won,1,1,1
626530,254346,TL,474,lost,1,1,0
626532,254348,T1,14,won,2,0,0
626532,254348,EDG,1120,lost,0,2,0
626532,254349,T1,14,won,0,3,1
626532,254349,EDG,1120,lost,2,3,1
626533,254351,G2,11058,won,1,2,0
626533,254351,XLG,13581,lost,1,2,0
626533,254352,G2,11058,won,1,1,0
626533,254352,XLG,13581,lost,1,3,1
626535,254357,NRG,1034,won,1,3,0
626535,254357,TL,474,lost,1,2,1
626535,254358,NRG,1034,won,2,1,0
626535,254358,TL,474,lost,0,2,0
626534,254354,G2,11058,won,1,2,0
626534,254354,T1,14,lost,1,4,1
626534,254355,G2,11058,won,2,2,1
626534,254355,T1,14,lost,0,5,1
626539,254366,FUR,624,won,0,2,0
626539,254366,PRX,2406,lost,2,3,0
626539,254367,PRX,2406,won,2,0,0
626539,254367,FUR,624,lost,0,2,0
626539,254368,PRX,2406,won,2,2,0
626539,254368,FUR,624,lost,0,4,0
626537,254360,NS,12694,won,1,3,0
626537,254360,M8,11060,lost,1,1,0
626537,254361,NS,12694,won,1,1,0
626537,254361,M8,11060,lost,1,3,0
626540,254369,NRG,1034,won,2,0,0
626540,254369,BBL,397,lost,0,5,0
626540,254370,BBL,397,won,2,2,1
626540,254370,NRG,1034,lost,0,2,0
626540,254371,NRG,1034,won,0,3,1
626540,254371,BBL,397,lost,2,0,0
626538,254363,G2,11058,won,2,0,0
626538,254363,AG,1119,lost,0,3,0
626538,254364,G2,11058,won,2,2,1
626538,254364,AG,1119,lost,0,2,0
626546,254389,BBL,397,won,2,2,1
626546,254389,FUR,2406,lost,0,3,1
626546,254390,FUR,2406,won,1,5,2
626546,254390,BBL,397,lost,1,3,2
626546,254391,BBL,397,won,1,2,0
626546,254391,FUR,2406,lost,1,1,0
626545,254386,M8,12694,won,2,0,0
626545,254386,AG,1119,lost,0,5,0
626545,254387,AG,1119,won,2,0,0
626545,254387,M8,12694,lost,0,4,0
626545,254388,AG,1119,won,2,1,0
626545,254388,M8,12694,lost,0,4,0
626541,256753,G2,11060,won,2,1,1
626541,256753,NS,11058,lost,0,3,0
626541,254373,NS,11058,won,2,3,1
626541,254373,G2,11060,lost,0,3,0
626541,254374,NS,11058,won,1,2,0
626541,254374,G2,11060,lost,1,1,0
626542,254375,NRG,1034,won,1,3,0
626542,254375,PRX,624,lost,1,3,0
626542,254376,NRG,1034,won,1,4,0
626542,254376,PRX,624,lost,1,2,1
626548,254395,G2,397,won,2,2,0
626548,254395,BBL,11058,lost,0,3,0
626548,256892,G2,397,won,2,3,1
626548,256892,BBL,11058,lost,0,2,0
626547,254392,AG,624,won,1,2,1
626547,254392,PRX,1119,lost,1,1,0
626547,254393,PRX,1119,won,2,2,1
626547,254393,AG,624,lost,0,4,0
626547,254394,PRX,1119,won,0,2,1
626547,254394,AG,624,lost,2,3,0
626543,254378,NS,11060,won,1,2,0
626543,254378,NRG,1034,lost,1,2,0
626543,254379,NS,11060,won,1,2,0
626543,254379,NRG,1034,lost,1,3,0
626549,254398,G2,11058,won,1,2,1
626549,254398,PRX,624,lost,1,3,0
626549,254399,PRX,624,won,2,0,0
626549,254399,G2,11058,lost,0,3,0
626549,254400,PRX,624,won,2,0,0
626549,254400,G2,11058,lost,0,3,0
626550,254401,NRG,1034,won,2,2,1
626550,254401,PRX,624,lost,0,3,0
626550,254402,PRX,624,won,1,1,1
626550,254402,NRG,1034,lost,1,2,0
626550,254403,PRX,624,won,1,1,0
626550,254403,NRG,1034,lost,1,3,0
626550,254404,PRX,624,won,2,2,0
626550,254404,NRG,1034,lost,0,3,0
626544,254381,NS,11060,won,1,2,1
626544,254381,PRX,624,lost,1,4,1
626544,254382,NS,11060,won,2,0,0
626544,254382,PRX,624,lost,0,4,0
626544,254383,NS,11060,won,1,1,1
626544,254383,PRX,624,lost,1,2,0
596399,244778,EG,5248,won,1,3,0
596399,244778,ENVY,427,lost,1,3,0
596399,244779,ENVY,427,won,1,4,2
596399,244779,EG,5248,lost,1,4,1
596399,244780,ENVY,427,won,1,1,1
596399,244780,EG,5248,lost,1,4,1
596398,244775,C9,188,won,2,3,1
596398,244775,LOUD,6961,lost,0,2,0
596398,244776,C9,188,won,0,2,0
596398,244776,LOUD,6961,lost,2,2,0
596400,244781,KRÜ,2355,won,0,5,2
596400,244781,FUR,2406,lost,2,0,0
596400,244782,FUR,2406,won,2,2,1
596400,244782,KRÜ,2355,lost,0,2,0
596400,244783,FUR,2406,won,2,1,0
596400,244783,KRÜ,2355,lost,0,2,1
596401,244784,100T,2359,won,0,3,2
596401,244784,LEV,120,lost,2,4,0
596401,244785,LEV,120,won,2,3,0
596401,244785,100T,2359,lost,0,3,1
596401,244786,100T,2359,won,1,2,1
596401,244786,LEV,120,lost,1,3,1
596402,244787,NRG,1034,won,2,0,0
596402,244787,C9,188,lost,0,3,1
596402,244788,NRG,1034,won,1,3,1
596402,244788,C9,188,lost,1,2,0
596403,244790,MIBR,7386,won,1,2,1
596403,244790,ENVY,427,lost,1,4,0
596403,244791,MIBR,7386,won,0,4,0
596403,244791,ENVY,427,lost,2,4,0
596404,244793,FUR,2406,won,1,2,1
596404,244793,SEN,2,lost,1,4,0
596404,244794,FUR,2406,won,0,4,1
596404,244794,SEN,2,lost,2,0,0
596405,244796,G2,120,won,1,2,1
596405,244796,100T,11058,lost,1,3,0
596405,244797,100T,11058,won,2,1,0
596405,244797,G2,120,lost,0,2,0
596405,244798,G2,120,won,2,3,1
596405,244798,100T,11058,lost,0,3,0
596409,244810,LOUD,6961,won,2,1,0
596409,244810,100T,120,lost,0,4,0
596409,249108,100T,120,won,1,1,0
596409,249108,LOUD,6961,lost,1,1,0
596409,244812,100T,120,won,1,1,0
596409,244812,LOUD,6961,lost,1,3,0
596410,244813,SEN,2,won,1,2,0
596410,244813,EG,5248,lost,1,3,0
596410,244814,SEN,2,won,0,3,0
596410,244814,EG,5248,lost,2,3,1
596411,244816,KRÜ,2355,won,1,3,1
596411,244816,ENVY,427,lost,1,2,1
596411,244817,ENVY,427,won,1,0,0
596411,244817,KRÜ,2355,lost,1,2,0
596411,244818,ENVY,427,won,1,3,1
596411,244818,KRÜ,2355,lost,1,3,0
596412,244819,C9,188,won,0,2,1
596412,244819,LEV,2359,lost,2,1,0
596412,244820,C9,188,won,1,3,1
596412,244820,LEV,2359,lost,1,2,0
596413,244822,100T,120,won,1,2,1
596413,244822,SEN,2,lost,1,2,0
596413,244823,100T,120,won,0,4,2
596413,244823,SEN,2,lost,2,3,0
596414,244825,C9,188,won,1,2,0
596414,244825,ENVY,427,lost,1,2,0
596414,244826,ENVY,427,won,2,1,0
596414,244826,C9,188,lost,0,3,1
596414,244827,C9,188,won,1,2,0
596414,244827,ENVY,427,lost,1,3,1
596406,244799,NRG,1034,won,1,2,0
596406,244799,MIBR,7386,lost,1,3,0
596406,244800,MIBR,7386,won,1,2,0
596406,244800,NRG,1034,lost,1,2,0
596406,244801,MIBR,7386,won,1,2,0
596406,244801,NRG,1034,lost,1,2,0
596407,244802,FUR,2406,won,2,1,0
596407,244802,G2,11058,lost,0,3,0
596407,244803,G2,11058,won,2,0,0
596407,244803,FUR,2406,lost,0,2,0
596407,244804,FUR,2406,won,2,0,0
596407,244804,G2,11058,lost,0,3,1
596419,244842,EG,5248,won,1,1,0
596419,244842,LOUD,6961,lost,1,3,0
596419,244843,EG,5248,won,1,4,1
596419,244843,LOUD,6961,lost,1,1,0
596420,244845,LEV,2355,won,2,0,0
596420,244845,KRÜ,2359,lost,0,3,0
596420,244846,LEV,2355,won,2,2,1
596420,244846,KRÜ,2359,lost,0,3,0
596415,244828,NRG,1034,won,1,2,1
596415,244828,100T,120,lost,1,2,0
596415,244829,NRG,1034,won,1,2,1
596415,244829,100T,120,lost,1,1,0
596416,244831,G2,188,won,1,3,0
596416,244831,C9,11058,lost,1,1,0
596416,244832,G2,188,won,1,1,0
596416,244832,C9,11058,lost,1,2,1
596421,244848,EG,5248,won,2,2,0
596421,244848,ENVY,427,lost,0,3,0
596421,244849,EG,5248,won,1,1,0
596421,244849,ENVY,427,lost,1,2,0
596422,244851,LEV,2359,won,1,3,1
596422,244851,SEN,2,lost,1,1,1
596422,244852,LEV,2359,won,0,2,0
596422,244852,SEN,2,lost,2,2,0
596423,244854,100T,5248,won,1,3,0
596423,244854,EG,120,lost,1,3,0
596423,244855,100T,5248,won,1,2,0
596423,244855,EG,120,lost,1,3,0
596424,244857,C9,2359,won,0,2,1
596424,244857,LEV,188,lost,2,2,0
596424,244858,C9,2359,won,1,2,0
596424,244858,LEV,188,lost,1,2,0
596417,244834,G2,11058,won,1,2,2
596417,244834,NRG,1034,lost,1,3,1
596417,244835,G2,11058,won,1,1,0
596417,244835,NRG,1034,lost,1,3,0
596425,244860,100T,188,won,1,3,2
596425,244860,C9,120,lost,1,4,0
596425,244861,C9,120,won,2,0,0
596425,244861,100T,188,lost,0,5,1
596425,244862,100T,188,won,1,1,0
596425,244862,C9,120,lost,1,1,0
596408,244805,MIBR,7386,won,0,1,0
596408,244805,FUR,2406,lost,2,2,0
596408,244806,FUR,2406,won,1,2,1
596408,244806,MIBR,7386,lost,1,2,0
596408,244807,FUR,2406,won,1,3,2
596408,244807,MIBR,7386,lost,1,2,0
596408,244808,MIBR,7386,won,1,1,0
596408,244808,FUR,2406,lost,1,4,0
596408,244809,FUR,2406,won,2,0,0
596408,244809,MIBR,7386,lost,0,3,0
596426,244863,NRG,1034,won,2,0,0
596426,244863,100T,120,lost,0,4,1
596426,244864,NRG,1034,won,1,2,0
596426,244864,100T,120,lost,1,3,0
596418,244837,G2,11058,won,1,1,0
596418,244837,MIBR,7386,lost,1,4,0
596418,244838,G2,11058,won,2,1,0
596418,244838,MIBR,7386,lost,0,2,0
596418,244839,G2,11058,won,1,4,3
596418,244839,MIBR,7386,lost,1,2,0
596427,244866,MIBR,7386,won,1,1,0
596427,244866,NRG,1034,lost,1,3,0
596427,244867,MIBR,7386,won,1,2,1
596427,244867,NRG,1034,lost,1,2,0
596427,244868,NRG,1034,won,2,2,0
596427,244868,MIBR,7386,lost,0,3,0
596427,244869,NRG,1034,won,2,0,0
596427,244869,MIBR,7386,lost,0,3,0
596427,244870,NRG,1034,won,1,2,0
596427,244870,MIBR,7386,lost,1,1,0
594740,244304,NAVI,4915,won,2,0,0
594740,244304,KC,8877,lost,0,5,1
594740,244305,NAVI,4915,won,1,2,0
594740,244305,KC,8877,lost,1,2,0
594741,244307,M8,12694,won,1,1,0
594741,244307,FUT,1184,lost,1,3,0
594741,244308,M8,12694,won,2,1,0
594741,244308,FUT,1184,lost,0,5,2
594742,244310,BBL,3478,won,1,2,0
594742,244310,PCF,397,lost,1,3,0
594742,244311,PCF,397,won,1,2,0
594742,244311,BBL,3478,lost,1,1,0
594742,244312,BBL,3478,won,0,2,0
594742,244312,PCF,397,lost,2,2,0
594743,244313,VIT,18019,won,2,0,0
594743,244313,ULF,2059,lost,0,3,0
594743,244314,VIT,18019,won,2,0,0
594743,244314,ULF,2059,lost,0,1,0
594744,244316,NAVI,1001,won,2,0,0
594744,244316,TH,4915,lost,0,3,1
594744,244317,TH,4915,won,1,2,0
594744,244317,NAVI,1001,lost,1,3,0
594744,244318,NAVI,1001,won,2,0,0
594744,244318,TH,4915,lost,0,3,0
594745,244319,M8,14419,won,1,2,0
594745,244319,GX,12694,lost,1,2,1
594745,244320,M8,14419,won,1,4,0
594745,244320,GX,12694,lost,1,3,0
594746,244322,BBL,2593,won,1,2,0
594746,244322,FNC,397,lost,1,1,0
594746,244323,BBL,2593,won,2,1,0
594746,244323,FNC,397,lost,0,4,0
594747,244325,VIT,474,won,0,2,1
594747,244325,TL,2059,lost,2,2,0
594747,244326,TL,2059,won,1,3,0
594747,244326,VIT,474,lost,1,2,0
594747,244327,VIT,474,won,1,2,1
594747,244327,TL,2059,lost,1,3,2
594751,244339,KC,8877,won,1,0,0
594751,244339,TL,474,lost,1,1,0
594751,244340,TL,474,won,1,1,0
594751,244340,KC,8877,lost,1,2,0
594751,244341,TL,474,won,1,2,1
594751,244341,KC,8877,lost,1,3,1
594752,244342,FNC,2593,won,2,0,0
594752,244342,FUT,1184,lost,0,5,1
594752,244343,FUT,1184,won,1,3,0
594752,244343,FNC,2593,lost,1,1,0
594752,244344,FNC,2593,won,1,4,0
594752,244344,FUT,1184,lost,1,4,1
594753,244345,GX,14419,won,1,1,1
594753,244345,PCF,3478,lost,1,3,0
594753,244346,PCF,3478,won,0,5,1
594753,244346,GX,14419,lost,2,2,1
594753,244347,GX,14419,won,1,2,0
594753,244347,PCF,3478,lost,1,2,0
594754,244348,TH,1001,won,1,2,0
594754,244348,ULF,18019,lost,1,4,0
594754,244349,TH,1001,won,0,3,0
594754,244349,ULF,18019,lost,2,2,0
594748,244328,M8,4915,won,2,2,1
594748,244328,NAVI,12694,lost,0,3,1
594748,244329,M8,4915,won,1,2,1
594748,244329,NAVI,12694,lost,1,2,0
594749,244331,BBL,397,won,1,1,1
594749,244331,VIT,2059,lost,1,4,0
594749,244332,BBL,397,won,2,0,0
594749,244332,VIT,2059,lost,0,2,0
594755,244351,FNC,474,won,2,0,0
594755,244351,TL,2593,lost,0,2,0
594755,244352,FNC,474,won,1,2,0
594755,244352,TL,2593,lost,1,2,1
594756,244354,GX,14419,won,1,3,1
594756,244354,TH,1001,lost,1,3,0
594756,244355,GX,14419,won,1,1,1
594756,244355,TH,1001,lost,1,4,0
594761,244371,KC,8877,won,1,1,0
594761,244371,FUT,1184,lost,1,3,1
594761,244372,FUT,1184,won,2,2,0
594761,244372,KC,8877,lost,0,2,0
594761,244373,KC,8877,won,2,0,0
594761,244373,FUT,1184,lost,0,5,1
594762,244374,ULF,3478,won,1,1,0
594762,244374,PCF,18019,lost,1,3,0
594762,244375,ULF,3478,won,1,3,1
594762,244375,PCF,18019,lost,1,3,0
594757,244357,FNC,2593,won,2,2,0
594757,244357,NAVI,4915,lost,0,3,0
594757,244358,NAVI,4915,won,1,1,0
594757,244358,FNC,2593,lost,1,3,1
594757,244359,FNC,2593,won,1,1,0
594757,244359,NAVI,4915,lost,1,2,0
594758,244360,VIT,14419,won,2,0,0
594758,244360,GX,2059,lost,0,4,0
594758,244361,VIT,14419,won,1,4,0
594758,244361,GX,2059,lost,1,2,1
594763,252723,KC,1001,won,2,0,0
594763,252723,TH,8877,lost,0,4,0
594763,244378,TH,8877,won,1,1,0
594763,244378,KC,1001,lost,1,2,0
594763,244379,TH,8877,won,1,1,1
594763,244379,KC,1001,lost,1,2,0
594764,244380,ULF,474,won,2,2,1
594764,244380,TL,18019,lost,0,3,0
594764,252724,TL,18019,won,2,0,0
594764,252724,ULF,474,lost,0,3,0
594764,244382,TL,18019,won,2,1,0
594764,244382,ULF,474,lost,0,2,0
594765,244383,TH,4915,won,1,2,1
594765,244383,NAVI,1001,lost,1,3,0
594765,244384,TH,4915,won,2,1,0
594765,244384,NAVI,1001,lost,0,3,0
594766,244386,TL,14419,won,1,1,1
594766,244386,GX,474,lost,1,2,0
594766,244387,GX,474,won,2,2,0
594766,244387,TL,14419,lost,0,2,0
594766,244388,TL,14419,won,0,2,0
594766,244388,GX,474,lost,2,1,0
594767,244389,TL,1001,won,0,4,2
594767,244389,TH,474,lost,2,2,0
594767,244390,TL,1001,won,1,1,0
594767,244390,TH,474,lost,1,1,0
594759,244363,FNC,2059,won,2,0,0
594759,244363,VIT,2593,lost,0,4,0
594759,244364,FNC,2059,won,2,0,0
594759,244364,VIT,2593,lost,0,3,0
594750,244334,M8,397,won,0,4,0
594750,244334,BBL,12694,lost,2,2,0
594750,244335,BBL,12694,won,0,5,1
594750,244335,M8,397,lost,2,0,0
594750,244336,BBL,12694,won,1,2,1
594750,244336,M8,397,lost,1,4,0
594750,244337,M8,397,won,2,0,0
594750,244337,BBL,12694,lost,0,4,0
594750,244338,BBL,12694,won,1,1,0
594750,244338,M8,397,lost,1,4,1
594768,244392,VIT,2059,won,1,2,0
594768,244392,TL,474,lost,1,2,0
594768,244393,TL,474,won,2,0,0
594768,244393,VIT,2059,lost,0,5,0
594768,244394,TL,474,won,2,1,1
594768,244394,VIT,2059,lost,0,4,0
594760,244366,FNC,2593,won,1,2,0
594760,244366,M8,12694,lost,1,1,0
594760,244367,FNC,2593,won,0,3,1
594760,244367,M8,12694,lost,2,2,0
594760,244368,M8,12694,won,1,3,3
594760,244368,FNC,2593,lost,1,2,2
594760,244369,M8,12694,won,2,3,0
594760,244369,FNC,2593,lost,0,2,1
594760,244370,M8,12694,won,1,2,1
594760,244370,FNC,2593,lost,1,2,1
594769,244395,TL,474,won,1,1,0
594769,244395,FNC,2593,lost,1,3,0
594769,244396,TL,474,won,1,1,0
594769,244396,FNC,2593,lost,1,2,0
594769,244397,TL,474,won,1,3,2
594769,244397,FNC,2593,lost,1,2,0
595630,244560,NS,6199,won,2,0,0
595630,244560,TS,11060,lost,0,4,0
595630,244561,NS,6199,won,1,3,1
595630,244561,TS,11060,lost,1,1,0
595631,244563,FS,5448,won,1,1,0
595631,244563,ZETA,4050,lost,1,3,0
595631,244564,FS,5448,won,2,0,0
595631,244564,ZETA,4050,lost,0,3,0
595632,248947,GE,918,won,1,2,2
595632,248947,VL,11229,lost,1,3,0
595632,244567,GE,918,won,2,0,0
595632,244567,VL,11229,lost,0,5,1
595633,244569,DFM,17,won,1,3,1
595633,244569,GEN,278,lost,1,3,0
595633,244570,DFM,17,won,2,1,1
595633,244570,GEN,278,lost,0,3,1
595634,249401,T1,14,won,1,2,0
595634,249401,NS,11060,lost,1,3,1
595634,244573,NS,11060,won,2,1,0
595634,244573,T1,14,lost,0,4,0
595634,244574,NS,11060,won,2,1,1
595634,244574,T1,14,lost,0,3,0
595635,244575,KRX,4050,won,2,2,1
595635,244575,FS,8185,lost,0,4,0
595635,244576,FS,8185,won,1,1,0
595635,244576,KRX,4050,lost,1,5,2
595635,244577,FS,8185,won,1,1,0
595635,244577,KRX,4050,lost,1,5,1
595636,244578,PRX,918,won,1,2,1
595636,244578,GE,624,lost,1,2,1
595636,244579,GE,624,won,1,1,0
595636,244579,PRX,918,lost,1,2,0
595636,244580,PRX,918,won,1,3,0
595636,244580,GE,624,lost,1,4,1
595637,244581,RRQ,278,won,1,1,0
595637,244581,DFM,878,lost,1,3,0
595637,244582,RRQ,278,won,1,2,1
595637,244582,DFM,878,lost,1,2,0
595641,244595,DFM,278,won,2,0,0
595641,244595,TS,6199,lost,0,2,1
595641,251314,DFM,278,won,0,3,1
595641,251314,TS,6199,lost,2,1,0
595642,244598,GE,918,won,0,4,0
595642,244598,ZETA,5448,lost,2,3,0
595642,244599,GE,918,won,1,3,1
595642,244599,ZETA,5448,lost,1,3,1
595643,244601,VL,11229,won,0,2,1
595643,244601,KRX,8185,lost,2,1,0
595643,244602,KRX,8185,won,2,1,0
595643,244602,VL,11229,lost,0,2,0
595643,244603,KRX,8185,won,0,2,0
595643,244603,VL,11229,lost,2,1,0
595644,244604,GEN,17,won,1,2,1
595644,244604,T1,14,lost,1,3,0
595644,244605,T1,14,won,2,1,0
595644,244605,GEN,17,lost,0,3,1
595644,244606,T1,14,won,1,1,0
595644,244606,GEN,17,lost,1,1,0
595638,244584,NS,4050,won,1,1,1
595638,244584,FS,11060,lost,1,3,2
595638,244585,NS,4050,won,2,0,0
595638,244585,FS,11060,lost,0,3,0
595639,244587,RRQ,878,won,2,2,1
595639,244587,PRX,624,lost,0,4,1
595639,244588,RRQ,878,won,1,1,0
595639,244588,PRX,624,lost,1,4,0
595645,244607,GE,278,won,2,0,0
595645,244607,DFM,918,lost,0,2,0
595645,244608,DFM,918,won,1,1,0
595645,244608,GE,278,lost,1,4,0
595645,244609,DFM,918,won,2,1,1
595645,244609,GE,278,lost,0,4,0
595646,244610,T1,14,won,1,2,1
595646,244610,KRX,8185,lost,1,1,0
595646,244611,T1,14,won,0,2,1
595646,244611,KRX,8185,lost,2,2,0
595651,244627,TS,5448,won,2,1,0
595651,244627,ZETA,6199,lost,0,3,0
595651,244628,ZETA,6199,won,1,2,1
595651,244628,TS,5448,lost,1,3,0
595651,244629,ZETA,6199,won,2,1,0
595651,244629,TS,5448,lost,0,3,0
595652,244630,GEN,11229,won,2,3,2
595652,244630,VL,17,lost,0,5,3
595652,244631,VL,17,won,0,3,0
595652,244631,GEN,11229,lost,2,3,1
595652,244632,GEN,11229,won,1,3,0
595652,244632,VL,17,lost,1,3,1
595647,244613,FS,278,won,1,1,0
595647,244613,DFM,4050,lost,1,2,0
595647,244614,DFM,4050,won,1,1,0
595647,244614,FS,278,lost,1,4,0
595647,244615,DFM,4050,won,2,2,0
595647,244615,FS,278,lost,0,4,1
595648,244616,PRX,624,won,0,3,1
595648,244616,T1,14,lost,2,2,0
595648,244617,T1,14,won,1,2,0
595648,244617,PRX,624,lost,1,3,0
595648,244618,T1,14,won,1,1,0
595648,244618,PRX,624,lost,1,3,0
595653,244633,KRX,5448,won,1,2,1
595653,244633,ZETA,8185,lost,1,4,0
595653,244634,ZETA,8185,won,2,0,0
595653,244634,KRX,5448,lost,0,4,0
595653,244635,KRX,5448,won,1,4,0
595653,244635,ZETA,8185,lost,1,2,0
595654,244636,GEN,918,won,0,4,1
595654,244636,GE,17,lost,2,1,0
595654,244637,GE,17,won,1,3,0
595654,244637,GEN,918,lost,1,2,0
595654,244638,GE,17,won,2,2,0
595654,244638,GEN,918,lost,0,4,1
595655,244639,KRX,8185,won,2,1,1
595655,244639,FS,4050,lost,0,3,0
595655,244640,KRX,8185,won,1,1,0
595655,244640,FS,4050,lost,1,2,0
595656,244642,PRX,918,won,2,1,0
595656,244642,GE,624,lost,0,3,0
595656,244643,GE,624,won,2,1,0
595656,244643,PRX,918,lost,0,2,0
595656,244644,PRX,918,won,2,1,0
595656,244644,GE,624,lost,0,4,1
595657,244645,PRX,8185,won,2,0,0
595657,244645,KRX,624,lost,0,4,0
595657,244646,KRX,624,won,2,2,0
595657,244646,PRX,8185,lost,0,5,0
595657,244647,PRX,8185,won,1,2,0
595657,244647,KRX,624,lost,1,4,1
595649,244619,T1,14,won,1,2,0
595649,244619,DFM,278,lost,1,3,1
595649,244620,T1,14,won,2,1,0
595649,244620,DFM,278,lost,0,4,2
595640,244590,RRQ,11060,won,1,4,1
595640,244590,NS,878,lost,1,3,1
595640,244591,NS,878,won,1,2,0
595640,244591,RRQ,11060,lost,1,2,0
595640,244592,NS,878,won,1,1,1
595640,244592,RRQ,11060,lost,1,3,0
595640,244593,RRQ,11060,won,0,4,1
595640,244593,NS,878,lost,2,1,0
595640,244594,NS,878,won,1,4,1
595640,244594,RRQ,11060,lost,1,2,0
595658,244648,PRX,278,won,0,3,0
595658,244648,DFM,624,lost,2,2,0
595658,244649,PRX,278,won,2,0,0
595658,244649,DFM,624,lost,0,2,0
595650,244622,T1,14,won,2,1,0
595650,244622,RRQ,878,lost,0,4,2
595650,244623,T1,14,won,2,0,0
595650,244623,RRQ,878,lost,0,4,1
595650,244624,T1,14,won,2,3,0
595650,244624,RRQ,878,lost,0,3,0
595659,244651,PRX,878,won,1,3,0
595659,244651,RRQ,624,lost,1,3,0
595659,244652,RRQ,624,won,2,3,1
595659,244652,PRX,878,lost,0,3,1
595659,244653,PRX,878,won,2,1,0
595659,244653,RRQ,624,lost,0,5,3
595659,244654,PRX,878,won,2,2,0
595659,244654,RRQ,624,lost,0,4,2
542195,233397,PRX,13581,won,1,2,1
542195,233397,XLG,624,lost,1,2,0
542195,233398,PRX,13581,won,2,1,0
542195,233398,XLG,624,lost,0,4,0
542196,233400,SEN,14419,won,1,1,0
542196,233400,GX,2,lost,1,3,0
542196,233401,GX,2,won,1,2,1
542196,233401,SEN,14419,lost,1,1,1
542196,233402,GX,2,won,1,2,0
542196,233402,SEN,14419,lost,1,2,0
542207,233430,NRG,1034,won,0,3,0
542207,233430,EDG,1120,lost,2,2,0
542207,233431,NRG,1034,won,1,2,0
542207,233431,EDG,1120,lost,1,2,0
542205,233427,KRX,474,won,2,0,0
542205,233427,TL,8185,lost,0,3,1
542205,233428,KRX,474,won,1,3,1
542205,233428,TL,8185,lost,1,2,1
542212,233445,T1,14,won,0,3,0
542212,233445,DRG,11981,lost,2,2,0
542212,233446,T1,14,won,2,4,2
542212,233446,DRG,11981,lost,0,3,1
542211,233442,TH,11058,won,2,2,0
542211,233442,G2,1001,lost,0,5,1
542211,233443,TH,11058,won,1,2,0
542211,233443,G2,1001,lost,1,1,1
542200,233412,MIBR,7386,won,2,0,0
542200,233412,BLG,12010,lost,0,2,0
542200,233413,MIBR,7386,won,2,1,1
542200,233413,BLG,12010,lost,0,2,1
542201,233415,FNC,878,won,2,1,0
542201,233415,RRQ,2593,lost,0,3,0
542201,233416,FNC,878,won,1,2,0
542201,233416,RRQ,2593,lost,1,4,0
542197,233403,GX,624,won,0,2,1
542197,233403,PRX,14419,lost,2,3,0
542197,233404,PRX,14419,won,1,1,0
542197,233404,GX,624,lost,1,4,1
542197,233405,PRX,14419,won,2,0,0
542197,233405,GX,624,lost,0,3,1
542208,233433,KRX,8185,won,2,0,0
542208,233433,NRG,1034,lost,0,3,0
542208,233434,NRG,1034,won,1,2,0
542208,233434,KRX,8185,lost,1,1,1
542208,233435,NRG,1034,won,1,2,0
542208,233435,KRX,8185,lost,1,3,0
542213,233448,TH,1001,won,1,2,1
542213,233448,T1,14,lost,1,4,0
542213,233449,TH,1001,won,0,2,0
542213,233449,T1,14,lost,2,1,0
542202,233418,MIBR,7386,won,1,1,0
542202,233418,FNC,2593,lost,1,2,0
542202,233419,FNC,2593,won,1,3,1
542202,233419,MIBR,7386,lost,1,2,0
542202,233420,FNC,2593,won,2,2,1
542202,233420,MIBR,7386,lost,0,3,0
542209,233436,EDG,1120,won,2,0,0
542209,233436,TL,474,lost,0,2,0
542209,233437,TL,474,won,1,1,0
542209,233437,EDG,1120,lost,1,3,0
542209,233438,TL,474,won,0,4,1
542209,233438,EDG,1120,lost,2,1,1
542198,233406,SEN,2,won,2,1,0
542198,233406,XLG,13581,lost,0,2,1
542198,233407,XLG,13581,won,0,3,0
542198,233407,SEN,2,lost,2,1,0
542198,233408,XLG,13581,won,1,2,1
542198,233408,SEN,2,lost,1,2,1
542203,233421,BLG,878,won,2,0,0
542203,233421,RRQ,12010,lost,0,3,0
542203,233422,RRQ,12010,won,1,3,1
542203,233422,BLG,878,lost,1,2,0
542203,233423,RRQ,12010,won,1,1,0
542203,233423,BLG,878,lost,1,1,0
542214,233451,G2,11981,won,1,1,1
542214,233451,DRG,11058,lost,1,3,0
542214,233452,G2,11981,won,2,1,0
542214,233452,DRG,11058,lost,0,5,0
542210,233439,KRX,474,won,1,1,0
542210,233439,TL,8185,lost,1,2,0
542210,233440,KRX,474,won,2,2,0
542210,233440,TL,8185,lost,0,2,0
542199,233409,GX,13581,won,1,4,1
542199,233409,XLG,14419,lost,1,1,0
542199,233410,GX,13581,won,2,1,1
542199,233410,XLG,14419,lost,0,2,0
542215,233454,G2,11058,won,1,1,0
542215,233454,T1,14,lost,1,1,0
542215,233455,G2,11058,won,2,0,0
542215,233455,T1,14,lost,0,6,2
542204,233424,MIBR,7386,won,2,0,0
542204,233424,RRQ,878,lost,0,3,0
542204,233425,MIBR,7386,won,2,0,0
542204,233425,RRQ,878,lost,0,3,0
542265,233460,PRX,624,won,0,2,1
542265,233460,G2,11058,lost,2,3,1
542265,233461,G2,11058,won,0,3,1
542265,233461,PRX,624,lost,2,1,1
542265,233462,PRX,624,won,2,0,0
542265,233462,G2,11058,lost,0,5,0
542264,233457,FNC,8185,won,2,2,0
542264,233457,KRX,2593,lost,0,5,1
542264,233458,KRX,2593,won,0,3,0
542264,233458,FNC,8185,lost,2,1,0
542264,233459,FNC,8185,won,1,1,0
542264,233459,KRX,2593,lost,1,1,0
542266,233463,MIBR,7386,won,1,2,0
542266,233463,TH,1001,lost,1,3,0
542266,233464,MIBR,7386,won,1,0,0
542266,233464,TH,1001,lost,1,2,0
542267,233466,NRG,1034,won,2,0,0
542267,233466,GX,14419,lost,0,4,0
542267,233467,NRG,1034,won,0,2,1
542267,233467,GX,14419,lost,2,3,0
542273,233483,G2,8185,won,0,1,0
542273,233483,KRX,11058,lost,2,3,0
542273,233484,KRX,11058,won,1,2,0
542273,233484,G2,8185,lost,1,2,0
542273,233485,KRX,11058,won,1,1,0
542273,233485,G2,8185,lost,1,3,1
542274,233486,TH,14419,won,1,1,1
542274,233486,GX,1001,lost,1,4,1
542274,233487,GX,1001,won,2,1,0
542274,233487,TH,14419,lost,0,2,1
542274,233488,TH,14419,won,1,5,3
542274,233488,GX,1001,lost,1,1,0
542268,233469,PRX,2593,won,2,1,0
542268,233469,FNC,624,lost,0,3,0
542268,233470,FNC,624,won,1,1,1
542268,233470,PRX,2593,lost,1,3,0
542268,233471,FNC,624,won,2,1,0
542268,233471,PRX,2593,lost,0,2,1
542269,233472,NRG,1034,won,1,2,0
542269,233472,MIBR,7386,lost,1,1,0
542269,233473,MIBR,7386,won,2,0,0
542269,233473,NRG,1034,lost,0,3,0
542269,233474,NRG,1034,won,0,3,1
542269,233474,MIBR,7386,lost,2,2,0
542277,233492,PRX,1001,won,1,2,0
542277,233492,TH,624,lost,1,4,1
542277,233493,TH,624,won,1,3,2
542277,233493,PRX,1001,lost,1,3,0
542277,233494,PRX,1001,won,1,1,0
542277,233494,TH,624,lost,1,2,0
542276,233489,MIBR,7386,won,1,3,0
542276,233489,KRX,8185,lost,1,2,0
542276,233490,KRX,8185,won,0,4,2
542276,233490,MIBR,7386,lost,2,3,2
542276,233491,KRX,8185,won,2,1,1
542276,233491,MIBR,7386,lost,0,3,0
542270,233475,NRG,1034,won,1,2,0
542270,233475,FNC,2593,lost,1,2,1
542270,233476,NRG,1034,won,1,2,1
542270,233476,FNC,2593,lost,1,3,0
542278,233495,KRX,8185,won,1,2,0
542278,233495,PRX,624,lost,1,3,0
542278,233496,KRX,8185,won,2,1,0
542278,233496,PRX,624,lost,0,3,0
542279,233498,KRX,8185,won,1,1,0
542279,233498,FNC,2593,lost,1,2,0
542279,233499,FNC,2593,won,1,1,0
542279,233499,KRX,8185,lost,1,4,0
542279,233500,FNC,2593,won,0,2,1
542279,233500,KRX,8185,lost,2,1,0
542279,233501,FNC,2593,won,1,1,0
542279,233501,KRX,8185,lost,1,3,0
542272,233478,NRG,1034,won,1,1,0
542272,233478,FNC,2593,lost,1,2,0
542272,233479,NRG,1034,won,1,1,0
542272,233479,FNC,2593,lost,1,3,1
542272,233480,FNC,2593,won,1,1,0
542272,233480,NRG,1034,lost,1,3,0
542272,233481,FNC,2593,won,1,3,1
542272,233481,NRG,1034,lost,1,2,0
542272,233482,NRG,1034,won,0,2,0
542272,233482,FNC,2593,lost,2,3,0
509801,224713,C9,2406,won,1,0,0
509801,224713,FUR,188,lost,1,3,0
509801,224714,C9,2406,won,2,0,0
509801,224714,FUR,188,lost,0,3,0
509802,224716,LEV,2359,won,2,2,1
509802,224716,LOUD,6961,lost,0,2,1
509802,224717,LOUD,6961,won,2,2,1
509802,224717,LEV,2359,lost,0,3,0
509802,224718,LOUD,6961,won,0,3,2
509802,224718,LEV,2359,lost,2,2,0
509803,224719,2G,5248,won,1,2,1
509803,224719,EG,15072,lost,1,2,0
509803,224720,EG,15072,won,2,0,0
509803,224720,2G,5248,lost,0,2,0
509803,224721,EG,15072,won,0,4,2
509803,224721,2G,5248,lost,2,0,0
509804,224722,MIBR,7386,won,2,1,0
509804,224722,KRÜ,2355,lost,0,2,0
509804,224723,KRÜ,2355,won,2,0,0
509804,224723,MIBR,7386,lost,0,2,0
509804,224724,KRÜ,2355,won,2,2,2
509804,224724,MIBR,7386,lost,0,4,1
509805,224725,100T,120,won,1,3,0
509805,224725,NRG,1034,lost,1,2,0
509805,224726,100T,120,won,1,1,0
509805,224726,NRG,1034,lost,1,1,0
509806,224728,SEN,2,won,1,1,0
509806,224728,G2,11058,lost,1,4,0
509806,224729,G2,11058,won,2,1,1
509806,224729,SEN,2,lost,0,4,0
509806,224730,SEN,2,won,0,4,1
509806,224730,G2,11058,lost,2,2,1
509807,224731,G2,11058,won,1,1,0
509807,224731,2G,15072,lost,1,4,1
509807,224732,G2,11058,won,2,0,0
509807,224732,2G,15072,lost,0,4,1
509808,224734,SEN,2406,won,1,1,0
509808,224734,FUR,2,lost,1,1,0
509808,224735,SEN,2406,won,2,0,0
509808,224735,FUR,2,lost,0,1,0
509809,224737,100T,2355,won,1,1,0
509809,224737,KRÜ,120,lost,1,3,0
509809,224738,100T,2355,won,1,1,0
509809,224738,KRÜ,120,lost,1,2,0
509810,224740,NRG,1034,won,1,2,1
509810,224740,LOUD,6961,lost,1,2,0
509810,224741,NRG,1034,won,0,2,0
509810,224741,LOUD,6961,lost,2,3,1
509811,224743,C9,5248,won,1,2,0
509811,224743,EG,188,lost,1,4,1
509811,224744,C9,5248,won,0,2,0
509811,224744,EG,188,lost,2,3,0
509812,224746,LEV,2359,won,1,2,0
509812,224746,MIBR,7386,lost,1,3,0
509812,224747,LEV,2359,won,2,0,0
509812,224747,MIBR,7386,lost,0,4,1
509813,224749,FUR,15072,won,0,3,1
509813,224749,2G,2406,lost,2,1,0
509813,224750,2G,2406,won,1,1,0
509813,224750,FUR,15072,lost,1,2,0
509813,224751,2G,2406,won,2,0,0
509813,224751,FUR,15072,lost,0,3,0
509814,224752,NRG,1034,won,1,1,0
509814,224752,LEV,2359,lost,1,3,0
509814,224753,LEV,2359,won,1,1,0
509814,224753,NRG,1034,lost,1,2,0
509814,224754,NRG,1034,won,1,3,1
509814,224754,LEV,2359,lost,1,3,0
509815,224755,SEN,2,won,1,2,1
509815,224755,C9,188,lost,1,2,0
509815,224756,SEN,2,won,2,1,0
509815,224756,C9,188,lost,0,1,0
509816,224758,MIBR,7386,won,2,2,0
509816,224758,100T,120,lost,0,3,0
509816,224759,MIBR,7386,won,1,2,0
509816,224759,100T,120,lost,1,4,0
509817,224761,EG,5248,won,1,1,0
509817,224761,G2,11058,lost,1,3,0
509817,224762,G2,11058,won,0,2,1
509817,224762,EG,5248,lost,2,2,0
509817,224763,G2,11058,won,2,0,0
509817,224763,EG,5248,lost,0,3,0
509818,224764,KRÜ,2355,won,2,1,0
509818,224764,LOUD,6961,lost,0,6,2
509818,224765,LOUD,6961,won,2,4,2
509818,224765,KRÜ,2355,lost,0,3,1
509818,224766,KRÜ,2355,won,2,0,0
509818,224766,LOUD,6961,lost,0,3,0
509819,224767,C9,188,won,2,0,0
509819,224767,2G,15072,lost,0,3,0
509819,224768,C9,188,won,2,1,0
509819,224768,2G,15072,lost,0,2,0
509820,224770,NRG,1034,won,1,1,0
509820,224770,MIBR,7386,lost,1,2,0
509820,224771,NRG,1034,won,1,1,0
509820,224771,MIBR,7386,lost,1,2,0
509821,224773,SEN,2,won,1,1,0
509821,224773,EG,5248,lost,1,4,1
509821,224774,SEN,2,won,1,1,1
509821,224774,EG,5248,lost,1,3,0
509822,224776,KRÜ,2355,won,1,2,0
509822,224776,LEV,2359,lost,1,4,0
509822,224777,LEV,2359,won,2,0,0
509822,224777,KRÜ,2355,lost,0,1,0
509822,224778,LEV,2359,won,2,0,0
509822,224778,KRÜ,2355,lost,0,3,0
509823,224779,G2,11058,won,2,0,0
509823,224779,FUR,2406,lost,0,1,0
509823,224780,G2,11058,won,1,1,1
509823,224780,FUR,2406,lost,1,2,0
509824,224782,LOUD,6961,won,2,0,0
509824,224782,100T,120,lost,0,3,0
509824,224783,100T,120,won,2,1,0
509824,224783,LOUD,6961,lost,0,3,0
509824,224784,100T,120,won,1,3,0
509824,224784,LOUD,6961,lost,1,3,1
509825,224785,KRÜ,2355,won,1,1,0
509825,224785,NRG,1034,lost,1,2,0
509825,224786,NRG,1034,won,2,0,0
509825,224786,KRÜ,2355,lost,0,3,0
509825,224787,NRG,1034,won,2,1,1
509825,224787,KRÜ,2355,lost,0,3,0
509826,224788,100T,120,won,1,3,0
509826,224788,LEV,2359,lost,1,3,1
509826,224789,LEV,2359,won,1,3,1
509826,224789,100T,120,lost,1,2,1
509826,224790,LEV,2359,won,2,0,0
509826,224790,100T,120,lost,0,2,0
509827,224791,EG,2406,won,1,2,1
509827,224791,FUR,5248,lost,1,2,0
509827,224792,EG,2406,won,0,3,0
509827,224792,FUR,5248,lost,2,2,0
509829,224794,2G,15072,won,2,2,0
509829,224794,SEN,2,lost,0,3,0
509829,224795,SEN,2,won,2,0,0
509829,224795,2G,15072,lost,0,3,0
509829,224796,SEN,2,won,2,0,0
509829,224796,2G,15072,lost,0,2,0
509830,224797,G2,11058,won,2,2,0
509830,224797,C9,188,lost,0,4,1
509830,224798,G2,11058,won,2,1,1
509830,224798,C9,188,lost,0,3,1
509831,224800,MIBR,7386,won,0,3,0
509831,224800,LOUD,6961,lost,2,2,0
509831,224801,MIBR,7386,won,0,3,2
509831,224801,LOUD,6961,lost,2,3,2
530902,231348,C9,2359,won,1,2,0
530902,231348,LEV,188,lost,1,2,0
530902,231349,LEV,188,won,1,3,1
530902,231349,C9,2359,lost,1,2,0
530902,231350,C9,2359,won,1,2,0
530902,231350,LEV,188,lost,1,3,0
530903,231351,G2,120,won,2,2,0
530903,231351,100T,11058,lost,0,1,1
530903,231352,G2,120,won,1,2,2
530903,231352,100T,11058,lost,1,3,0
530906,231360,SEN,2,won,1,2,0
530906,231360,C9,188,lost,1,2,0
530906,231361,C9,188,won,2,0,0
530906,231361,SEN,2,lost,0,3,0
530906,231362,SEN,2,won,1,2,0
530906,231362,C9,188,lost,1,0,0
530907,231363,NRG,1034,won,1,1,0
530907,231363,G2,11058,lost,1,3,1
530907,231364,G2,11058,won,1,2,2
530907,231364,NRG,1034,lost,1,3,0
530907,231365,G2,11058,won,0,3,1
530907,231365,NRG,1034,lost,2,1,0
530904,231354,LEV,2359,won,2,2,1
530904,231354,KRÜ,2355,lost,0,2,0
530904,231355,KRÜ,2355,won,1,2,1
530904,231355,LEV,2359,lost,1,3,0
530904,231356,LEV,2359,won,1,1,0
530904,231356,KRÜ,2355,lost,1,2,1
530905,231357,100T,120,won,2,0,0
530905,231357,EG,5248,lost,0,3,1
530905,231358,100T,120,won,2,3,1
530905,231358,EG,5248,lost,0,5,3
530908,231366,NRG,1034,won,1,1,0
530908,231366,LEV,2359,lost,1,2,0
530908,231367,NRG,1034,won,2,0,0
530908,231367,LEV,2359,lost,0,3,0
530909,231369,C9,120,won,1,2,0
530909,231369,100T,188,lost,1,3,2
530909,231370,C9,120,won,1,3,2
530909,231370,100T,188,lost,1,1,1
530910,231372,G2,2,won,1,2,1
530910,231372,SEN,11058,lost,1,2,0
530910,231373,G2,2,won,1,2,0
530910,231373,SEN,11058,lost,1,3,1
530911,233203,C9,188,won,2,0,0
530911,233203,NRG,1034,lost,0,2,0
530911,231376,NRG,1034,won,2,1,0
530911,231376,C9,188,lost,0,0,0
530911,231377,NRG,1034,won,0,2,1
530911,231377,C9,188,lost,2,2,0
530912,231378,NRG,1034,won,1,1,0
530912,231378,SEN,2,lost,1,3,1
530912,231379,NRG,1034,won,2,2,0
530912,231379,SEN,2,lost,0,2,0
530912,231380,SEN,2,won,2,1,1
530912,231380,NRG,1034,lost,0,3,0
530912,231381,NRG,1034,won,1,2,0
530912,231381,SEN,2,lost,1,1,0
530913,231383,G2,11058,won,1,1,0
530913,231383,NRG,1034,lost,1,2,0
530913,231384,G2,11058,won,2,1,0
530913,231384,NRG,1034,lost,0,4,0
530913,231385,G2,11058,won,0,3,1
530913,231385,NRG,1034,lost,2,3,0
511543,226424,NAVI,4915,won,1,2,1
511543,226424,APK,11479,lost,1,3,0
511543,226425,APK,11479,won,2,1,1
511543,226425,NAVI,4915,lost,0,3,0
511543,226426,NAVI,4915,won,2,0,0
511543,226426,APK,11479,lost,0,4,0
511544,226427,GX,14419,won,0,3,1
511544,226427,VIT,2059,lost,2,2,0
511544,226428,GX,14419,won,1,2,1
511544,226428,VIT,2059,lost,1,2,0
511545,226430,M8,12694,won,2,1,0
511545,226430,FUT,1184,lost,0,5,1
511545,226431,FUT,1184,won,2,1,0
511545,226431,M8,12694,lost,0,2,0
511545,226432,FUT,1184,won,1,4,0
511545,226432,M8,12694,lost,1,2,1
511546,226433,TL,474,won,2,0,0
511546,226433,MKOI,7035,lost,0,5,1
511546,226434,MKOI,7035,won,0,3,1
511546,226434,TL,474,lost,2,3,0
511546,226435,TL,474,won,0,3,0
511546,226435,MKOI,7035,lost,2,1,0
511547,226436,BBL,1001,won,1,2,0
511547,226436,TH,397,lost,1,2,0
511547,226437,TH,397,won,1,4,2
511547,226437,BBL,1001,lost,1,3,0
511547,226438,TH,397,won,2,0,0
511547,226438,BBL,1001,lost,0,3,1
511548,226439,FNC,8877,won,1,1,0
511548,226439,KC,2593,lost,1,4,1
511548,226440,KC,2593,won,1,2,1
511548,226440,FNC,8877,lost,1,3,2
511548,226441,FNC,8877,won,1,1,1
511548,226441,KC,2593,lost,1,2,0
511549,226442,KC,11479,won,2,1,1
511549,226442,APK,8877,lost,0,2,1
511549,226443,APK,8877,won,1,3,1
511549,226443,KC,11479,lost,1,3,0
511549,226444,KC,11479,won,0,3,2
511549,226444,APK,8877,lost,2,3,0
511550,226445,GX,397,won,1,0,0
511550,226445,BBL,14419,lost,1,2,0
511550,226446,BBL,14419,won,2,2,0
511550,226446,GX,397,lost,0,3,1
511550,226447,GX,397,won,1,1,0
511550,226447,BBL,14419,lost,1,3,0
511551,226448,TL,4915,won,1,3,0
511551,226448,NAVI,474,lost,1,3,1
511551,226449,TL,4915,won,2,0,0
511551,226449,NAVI,474,lost,0,3,0
511552,226451,TH,1001,won,0,3,0
511552,226451,M8,12694,lost,2,2,0
511552,226452,M8,12694,won,1,3,0
511552,226452,TH,1001,lost,1,2,0
511552,226453,TH,1001,won,1,2,1
511552,226453,M8,12694,lost,1,2,0
511553,226454,VIT,2059,won,2,0,0
511553,226454,FUT,1184,lost,0,4,1
511553,226455,VIT,2059,won,2,1,0
511553,226455,FUT,1184,lost,0,4,0
511554,226457,FNC,7035,won,1,1,0
511554,226457,MKOI,2593,lost,1,5,1
511554,226458,FNC,7035,won,2,3,0
511554,226458,MKOI,2593,lost,0,2,0
511562,226460,GX,14419,won,2,2,0
511562,226460,FUT,1184,lost,0,2,1
511562,226461,FUT,1184,won,1,3,1
511562,226461,GX,14419,lost,1,2,0
511562,226462,FUT,1184,won,1,3,1
511562,226462,GX,14419,lost,1,1,0
511563,226463,BBL,12694,won,2,0,0
511563,226463,M8,397,lost,0,4,1
511563,226464,BBL,12694,won,1,3,0
511563,226464,M8,397,lost,1,4,1
511564,226466,TL,11479,won,2,0,0
511564,226466,APK,474,lost,0,3,0
511564,226467,APK,474,won,0,4,2
511564,226467,TL,11479,lost,2,1,0
511564,226468,TL,11479,won,2,1,0
511564,226468,APK,474,lost,0,5,1
511565,226469,MKOI,7035,won,1,2,0
511565,226469,KC,8877,lost,1,3,1
511565,226470,KC,8877,won,2,0,0
511565,226470,MKOI,7035,lost,0,3,0
511565,226471,KC,8877,won,2,1,0
511565,226471,MKOI,7035,lost,0,2,0
511566,230237,FNC,2593,won,0,3,0
511566,230237,NAVI,4915,lost,2,2,0
511566,226473,NAVI,4915,won,0,2,0
511566,226473,FNC,2593,lost,2,1,0
511566,226474,FNC,2593,won,1,3,0
511566,226474,NAVI,4915,lost,1,0,0
511567,226475,TH,2059,won,1,2,0
511567,226475,VIT,1001,lost,1,4,2
511567,226476,TH,2059,won,1,3,0
511567,226476,VIT,1001,lost,1,3,0
511568,226478,TH,1184,won,1,1,1
511568,226478,FUT,1001,lost,1,4,1
511568,226479,TH,1184,won,1,1,0
511568,226479,FUT,1001,lost,1,3,1
511569,226481,APK,11479,won,1,2,0
511569,226481,MKOI,7035,lost,1,2,1
511569,226482,MKOI,7035,won,2,1,0
511569,226482,APK,11479,lost,0,2,1
511569,226483,MKOI,7035,won,1,1,0
511569,226483,APK,11479,lost,1,1,0
511570,226484,M8,12694,won,1,2,0
511570,226484,GX,14419,lost,1,3,0
511570,226485,GX,14419,won,1,2,0
511570,226485,M8,12694,lost,1,3,1
511570,226486,GX,14419,won,2,0,0
511570,226486,M8,12694,lost,0,3,0
511571,226487,NAVI,8877,won,1,3,1
511571,226487,KC,4915,lost,1,2,1
511571,226488,NAVI,8877,won,1,2,0
511571,226488,KC,4915,lost,1,3,0
511572,226490,VIT,2059,won,1,1,0
511572,226490,BBL,397,lost,1,3,0
511572,226491,BBL,397,won,1,3,0
511572,226491,VIT,2059,lost,1,2,0
511572,226492,BBL,397,won,2,0,0
511572,226492,VIT,2059,lost,0,2,0
511573,226493,TL,474,won,1,1,0
511573,226493,FNC,2593,lost,1,3,1
511573,226494,TL,474,won,2,0,0
511573,226494,FNC,2593,lost,0,1,0
511575,226496,NAVI,4915,won,0,2,1
511575,226496,MKOI,7035,lost,2,3,0
511575,226497,MKOI,7035,won,1,3,0
511575,226497,NAVI,4915,lost,1,2,1
511575,226498,NAVI,4915,won,2,0,0
511575,226498,MKOI,7035,lost,0,3,0
511576,226499,FNC,11479,won,2,0,0
511576,226499,APK,2593,lost,0,3,0
511576,226500,FNC,11479,won,1,2,0
511576,226500,APK,2593,lost,1,4,1
511577,226502,TH,1001,won,1,1,0
511577,226502,GX,14419,lost,1,1,0
511577,226503,TH,1001,won,2,0,0
511577,226503,GX,14419,lost,0,2,0
511579,226505,VIT,2059,won,2,0,0
511579,226505,M8,12694,lost,0,2,0
511579,226506,M8,12694,won,1,1,0
511579,226506,VIT,2059,lost,1,2,1
511579,226507,VIT,2059,won,1,3,0
511579,226507,M8,12694,lost,1,3,2
511580,226508,BBL,1184,won,2,2,1
511580,226508,FUT,397,lost,0,5,1
511580,226509,BBL,1184,won,2,4,2
511580,226509,FUT,397,lost,0,4,1
511581,226511,TL,474,won,1,2,0
511581,226511,KC,8877,lost,1,2,0
511581,226512,KC,8877,won,1,2,0
511581,226512,TL,474,lost,1,3,0
511581,226513,KC,8877,won,2,2,0
511581,226513,TL,474,lost,0,2,1
530924,231388,FNC,2593,won,2,0,0
530924,231388,BBL,397,lost,0,5,1
530924,231389,BBL,397,won,1,1,0
530924,231389,FNC,2593,lost,1,2,1
530924,231390,BBL,397,won,2,2,0
530924,231390,FNC,2593,lost,0,2,1
530925,231391,NAVI,14419,won,2,0,0
530925,231391,GX,4915,lost,0,4,1
530925,231392,GX,4915,won,2,0,0
530925,231392,NAVI,14419,lost,0,2,0
530925,231393,GX,4915,won,1,2,1
530925,231393,NAVI,14419,lost,1,2,0
530928,231400,BBL,1001,won,2,3,2
530928,231400,TH,397,lost,0,3,2
530928,231401,BBL,1001,won,2,3,1
530928,231401,TH,397,lost,0,4,0
530929,231403,TL,14419,won,1,2,1
530929,231403,GX,474,lost,1,2,0
530929,231404,GX,474,won,0,5,0
530929,231404,TL,14419,lost,2,2,0
530929,231405,TL,14419,won,1,4,0
530929,231405,GX,474,lost,1,3,0
530926,231394,KC,2593,won,0,2,0
530926,231394,FNC,8877,lost,2,1,0
530926,231395,FNC,8877,won,1,2,1
530926,231395,KC,2593,lost,1,3,0
530926,232628,FNC,8877,won,2,0,0
530926,232628,KC,2593,lost,0,3,0
530927,231397,NAVI,2059,won,1,1,0
530927,231397,VIT,4915,lost,1,2,0
530927,231398,NAVI,2059,won,2,2,1
530927,231398,VIT,4915,lost,0,3,1
530930,231406,GX,2593,won,1,1,0
530930,231406,FNC,14419,lost,1,3,0
530930,231407,GX,2593,won,2,1,0
530930,231407,FNC,14419,lost,0,2,0
530931,231409,NAVI,1001,won,2,0,0
530931,231409,TH,4915,lost,0,4,0
530931,231410,NAVI,1001,won,1,1,0
530931,231410,TH,4915,lost,1,3,0
530932,231412,TL,474,won,1,2,0
530932,231412,BBL,397,lost,1,2,1
530932,231413,BBL,397,won,0,4,2
530932,231413,TL,474,lost,2,2,0
530932,231414,TL,474,won,0,2,1
530932,231414,BBL,397,lost,2,2,1
530933,231415,NAVI,14419,won,1,1,0
530933,231415,GX,4915,lost,1,2,0
530933,231416,GX,4915,won,2,1,0
530933,231416,NAVI,14419,lost,0,4,1
530933,231417,GX,4915,won,2,1,1
530933,231417,NAVI,14419,lost,0,3,0
530934,231418,GX,14419,won,2,0,0
530934,231418,BBL,397,lost,0,3,0
530934,231419,GX,14419,won,1,2,0
530934,231419,BBL,397,lost,1,3,0
530934,233349,GX,14419,won,2,2,2
530934,233349,BBL,397,lost,0,4,0
530935,231423,TL,474,won,1,3,0
530935,231423,GX,14419,lost,1,2,0
530935,231424,TL,474,won,1,2,0
530935,231424,GX,14419,lost,1,4,1
530935,231425,TL,474,won,2,2,1
530935,231425,GX,14419,lost,0,4,0
508815,223654,TLN,8304,won,2,2,1
508815,223654,BME,466,lost,0,3,0
508815,223655,TLN,8304,won,2,0,0
508815,223655,BME,466,lost,0,0,0
508816,223657,TS,6199,won,2,1,1
508816,223657,NS,11060,lost,0,4,0
508816,223658,NS,11060,won,0,3,0
508816,223658,TS,6199,lost,2,2,0
508816,223659,NS,11060,won,2,0,0
508816,223659,TS,6199,lost,0,3,0
508817,223660,PRX,624,won,1,1,0
508817,223660,T1,14,lost,1,3,0
508817,223661,PRX,624,won,0,3,0
508817,223661,T1,14,lost,2,2,0
508818,227727,GEN,17,won,1,1,1
508818,227727,KRX,8185,lost,1,2,0
508818,223664,GEN,17,won,1,2,1
508818,223664,KRX,8185,lost,1,2,1
508819,227752,GE,918,won,1,2,1
508819,227752,RRQ,878,lost,1,2,1
508819,223667,GE,918,won,1,1,0
508819,223667,RRQ,878,lost,1,2,0
508820,223669,DFM,278,won,2,0,0
508820,223669,ZETA,5448,lost,0,3,0
508820,223670,ZETA,5448,won,2,0,0
508820,223670,DFM,278,lost,0,2,0
508820,223671,DFM,278,won,0,1,0
508820,223671,ZETA,5448,lost,2,3,0
508821,223672,KRX,8185,won,1,1,1
508821,223672,NS,11060,lost,1,3,0
508821,227984,NS,11060,won,2,2,1
508821,227984,KRX,8185,lost,0,2,0
508821,227985,KRX,8185,won,1,2,1
508821,227985,NS,11060,lost,1,3,1
508822,223673,T1,14,won,1,2,1
508822,223673,BME,466,lost,1,3,0
508822,223674,T1,14,won,0,4,1
508822,223674,BME,466,lost,2,0,0
508823,223676,TS,6199,won,2,0,0
508823,223676,GE,918,lost,0,3,0
508823,223677,GE,918,won,1,0,0
508823,223677,TS,6199,lost,1,1,0
508823,223678,TS,6199,won,2,4,0
508823,223678,GE,918,lost,0,1,0
508824,228042,PRX,624,won,2,0,0
508824,228042,DFM,278,lost,0,4,0
508824,223680,PRX,624,won,2,0,0
508824,223680,DFM,278,lost,0,4,0
508825,223682,TLN,8304,won,2,0,0
508825,223682,ZETA,5448,lost,0,3,0
508825,223683,TLN,8304,won,1,1,1
508825,223683,ZETA,5448,lost,1,4,0
508826,228313,RRQ,17,won,2,0,0
508826,228313,GEN,878,lost,0,3,0
508826,223686,GEN,878,won,1,1,0
508826,223686,RRQ,17,lost,1,2,0
508826,223687,RRQ,17,won,1,2,1
508826,223687,GEN,878,lost,1,0,0
508828,223688,GE,17,won,2,1,0
508828,223688,GEN,918,lost,0,3,0
508828,223689,GEN,918,won,1,1,0
508828,223689,GE,17,lost,1,2,0
508828,223690,GEN,918,won,1,2,0
508828,223690,GE,17,lost,1,1,0
508829,229069,DFM,278,won,1,1,0
508829,229069,TLN,8304,lost,1,3,1
508829,223692,TLN,8304,won,0,2,0
508829,223692,DFM,278,lost,2,1,1
508829,223693,DFM,278,won,1,2,0
508829,223693,TLN,8304,lost,1,2,0
508830,223694,T1,14,won,1,2,0
508830,223694,ZETA,5448,lost,1,2,0
508830,223695,T1,14,won,1,3,1
508830,223695,ZETA,5448,lost,1,2,1
508831,223697,NS,878,won,0,1,0
508831,223697,RRQ,11060,lost,2,1,0
508831,223698,RRQ,11060,won,1,2,1
508831,223698,NS,878,lost,1,3,1
508831,223699,RRQ,11060,won,2,0,0
508831,223699,NS,878,lost,0,3,0
508832,229399,KRX,8185,won,0,1,1
508832,229399,TS,6199,lost,2,5,1
508832,223701,KRX,8185,won,1,1,0
508832,223701,TS,6199,lost,1,1,0
508833,223703,PRX,624,won,0,3,1
508833,223703,BME,466,lost,2,1,0
508833,223704,PRX,624,won,1,1,0
508833,223704,BME,466,lost,1,4,1
508834,223706,GEN,17,won,1,1,1
508834,223706,TS,6199,lost,1,3,0
508834,223707,GEN,17,won,0,1,1
508834,223707,TS,6199,lost,2,5,1
508835,223709,TLN,8304,won,1,3,0
508835,223709,T1,14,lost,1,3,0
508835,223710,TLN,8304,won,2,1,1
508835,223710,T1,14,lost,0,4,1
508836,223712,DFM,278,won,1,2,0
508836,223712,BME,466,lost,1,3,1
508836,223713,DFM,278,won,2,1,1
508836,223713,BME,466,lost,0,2,0
508837,223715,KRX,8185,won,2,2,0
508837,223715,RRQ,878,lost,0,1,0
508837,223716,KRX,8185,won,0,2,1
508837,223716,RRQ,878,lost,2,3,0
508838,223718,NS,918,won,2,2,1
508838,223718,GE,11060,lost,0,2,0
508838,223719,NS,918,won,2,1,1
508838,223719,GE,11060,lost,0,4,0
508839,223721,ZETA,624,won,2,2,2
508839,223721,PRX,5448,lost,0,3,0
508839,223722,ZETA,624,won,2,1,0
508839,223722,PRX,5448,lost,0,4,1
508840,223724,NS,11060,won,1,2,0
508840,223724,GEN,17,lost,1,1,0
508840,223725,NS,11060,won,1,4,0
508840,223725,GEN,17,lost,1,1,1
508841,223727,PRX,624,won,0,2,1
508841,223727,TLN,8304,lost,2,3,1
508841,223728,PRX,624,won,1,3,1
508841,223728,TLN,8304,lost,1,2,0
508842,223730,KRX,8185,won,1,3,0
508842,223730,GE,918,lost,1,1,1
508842,223731,KRX,8185,won,2,2,1
508842,223731,GE,918,lost,0,1,0
508843,223733,BME,466,won,1,3,0
508843,223733,ZETA,5448,lost,1,1,0
508843,223734,ZETA,5448,won,0,4,0
508843,223734,BME,466,lost,2,1,0
508843,223735,ZETA,5448,won,1,3,1
508843,223735,BME,466,lost,1,2,0
508844,223736,TS,878,won,1,2,0
508844,223736,RRQ,6199,lost,1,2,0
508844,223737,RRQ,6199,won,1,1,0
508844,223737,TS,878,lost,1,0,0
508844,223738,RRQ,6199,won,2,0,0
508844,223738,TS,878,lost,0,3,0
508845,223739,T1,14,won,1,2,0
508845,223739,DFM,278,lost,1,3,0
508845,223740,T1,14,won,0,3,0
508845,223740,DFM,278,lost,2,1,0
530354,231305,TLN,11060,won,1,1,0
530354,231305,NS,8304,lost,1,2,0
530354,231306,TLN,11060,won,1,3,0
530354,231306,NS,8304,lost,1,3,0
530355,231308,T1,14,won,2,3,0
530355,231308,RRQ,878,lost,0,3,1
530355,231309,RRQ,878,won,2,1,0
530355,231309,T1,14,lost,0,5,1
530355,231310,T1,14,won,2,2,0
530355,231310,RRQ,878,lost,0,4,1
530356,231311,KRX,8304,won,0,3,2
530356,231311,TLN,8185,lost,2,1,0
530356,231312,TLN,8185,won,1,2,0
530356,231312,KRX,8304,lost,1,3,0
530356,231313,TLN,8185,won,2,1,0
530356,231313,KRX,8304,lost,0,4,1
530357,231314,PRX,624,won,1,1,0
530357,231314,T1,14,lost,1,1,0
530357,231315,PRX,624,won,2,0,0
530357,231315,T1,14,lost,0,5,2
530358,231317,NS,278,won,2,0,0
530358,231317,DFM,11060,lost,0,4,1
530358,231318,NS,278,won,1,3,0
530358,231318,DFM,11060,lost,1,2,0
530359,231320,GEN,878,won,1,1,0
530359,231320,RRQ,17,lost,1,2,0
530359,231321,RRQ,17,won,1,1,0
530359,231321,GEN,878,lost,1,2,0
530359,231322,RRQ,17,won,1,2,1
530359,231322,GEN,878,lost,1,5,1
530360,231894,T1,14,won,2,2,1
530360,231894,NS,11060,lost,0,3,1
530360,231324,T1,14,won,1,2,0
530360,231324,NS,11060,lost,1,3,1
530361,231326,RRQ,8185,won,2,1,1
530361,231326,KRX,878,lost,0,2,0
530361,231327,RRQ,8185,won,1,1,1
530361,231327,KRX,878,lost,1,2,1
530362,231329,PRX,624,won,0,2,0
530362,231329,TLN,8304,lost,2,1,0
530362,231330,PRX,624,won,1,1,0
530362,231330,TLN,8304,lost,1,2,0
530363,232077,RRQ,878,won,0,2,0
530363,232077,T1,14,lost,2,1,0
530363,231333,T1,14,won,1,3,0
530363,231333,RRQ,878,lost,1,3,1
530363,231334,RRQ,878,won,1,3,0
530363,231334,T1,14,lost,1,2,0
530364,231335,TLN,8304,won,2,1,0
530364,231335,RRQ,878,lost,0,2,0
530364,231336,TLN,8304,won,2,1,0
530364,231336,RRQ,878,lost,0,3,0
530364,231337,RRQ,878,won,2,2,0
530364,231337,TLN,8304,lost,0,3,1
530364,231338,RRQ,878,won,1,1,0
530364,231338,TLN,8304,lost,1,1,0
530364,231339,RRQ,878,won,1,2,1
530364,231339,TLN,8304,lost,1,2,0
530365,233353,PRX,624,won,2,1,0
530365,233353,RRQ,878,lost,0,4,0
530365,231341,PRX,624,won,2,1,0
530365,231341,RRQ,878,lost,0,3,0
530365,231342,RRQ,878,won,1,2,1
530365,231342,PRX,624,lost,1,2,0
530365,231343,PRX,624,won,2,1,0
530365,231343,RRQ,878,lost,0,4,0
490309,217256,PRX,1001,won,2,0,0
490309,217256,TH,624,lost,0,4,0
490309,217257,PRX,1001,won,2,0,0
490309,217257,TH,624,lost,0,5,0
490307,217250,BLG,12010,won,2,1,0
490307,217250,TL,474,lost,0,3,0
490307,217251,TL,474,won,2,2,0
490307,217251,BLG,12010,lost,0,2,0
490307,217252,BLG,12010,won,1,1,0
490307,217252,TL,474,lost,1,3,2
490308,217253,SEN,13790,won,1,1,0
490308,217253,WOL,2,lost,1,2,0
490308,217254,SEN,13790,won,1,2,0
490308,217254,WOL,2,lost,1,2,1
490306,217247,GEN,17,won,2,0,0
490306,217247,MIBR,7386,lost,0,2,0
490306,217248,GEN,17,won,2,0,0
490306,217248,MIBR,7386,lost,0,2,0
490311,217262,BLG,12010,won,2,0,0
490311,217262,SEN,2,lost,0,4,0
490311,217263,SEN,2,won,1,1,0
490311,217263,BLG,12010,lost,1,3,0
490311,217264,SEN,2,won,2,1,0
490311,217264,BLG,12010,lost,0,2,1
490310,217259,GEN,624,won,2,2,0
490310,217259,PRX,17,lost,0,3,0
490310,217260,GEN,624,won,2,0,0
490310,217260,PRX,17,lost,0,3,0
490312,217265,WOL,1001,won,2,2,0
490312,217265,TH,13790,lost,0,2,1
490312,217266,WOL,1001,won,1,2,0
490312,217266,TH,13790,lost,1,3,0
490313,217268,TL,474,won,2,2,1
490313,217268,MIBR,7386,lost,0,2,0
490313,217269,TL,474,won,2,0,0
490313,217269,MIBR,7386,lost,0,3,0
490315,221383,WOL,13790,won,2,2,1
490315,221383,BLG,12010,lost,0,2,1
490315,217275,WOL,13790,won,0,3,0
490315,217275,BLG,12010,lost,2,2,0
490314,217271,TL,474,won,2,2,1
490314,217271,PRX,624,lost,0,4,1
490314,217272,PRX,624,won,1,1,0
490314,217272,TL,474,lost,1,3,0
490314,217273,PRX,624,won,1,1,0
490314,217273,TL,474,lost,1,3,0
498622,221150,PRX,11058,won,0,2,0
498622,221150,G2,624,lost,2,4,1
498622,221151,PRX,11058,won,2,2,1
498622,221151,G2,624,lost,0,0,0
498621,221147,SEN,2,won,1,1,0
498621,221147,XLG,13581,lost,1,4,0
498621,221148,SEN,2,won,1,1,0
498621,221148,XLG,13581,lost,1,3,0
498623,221153,WOL,878,won,2,3,0
498623,221153,RRQ,13790,lost,0,4,0
498623,221154,WOL,878,won,1,4,0
498623,221154,RRQ,13790,lost,1,2,0
498624,221156,GEN,2593,won,2,1,0
498624,221156,FNC,17,lost,0,2,0
498624,221157,FNC,17,won,1,2,0
498624,221157,GEN,2593,lost,1,1,0
498624,221158,GEN,2593,won,0,1,1
498624,221158,FNC,17,lost,2,2,0
498629,221173,G2,11058,won,1,0,0
498629,221173,XLG,13581,lost,1,4,0
498629,221174,G2,11058,won,1,2,0
498629,221174,XLG,13581,lost,1,5,1
498630,221176,FNC,878,won,1,2,1
498630,221176,RRQ,2593,lost,1,3,1
498630,221177,RRQ,2593,won,1,2,0
498630,221177,FNC,878,lost,1,3,0
498630,221178,FNC,878,won,1,1,0
498630,221178,RRQ,2593,lost,1,5,0
498626,221162,WOL,13790,won,1,3,0
498626,221162,GEN,17,lost,1,1,0
498626,221163,WOL,13790,won,1,4,1
498626,221163,GEN,17,lost,1,3,1
498625,221159,PRX,2,won,2,0,0
498625,221159,SEN,624,lost,0,2,1
498625,221160,PRX,2,won,1,2,0
498625,221160,SEN,624,lost,1,2,0
498631,221179,G2,17,won,1,1,0
498631,221179,GEN,11058,lost,1,3,0
498631,221180,GEN,11058,won,2,0,0
498631,221180,G2,17,lost,0,1,0
498631,221181,G2,17,won,0,3,0
498631,221181,GEN,11058,lost,2,1,0
498632,221182,SEN,2,won,2,0,0
498632,221182,FNC,2593,lost,0,2,0
498632,221183,FNC,2593,won,2,0,0
498632,221183,SEN,2,lost,0,3,1
498632,221184,FNC,2593,won,1,3,2
498632,221184,SEN,2,lost,1,2,0
498627,221165,PRX,624,won,1,2,0
498627,221165,WOL,13790,lost,1,3,0
498627,221166,PRX,624,won,1,3,1
498627,221166,WOL,13790,lost,1,3,0
498633,221185,FNC,2593,won,2,3,0
498633,221185,G2,11058,lost,0,3,0
498633,221186,FNC,2593,won,0,4,3
498633,221186,G2,11058,lost,2,3,2
498634,221188,FNC,13790,won,1,2,0
498634,221188,WOL,2593,lost,1,4,1
498634,221189,FNC,13790,won,1,1,1
498634,221189,WOL,2593,lost,1,3,0
498634,221190,WOL,2593,won,0,2,0
498634,221190,FNC,13790,lost,2,3,0
498634,221191,FNC,13790,won,1,1,0
498634,221191,WOL,2593,lost,1,6,1
498628,221168,PRX,624,won,0,2,0
498628,221168,FNC,2593,lost,2,0,0
498628,221169,FNC,2593,won,1,2,0
498628,221169,PRX,624,lost,1,3,0
498628,221170,PRX,624,won,0,2,0
498628,221170,FNC,2593,lost,2,1,0
498628,221171,PRX,624,won,1,1,0
498628,221171,FNC,2593,lost,1,1,0
459826,207147,VIT,2059,won,1,3,1
459826,207147,GX,14419,lost,1,1,0
459826,207148,VIT,2059,won,2,0,0
459826,207148,GX,14419,lost,0,3,0
459827,207150,KC,397,won,1,1,0
459827,207150,BBL,8877,lost,1,2,0
459827,207151,BBL,8877,won,1,4,2
459827,207151,KC,397,lost,1,2,1
459827,207152,BBL,8877,won,2,1,1
459827,207152,KC,397,lost,0,4,0
459828,207153,APK,11479,won,1,2,0
459828,207153,TH,1001,lost,1,2,0
459828,207154,TH,1001,won,2,0,0
459828,207154,APK,11479,lost,0,4,0
459828,207155,TH,1001,won,0,3,2
459828,207155,APK,11479,lost,2,3,0
459829,207156,FUT,1184,won,1,1,0
459829,207156,MKOI,7035,lost,1,3,1
459829,207157,FUT,1184,won,2,2,0
459829,207157,MKOI,7035,lost,0,5,0
459830,207159,FNC,2593,won,2,0,0
459830,207159,NAVI,4915,lost,0,3,0
459830,207160,FNC,2593,won,1,3,1
459830,207160,NAVI,4915,lost,1,1,0
459831,207162,TL,474,won,0,2,1
459831,207162,M8,12694,lost,2,4,1
459831,207163,M8,12694,won,0,3,1
459831,207163,TL,474,lost,2,3,1
459831,207164,M8,12694,won,2,0,0
459831,207164,TL,474,lost,0,4,1
459832,207165,TL,474,won,1,3,2
459832,207165,BBL,397,lost,1,5,0
459832,207166,BBL,397,won,2,1,1
459832,207166,TL,474,lost,0,1,0
459832,207167,TL,474,won,1,2,0
459832,207167,BBL,397,lost,1,4,0
459833,207168,APK,4915,won,1,2,1
459833,207168,NAVI,11479,lost,1,3,0
459833,207169,NAVI,11479,won,1,2,0
459833,207169,APK,4915,lost,1,1,0
459833,207170,NAVI,11479,won,1,1,0
459833,207170,APK,4915,lost,1,3,1
459834,207171,M8,1184,won,1,3,0
459834,207171,FUT,12694,lost,1,3,2
459834,207172,FUT,12694,won,1,3,1
459834,207172,M8,1184,lost,1,4,0
459834,207173,FUT,12694,won,2,0,0
459834,207173,M8,1184,lost,0,3,0
459835,207174,TH,14419,won,2,0,0
459835,207174,GX,1001,lost,0,4,0
459835,207175,GX,1001,won,1,3,1
459835,207175,TH,14419,lost,1,1,0
459835,207176,TH,14419,won,1,2,1
459835,207176,GX,1001,lost,1,2,1
459836,207177,VIT,2593,won,1,3,1
459836,207177,FNC,2059,lost,1,2,0
459836,207178,FNC,2059,won,0,2,0
459836,207178,VIT,2593,lost,2,2,0
459836,207179,FNC,2059,won,1,2,1
459836,207179,VIT,2593,lost,1,3,0
459837,207180,KC,8877,won,1,1,0
459837,207180,MKOI,7035,lost,1,2,0
459837,207181,KC,8877,won,0,3,0
459837,207181,MKOI,7035,lost,2,0,0
459839,207183,BBL,7035,won,1,0,0
459839,207183,MKOI,397,lost,1,2,0
459839,207184,BBL,7035,won,2,1,1
459839,207184,MKOI,397,lost,0,4,1
459840,207186,GX,14419,won,1,2,0
459840,207186,NAVI,4915,lost,1,1,0
459840,207187,NAVI,4915,won,2,1,0
459840,207187,GX,14419,lost,0,4,1
459840,207188,NAVI,4915,won,2,0,0
459840,207188,GX,14419,lost,0,2,0
459841,207189,TL,1184,won,2,0,0
459841,207189,FUT,474,lost,0,4,0
459841,207190,TL,1184,won,1,1,0
459841,207190,FUT,474,lost,1,3,0
459842,207192,TH,2059,won,1,2,1
459842,207192,VIT,1001,lost,1,1,0
459842,207193,TH,2059,won,1,1,0
459842,207193,VIT,1001,lost,1,0,0
459843,207195,FNC,2593,won,2,0,0
459843,207195,APK,11479,lost,0,3,0
459843,207196,FNC,2593,won,1,4,2
459843,207196,APK,11479,lost,1,3,0
459844,207198,KC,12694,won,0,3,0
459844,207198,M8,8877,lost,2,1,0
459844,207199,KC,12694,won,2,0,0
459844,207199,M8,8877,lost,0,3,1
459845,207201,VIT,11479,won,1,2,1
459845,207201,APK,2059,lost,1,2,0
459845,207202,VIT,11479,won,1,2,0
459845,207202,APK,2059,lost,1,3,0
459846,212701,TL,7035,won,2,1,0
459846,212701,MKOI,474,lost,0,3,0
459846,212700,TL,7035,won,2,0,0
459846,212700,MKOI,474,lost,0,3,0
459847,207207,BBL,12694,won,2,0,0
459847,207207,M8,397,lost,0,2,0
459847,207208,BBL,12694,won,2,0,0
459847,207208,M8,397,lost,0,4,1
459848,207210,GX,14419,won,1,2,0
459848,207210,FNC,2593,lost,1,2,0
459848,207211,FNC,2593,won,0,2,0
459848,207211,GX,14419,lost,2,2,0
459848,207212,FNC,2593,won,1,1,0
459848,207212,GX,14419,lost,1,2,0
459849,212913,KC,1184,won,0,4,3
459849,212913,FUT,8877,lost,2,4,1
459849,207214,FUT,8877,won,1,2,1
459849,207214,KC,1184,lost,1,2,0
459849,207215,FUT,8877,won,0,4,0
459849,207215,KC,1184,lost,2,0,0
459850,207216,TH,4915,won,2,0,0
459850,207216,NAVI,1001,lost,0,3,0
459850,207217,TH,4915,won,1,2,0
459850,207217,NAVI,1001,lost,1,2,0
459852,207219,BBL,397,won,1,3,1
459852,207219,FUT,1184,lost,1,3,0
459852,207220,BBL,397,won,1,1,0
459852,207220,FUT,1184,lost,1,4,0
459853,207222,GX,11479,won,2,1,0
459853,207222,APK,14419,lost,0,3,0
459853,207223,GX,11479,won,0,3,2
459853,207223,APK,14419,lost,2,4,1
459854,207225,M8,12694,won,0,3,1
459854,207225,MKOI,7035,lost,2,2,0
459854,207226,MKOI,7035,won,2,0,0
459854,207226,M8,12694,lost,0,5,0
459854,207227,MKOI,7035,won,2,2,0
459854,207227,M8,12694,lost,0,4,1
459855,207228,NAVI,4915,won,2,1,1
459855,207228,VIT,2059,lost,0,4,0
459855,207229,NAVI,4915,won,1,1,0
459855,207229,VIT,2059,lost,1,1,0
459856,207232,TL,474,won,0,3,0
459856,207232,KC,8877,lost,2,0,0
459856,207233,TL,474,won,0,4,0
459856,207233,KC,8877,lost,2,0,0
459857,215378,TH,1001,won,2,2,0
459857,215378,FNC,2593,lost,0,3,1
459857,207235,TH,1001,won,0,3,1
459857,207235,FNC,2593,lost,2,2,0
482503,215379,BBL,397,won,0,1,1
482503,215379,NAVI,4915,lost,2,2,0
482503,215380,BBL,397,won,0,2,0
482503,215380,NAVI,4915,lost,2,2,0
482504,216517,FNC,1184,won,0,2,1
482504,216517,FUT,2593,lost,2,3,0
482504,215383,FNC,1184,won,1,1,0
482504,215383,FUT,2593,lost,1,2,0
482505,215385,KC,4915,won,1,3,0
482505,215385,NAVI,8877,lost,1,3,0
482505,215386,NAVI,8877,won,1,3,0
482505,215386,KC,4915,lost,1,3,1
482505,216537,NAVI,8877,won,2,2,0
482505,216537,KC,4915,lost,0,3,1
482506,216584,FUT,1184,won,2,0,0
482506,216584,VIT,2059,lost,0,4,0
482506,215389,FUT,1184,won,0,2,0
482506,215389,VIT,2059,lost,2,1,0
482507,216644,TH,397,won,1,2,0
482507,216644,BBL,1001,lost,1,2,0
482507,215392,TH,397,won,1,3,0
482507,215392,BBL,1001,lost,1,3,1
482508,215394,FNC,2593,won,1,2,0
482508,215394,TL,474,lost,1,2,1
482508,215395,TL,474,won,1,3,0
482508,215395,FNC,2593,lost,1,1,0
482508,215396,FNC,2593,won,2,0,0
482508,215396,TL,474,lost,0,2,0
482510,216645,BBL,397,won,0,4,0
482510,216645,FUT,1184,lost,2,0,0
482510,215402,BBL,397,won,0,5,0
482510,215402,FUT,1184,lost,2,0,0
482509,215397,NAVI,474,won,1,0,0
482509,215397,TL,4915,lost,1,1,0
482509,215398,TL,4915,won,2,1,1
482509,215398,NAVI,474,lost,0,2,0
482509,215399,TL,4915,won,2,1,0
482509,215399,NAVI,474,lost,0,4,1
482515,215416,FNC,1001,won,2,1,0
482515,215416,TH,2593,lost,0,3,2
482515,217080,FNC,1001,won,1,2,1
482515,217080,TH,2593,lost,1,3,1
482511,215403,TL,397,won,2,2,1
482511,215403,BBL,474,lost,0,4,1
482511,215404,BBL,474,won,2,2,0
482511,215404,TL,397,lost,0,3,0
482511,215405,TL,397,won,1,2,0
482511,215405,BBL,474,lost,1,4,0
482512,215406,TH,1001,won,2,0,0
482512,215406,TL,474,lost,0,3,0
482512,215407,TH,1001,won,1,3,1
482512,215407,TL,474,lost,1,3,0
482512,215408,TH,1001,won,2,0,0
482512,215408,TL,474,lost,0,2,0
482513,215411,FNC,2593,won,2,0,0
482513,215411,TH,1001,lost,0,2,0
482513,215412,FNC,2593,won,1,2,1
482513,215412,TH,1001,lost,1,2,0
482513,215413,FNC,2593,won,0,3,0
482513,215413,TH,1001,lost,2,2,1
458805,206150,GE,278,won,1,2,0
458805,206150,DFM,918,lost,1,2,0
458805,206151,GE,278,won,1,2,1
458805,206151,DFM,918,lost,1,2,0
458806,206153,T1,14,won,2,1,0
458806,206153,ZETA,5448,lost,0,2,0
458806,206154,ZETA,5448,won,2,0,0
458806,206154,T1,14,lost,0,4,0
458806,206155,T1,14,won,1,1,0
458806,206155,ZETA,5448,lost,1,3,0
458807,206156,KRX,8185,won,1,4,0
458807,206156,PRX,624,lost,1,2,0
458807,206157,PRX,624,won,1,3,0
458807,206157,KRX,8185,lost,1,3,0
458807,206158,KRX,8185,won,0,2,0
458807,206158,PRX,624,lost,2,1,0
458808,206159,TS,8304,won,2,0,0
458808,206159,TLN,6199,lost,0,3,0
458808,206160,TLN,6199,won,2,0,0
458808,206160,TS,8304,lost,0,4,0
458808,206161,TLN,6199,won,1,1,1
458808,206161,TS,8304,lost,1,3,0
458809,206162,BME,17,won,2,2,0
458809,206162,GEN,466,lost,0,3,1
458809,206163,BME,17,won,1,3,2
458809,206163,GEN,466,lost,1,2,0
458810,206165,RRQ,11060,won,2,1,0
458810,206165,NS,878,lost,0,4,1
458810,206166,NS,878,won,1,2,1
458810,206166,RRQ,11060,lost,1,1,0
458810,206167,NS,878,won,1,1,1
458810,206167,RRQ,11060,lost,1,2,0
458811,206168,ZETA,6199,won,1,4,0
458811,206168,TS,5448,lost,1,1,0
458811,206169,ZETA,6199,won,0,2,1
458811,206169,TS,5448,lost,2,2,0
458812,206171,T1,14,won,0,3,0
458812,206171,NS,11060,lost,2,2,0
458812,206172,T1,14,won,1,2,0
458812,206172,NS,11060,lost,1,2,0
458813,206174,GEN,17,won,2,0,0
458813,206174,PRX,624,lost,0,1,0
458813,206175,PRX,624,won,1,1,0
458813,206175,GEN,17,lost,1,3,0
458813,206176,GEN,17,won,1,1,0
458813,206176,PRX,624,lost,1,4,0
458814,206177,KRX,8185,won,2,0,0
458814,206177,DFM,278,lost,0,3,1
458814,206178,KRX,8185,won,2,0,0
458814,206178,DFM,278,lost,0,4,0
458815,206180,RRQ,878,won,1,2,0
458815,206180,TLN,8304,lost,1,1,0
458815,206181,RRQ,878,won,2,0,0
458815,206181,TLN,8304,lost,0,3,0
458816,206183,BME,918,won,2,0,0
458816,206183,GE,466,lost,0,1,0
458816,206184,BME,918,won,1,2,1
458816,206184,GE,466,lost,1,4,0
458817,206186,GEN,17,won,2,0,0
458817,206186,DFM,278,lost,0,3,0
458817,206187,GEN,17,won,1,1,0
458817,206187,DFM,278,lost,1,3,2
458818,206189,RRQ,5448,won,2,1,0
458818,206189,ZETA,878,lost,0,3,0
458818,210878,RRQ,5448,won,1,2,0
458818,210878,ZETA,878,lost,1,3,0
458819,211027,BME,466,won,1,3,0
458819,211027,PRX,624,lost,1,2,1
458819,206193,PRX,624,won,2,0,0
458819,206193,BME,466,lost,0,1,0
458819,206194,BME,466,won,2,2,1
458819,206194,PRX,624,lost,0,2,0
458820,206195,NS,11060,won,2,1,0
458820,206195,TLN,8304,lost,0,2,0
458820,206196,TLN,8304,won,1,3,1
458820,206196,NS,11060,lost,1,2,1
458820,206197,TLN,8304,won,1,2,0
458820,206197,NS,11060,lost,1,3,0
458821,211411,KRX,8185,won,2,0,0
458821,211411,GE,918,lost,0,2,0
458821,211440,KRX,8185,won,0,1,0
458821,211440,GE,918,lost,2,2,0
458822,206201,T1,14,won,1,1,0
458822,206201,TS,6199,lost,1,2,0
458822,206202,TS,6199,won,1,3,1
458822,206202,T1,14,lost,1,2,0
458822,206203,T1,14,won,1,2,0
458822,206203,TS,6199,lost,1,2,1
458823,206204,NS,11060,won,1,4,2
458823,206204,TS,6199,lost,1,2,1
458823,206205,NS,11060,won,1,1,0
458823,206205,TS,6199,lost,1,2,0
458824,206207,BME,466,won,2,1,0
458824,206207,KRX,8185,lost,0,2,0
458824,206208,KRX,8185,won,1,2,2
458824,206208,BME,466,lost,1,4,1
458824,206209,BME,466,won,1,1,0
458824,206209,KRX,8185,lost,1,2,1
458825,206210,T1,14,won,0,3,1
458825,206210,RRQ,878,lost,2,0,0
458825,206211,RRQ,878,won,0,2,0
458825,206211,T1,14,lost,2,1,0
458825,206212,RRQ,878,won,1,2,1
458825,206212,T1,14,lost,1,3,0
458826,206213,GEN,17,won,2,1,1
458826,206213,GE,918,lost,0,2,0
458826,206214,GEN,17,won,1,2,1
458826,206214,GE,918,lost,1,2,0
458827,206216,ZETA,5448,won,2,0,0
458827,206216,TLN,8304,lost,0,3,0
458827,206217,ZETA,5448,won,1,4,1
458827,206217,TLN,8304,lost,1,3,0
458828,206219,DFM,278,won,1,2,0
458828,206219,PRX,624,lost,1,2,1
458828,206220,PRX,624,won,2,1,0
458828,206220,DFM,278,lost,0,3,1
458828,206221,PRX,624,won,1,1,0
458828,206221,DFM,278,lost,1,1,0
458830,206222,PRX,918,won,2,0,0
458830,206222,GE,624,lost,0,1,1
458830,206223,PRX,918,won,1,3,1
458830,206223,GE,624,lost,1,0,0
458831,206225,TLN,8304,won,1,1,0
458831,206225,T1,14,lost,1,3,1
458831,206226,TLN,8304,won,2,1,0
458831,206226,T1,14,lost,0,4,1
458832,206228,GEN,8185,won,0,2,1
458832,206228,KRX,17,lost,2,2,1
458832,206229,KRX,17,won,2,1,1
458832,206229,GEN,8185,lost,0,3,0
458832,206230,KRX,17,won,1,2,0
458832,206230,GEN,8185,lost,1,3,1
458833,206231,NS,5448,won,1,2,2
458833,206231,ZETA,11060,lost,1,3,0
458833,206232,ZETA,11060,won,1,3,1
458833,206232,NS,5448,lost,1,3,0
458833,206233,NS,5448,won,1,1,0
458833,206233,ZETA,11060,lost,1,1,0
458834,206234,BME,278,won,2,1,1
458834,206234,DFM,466,lost,0,2,0
458834,206235,BME,278,won,2,0,0
458834,206235,DFM,466,lost,0,3,1
458835,206237,RRQ,878,won,0,3,0
458835,206237,TS,6199,lost,2,3,0
458835,206238,TS,6199,won,2,1,1
458835,206238,RRQ,878,lost,0,3,0
458835,206239,TS,6199,won,1,2,1
458835,206239,RRQ,878,lost,1,2,0
473833,212502,TLN,17,won,1,1,0
473833,212502,GEN,8304,lost,1,2,0
473833,212503,GEN,8304,won,1,1,0
473833,212503,TLN,17,lost,1,1,0
473833,212504,GEN,8304,won,1,1,0
473833,212504,TLN,17,lost,1,3,0
473834,212505,KRX,8185,won,2,4,1
473834,212505,T1,14,lost,0,3,1
473834,212506,KRX,8185,won,0,2,0
473834,212506,T1,14,lost,2,2,1
473837,212514,GEN,466,won,1,1,0
473837,212514,BME,17,lost,1,3,1
473837,212515,GEN,466,won,1,1,0
473837,212515,BME,17,lost,1,2,0
473838,212517,KRX,878,won,1,4,1
473838,212517,RRQ,8185,lost,1,2,1
473838,212518,RRQ,8185,won,1,1,0
473838,212518,KRX,878,lost,1,3,0
473838,212519,RRQ,8185,won,1,1,0
473838,212519,KRX,878,lost,1,3,0
473835,212508,TLN,8304,won,1,2,0
473835,212508,NS,11060,lost,1,1,0
473835,212509,NS,11060,won,2,0,0
473835,212509,TLN,8304,lost,0,5,0
473835,212510,TLN,8304,won,0,4,0
473835,212510,NS,11060,lost,2,0,0
473836,212511,T1,14,won,2,0,0
473836,212511,PRX,624,lost,0,2,0
473836,212512,PRX,624,won,2,0,0
473836,212512,T1,14,lost,0,4,0
473836,212513,PRX,624,won,2,0,0
473836,212513,T1,14,lost,0,2,0
473839,212520,KRX,8304,won,1,1,1
473839,212520,TLN,8185,lost,1,2,0
473839,212521,KRX,8304,won,1,2,0
473839,212521,TLN,8185,lost,1,4,0
473840,212523,PRX,466,won,2,0,0
473840,212523,BME,624,lost,0,4,1
473840,212524,PRX,466,won,2,1,0
473840,212524,BME,624,lost,0,2,0
473841,212526,GEN,17,won,2,0,0
473841,212526,RRQ,878,lost,0,3,0
473841,212527,GEN,17,won,1,1,0
473841,212527,RRQ,878,lost,1,2,0
473842,212529,PRX,8185,won,1,3,1
473842,212529,KRX,624,lost,1,2,0
473842,212530,PRX,8185,won,1,2,1
473842,212530,KRX,624,lost,1,3,0
473843,212532,PRX,624,won,2,0,0
473843,212532,RRQ,878,lost,0,2,0
473843,212533,RRQ,878,won,1,4,2
473843,212533,PRX,624,lost,1,2,0
473843,212534,RRQ,878,won,1,3,1
473843,212534,PRX,624,lost,1,3,0
473843,212535,PRX,624,won,2,1,1
473843,212535,RRQ,878,lost,0,2,0
473843,212536,RRQ,878,won,1,1,0
473843,212536,PRX,624,lost,1,3,0
473844,212537,GEN,17,won,1,1,1
473844,212537,RRQ,878,lost,1,2,0
473844,212538,RRQ,878,won,2,3,0
473844,212538,GEN,17,lost,0,2,0
473844,212539,RRQ,878,won,1,2,1
473844,212539,GEN,17,lost,1,4,1
473844,212540,RRQ,878,won,0,3,1
473844,212540,GEN,17,lost,2,0,0
459517,206933,NRG,1034,won,2,0,0
459517,206933,C9,188,lost,0,2,0
459517,206934,C9,188,won,1,1,1
459517,206934,NRG,1034,lost,1,2,0
459517,206935,C9,188,won,2,0,0
459517,206935,NRG,1034,lost,0,3,0
459518,206936,LOUD,6961,won,2,1,0
459518,206936,KRÜ,2355,lost,0,2,0
459518,206937,KRÜ,2355,won,2,0,0
459518,206937,LOUD,6961,lost,0,3,0
459518,206938,KRÜ,2355,won,2,4,1
459518,206938,LOUD,6961,lost,0,4,1
459519,206939,G2,11058,won,1,4,0
459519,206939,FUR,2406,lost,1,3,0
459519,206940,G2,11058,won,2,2,1
459519,206940,FUR,2406,lost,0,2,1
459520,206942,MIBR,7386,won,2,0,0
459520,206942,LEV,2359,lost,0,4,0
459520,206943,MIBR,7386,won,2,1,0
459520,206943,LEV,2359,lost,0,3,0
459521,206945,EG,5248,won,1,3,1
459521,206945,2G,15072,lost,1,3,0
459521,206946,EG,5248,won,2,2,0
459521,206946,2G,15072,lost,0,3,1
459522,206948,SEN,2,won,2,1,0
459522,206948,100T,120,lost,0,4,1
459522,206949,100T,120,won,2,0,0
459522,206949,SEN,2,lost,0,3,0
459522,206950,SEN,2,won,2,0,0
459522,206950,100T,120,lost,0,4,0
459523,206951,FUR,2406,won,2,1,0
459523,206951,NRG,1034,lost,0,3,0
459523,206952,NRG,1034,won,2,0,0
459523,206952,FUR,2406,lost,0,2,0
459523,206953,NRG,1034,won,1,1,0
459523,206953,FUR,2406,lost,1,1,0
459524,206954,KRÜ,2355,won,1,2,0
459524,206954,SEN,2,lost,1,2,1
459524,206955,KRÜ,2355,won,2,1,0
459524,206955,SEN,2,lost,0,3,0
459525,206957,100T,5248,won,0,4,3
459525,206957,EG,120,lost,2,2,1
459525,206958,100T,5248,won,2,1,0
459525,206958,EG,120,lost,0,4,0
459526,206960,MIBR,7386,won,1,2,0
459526,206960,G2,11058,lost,1,2,1
459526,206961,G2,11058,won,1,1,0
459526,206961,MIBR,7386,lost,1,1,0
459526,206962,G2,11058,won,2,1,0
459526,206962,MIBR,7386,lost,0,2,1
459527,206963,2G,15072,won,1,2,0
459527,206963,LOUD,6961,lost,1,2,0
459527,206964,2G,15072,won,2,6,1
459527,206964,LOUD,6961,lost,0,4,1
459528,206966,C9,2359,won,1,1,0
459528,206966,LEV,188,lost,1,3,0
459528,206967,C9,2359,won,2,1,0
459528,206967,LEV,188,lost,0,4,0
459529,206969,SEN,2,won,1,1,0
459529,206969,EG,5248,lost,1,3,1
459529,206970,SEN,2,won,2,0,0
459529,206970,EG,5248,lost,0,4,0
459530,206972,LOUD,6961,won,2,0,0
459530,206972,100T,120,lost,0,2,0
459530,206973,100T,120,won,2,4,1
459530,206973,LOUD,6961,lost,0,3,1
459530,206974,100T,120,won,0,3,0
459530,206974,LOUD,6961,lost,2,1,0
459531,206975,KRÜ,15072,won,1,2,1
459531,206975,2G,2355,lost,1,3,0
459531,206976,2G,2355,won,2,0,0
459531,206976,KRÜ,15072,lost,0,2,0
459531,206977,KRÜ,15072,won,1,2,0
459531,206977,2G,2355,lost,1,3,0
459532,206978,G2,11058,won,2,0,0
459532,206978,NRG,1034,lost,0,2,0
459532,206979,G2,11058,won,1,1,0
459532,206979,NRG,1034,lost,1,3,0
459533,206981,LEV,2359,won,2,1,0
459533,206981,FUR,2406,lost,0,3,0
459533,206982,LEV,2359,won,2,0,0
459533,206982,FUR,2406,lost,0,3,0
459534,206984,C9,188,won,1,2,0
459534,206984,MIBR,7386,lost,1,3,1
459534,206985,MIBR,7386,won,1,1,0
459534,206985,C9,188,lost,1,1,0
459534,206986,MIBR,7386,won,1,1,0
459534,206986,C9,188,lost,1,1,0
459535,206987,100T,15072,won,1,6,2
459535,206987,2G,120,lost,1,3,1
459535,206988,100T,15072,won,0,3,2
459535,206988,2G,120,lost,2,3,0
459536,206990,G2,11058,won,0,1,0
459536,206990,LEV,2359,lost,2,2,0
459536,206991,LEV,2359,won,0,4,1
459536,206991,G2,11058,lost,2,3,2
459536,206992,G2,11058,won,0,3,0
459536,206992,LEV,2359,lost,2,3,0
459537,206993,C9,188,won,1,2,0
459537,206993,FUR,2406,lost,1,1,0
459537,206994,C9,188,won,2,0,0
459537,206994,FUR,2406,lost,0,2,0
459538,206996,SEN,2,won,1,1,1
459538,206996,LOUD,6961,lost,1,4,1
459538,206997,LOUD,6961,won,1,3,0
459538,206997,SEN,2,lost,1,3,1
459538,211889,SEN,2,won,1,2,1
459538,211889,LOUD,6961,lost,1,4,0
459539,206999,EG,5248,won,1,1,1
459539,206999,KRÜ,2355,lost,1,2,0
459539,207000,EG,5248,won,1,3,1
459539,207000,KRÜ,2355,lost,1,4,0
459540,207002,MIBR,7386,won,1,2,0
459540,207002,NRG,1034,lost,1,1,0
459540,207003,MIBR,7386,won,0,2,1
459540,207003,NRG,1034,lost,2,1,0
459541,207005,G2,188,won,1,2,1
459541,207005,C9,11058,lost,1,3,0
459541,207006,C9,11058,won,2,0,0
459541,207006,G2,188,lost,0,4,1
459541,207007,G2,188,won,2,3,1
459541,207007,C9,11058,lost,0,4,1
459542,207008,MIBR,7386,won,2,0,0
459542,207008,FUR,2406,lost,0,2,0
459542,207009,FUR,2406,won,0,3,0
459542,207009,MIBR,7386,lost,2,0,0
459542,207010,MIBR,7386,won,1,1,1
459542,207010,FUR,2406,lost,1,3,0
459543,207011,SEN,15072,won,1,1,0
459543,207011,2G,2,lost,1,3,0
459543,207012,SEN,15072,won,2,1,1
459543,207012,2G,2,lost,0,2,0
459544,207014,KRÜ,120,won,1,2,0
459544,207014,100T,2355,lost,1,2,0
459544,207015,KRÜ,120,won,1,2,1
459544,207015,100T,2355,lost,1,4,2
459545,207017,LOUD,6961,won,1,4,1
459545,207017,EG,5248,lost,1,4,1
459545,207018,EG,5248,won,0,6,3
459545,207018,LOUD,6961,lost,2,1,0
459545,207019,EG,5248,won,1,4,1
459545,207019,LOUD,6961,lost,1,1,0
459546,207020,NRG,1034,won,2,0,0
459546,207020,LEV,2359,lost,0,2,0
459546,207021,NRG,1034,won,2,1,0
459546,207021,LEV,2359,lost,0,3,0
475897,213487,MIBR,7386,won,2,1,0
475897,213487,100T,120,lost,0,5,1
475897,213488,MIBR,7386,won,1,1,1
475897,213488,100T,120,lost,1,4,1
475898,213490,SEN,188,won,1,1,1
475898,213490,C9,2,lost,1,2,0
475898,213491,SEN,188,won,1,2,1
475898,213491,C9,2,lost,1,3,0
475903,213507,100T,120,won,2,0,0
475903,213507,NRG,1034,lost,0,3,0
475903,213508,100T,120,won,1,3,0
475903,213508,NRG,1034,lost,1,1,0
475904,213510,EG,188,won,1,2,1
475904,213510,C9,5248,lost,1,2,1
475904,213511,EG,188,won,1,3,1
475904,213511,C9,5248,lost,1,5,0
475899,213493,MIBR,7386,won,2,2,2
475899,213493,KRÜ,2355,lost,0,2,0
475899,213494,MIBR,7386,won,1,1,0
475899,213494,KRÜ,2355,lost,1,2,1
475900,213496,G2,2,won,1,0,0
475900,213496,SEN,11058,lost,1,1,0
475900,213497,SEN,11058,won,0,2,0
475900,213497,G2,2,lost,2,1,0
475900,213498,SEN,11058,won,2,3,0
475900,213498,G2,2,lost,0,0,0
475906,213516,EG,2355,won,0,4,1
475906,213516,KRÜ,5248,lost,2,2,1
475906,213517,EG,2355,won,1,4,1
475906,213517,KRÜ,5248,lost,1,3,1
475905,213513,G2,120,won,1,0,0
475905,213513,100T,11058,lost,1,3,0
475905,213514,100T,11058,won,2,1,0
475905,213514,G2,120,lost,0,3,0
475905,213515,G2,120,won,1,4,2
475905,213515,100T,11058,lost,1,4,0
475901,213499,SEN,2,won,1,1,0
475901,213499,MIBR,7386,lost,1,1,0
475901,213500,SEN,2,won,1,1,0
475901,213500,MIBR,7386,lost,1,2,1
475907,213519,EG,11058,won,2,3,1
475907,213519,G2,5248,lost,0,1,0
475907,213520,G2,5248,won,1,1,1
475907,213520,EG,11058,lost,1,2,0
475907,213521,G2,5248,won,1,3,1
475907,213521,EG,11058,lost,1,5,0
475908,213522,MIBR,7386,won,2,0,0
475908,213522,G2,11058,lost,0,4,2
475908,213523,G2,11058,won,1,2,1
475908,213523,MIBR,7386,lost,1,3,0
475908,213524,G2,11058,won,1,1,0
475908,213524,MIBR,7386,lost,1,4,3
475908,215607,G2,11058,won,2,2,2
475908,215607,MIBR,7386,lost,0,4,1
475902,213502,G2,11058,won,2,2,0
475902,213502,SEN,2,lost,0,2,0
475902,213503,G2,11058,won,0,3,1
475902,213503,SEN,2,lost,2,1,0
475902,213504,SEN,2,won,1,3,1
475902,213504,G2,11058,lost,1,3,1
475902,213505,G2,11058,won,2,0,0
475902,213505,SEN,2,lost,0,3,0
448598,202495,EDG,474,won,1,3,0
448598,202495,TL,1120,lost,1,3,1
448598,202496,EDG,474,won,1,2,1
448598,202496,TL,1120,lost,1,1,0
448600,202501,KRX,2,won,2,0,0
448600,202501,SEN,8185,lost,0,3,0
448600,202502,KRX,2,won,1,2,0
448600,202502,SEN,8185,lost,1,3,0
448599,202498,VIT,2059,won,1,1,0
448599,202498,T1,14,lost,1,3,0
448599,202499,VIT,2059,won,1,2,1
448599,202499,T1,14,lost,1,5,1
448597,202492,G2,12685,won,1,1,0
448597,202492,TE,11058,lost,1,2,0
448597,202493,G2,12685,won,2,1,0
448597,202493,TE,11058,lost,0,2,0
449000,202765,VIT,8185,won,1,1,0
449000,202765,KRX,2059,lost,1,3,1
449000,202766,KRX,2059,won,1,4,1
449000,202766,VIT,8185,lost,1,1,0
449000,202767,VIT,8185,won,1,3,2
449000,202767,KRX,2059,lost,1,2,1
449001,202768,G2,1120,won,0,5,2
449001,202768,EDG,11058,lost,2,1,0
449001,202769,EDG,11058,won,2,1,0
449001,202769,G2,1120,lost,0,2,0
449001,202770,EDG,11058,won,2,1,0
449001,202770,G2,1120,lost,0,3,0
449002,202771,T1,14,won,1,1,1
449002,202771,TE,12685,lost,1,3,0
449002,202772,T1,14,won,2,1,1
449002,202772,TE,12685,lost,0,5,1
449003,202774,SEN,474,won,1,2,0
449003,202774,TL,2,lost,1,1,0
449003,202775,TL,2,won,2,1,0
449003,202775,SEN,474,lost,0,2,0
449003,202776,TL,2,won,2,0,0
449003,202776,SEN,474,lost,0,2,0
449004,202777,T1,14,won,1,3,0
449004,202777,KRX,8185,lost,1,3,0
449004,202778,T1,14,won,2,1,0
449004,202778,KRX,8185,lost,0,2,0
449005,202780,G2,474,won,1,2,1
449005,202780,TL,11058,lost,1,1,0
449005,202781,G2,474,won,1,2,1
449005,202781,TL,11058,lost,1,4,0
449008,202783,EDG,1120,won,2,0,0
449008,202783,T1,14,lost,0,2,0
449008,202784,T1,14,won,2,2,2
449008,202784,EDG,1120,lost,0,3,1
449008,202785,EDG,1120,won,0,4,0
449008,202785,T1,14,lost,2,3,2
449009,202786,G2,11058,won,0,2,0
449009,202786,VIT,2059,lost,2,1,0
449009,202787,G2,11058,won,2,0,0
449009,202787,VIT,2059,lost,0,3,1
449010,202789,G2,1120,won,1,2,0
449010,202789,EDG,11058,lost,1,2,0
449010,202790,G2,1120,won,1,1,0
449010,202790,EDG,11058,lost,1,3,0
449012,202797,VIT,2059,won,1,3,0
449012,202797,T1,14,lost,1,2,1
449012,202798,T1,14,won,2,0,0
449012,202798,VIT,2059,lost,0,1,0
449012,202799,T1,14,won,1,2,1
449012,202799,VIT,2059,lost,1,4,1
449013,202800,T1,14,won,1,1,1
449013,202800,EDG,1120,lost,1,4,1
449013,202801,T1,14,won,1,3,1
449013,202801,EDG,1120,lost,1,3,1
449013,202802,EDG,1120,won,2,1,1
449013,202802,T1,14,lost,0,3,1
449013,202803,T1,14,won,2,1,0
449013,202803,EDG,1120,lost,0,3,1
449011,202792,G2,11058,won,1,0,0
449011,202792,T1,14,lost,1,2,0
449011,202793,T1,14,won,1,3,1
449011,202793,G2,11058,lost,1,3,0
449011,202794,G2,11058,won,1,3,0
449011,202794,T1,14,lost,1,2,0
449011,202795,T1,14,won,2,1,0
449011,202795,G2,11058,lost,0,4,0
449011,202796,T1,14,won,1,3,1
449011,202796,G2,11058,lost,1,1,0
429381,196073,BBL,14419,won,1,2,0
429381,196073,GX,397,lost,1,2,0
429381,196074,GX,397,won,0,4,1
429381,196074,BBL,14419,lost,2,0,0
429381,196075,BBL,14419,won,2,0,0
429381,196075,GX,397,lost,0,5,1
429380,196070,NAVI,8877,won,1,1,0
429380,196070,KC,4915,lost,1,2,0
429380,196071,KC,4915,won,2,0,0
429380,196071,NAVI,8877,lost,0,1,0
429380,196072,KC,4915,won,1,1,0
429380,196072,NAVI,8877,lost,1,2,0
429379,196067,MKOI,7035,won,1,3,1
429379,196067,TL,474,lost,1,2,0
429379,196068,TL,474,won,1,1,0
429379,196068,MKOI,7035,lost,1,3,0
429379,196069,TL,474,won,1,1,0
429379,196069,MKOI,7035,lost,1,2,1
429382,196076,M8,11479,won,2,1,1
429382,196076,APK,12694,lost,0,5,0
429382,196077,M8,11479,won,1,3,0
429382,196077,APK,12694,lost,1,4,0
429385,196085,BBL,2593,won,1,3,0
429385,196085,FNC,397,lost,1,1,0
429385,196086,FNC,397,won,2,0,0
429385,196086,BBL,2593,lost,0,6,2
429385,196087,BBL,2593,won,1,3,1
429385,196087,FNC,397,lost,1,2,0
429384,196082,VIT,2059,won,2,0,0
429384,196082,KC,8877,lost,0,3,0
429384,196083,KC,8877,won,1,2,0
429384,196083,VIT,2059,lost,1,1,0
429384,196084,VIT,2059,won,2,2,1
429384,196084,KC,8877,lost,0,2,0
429383,196079,FUT,1184,won,1,2,0
429383,196079,TL,474,lost,1,2,0
429383,196080,FUT,1184,won,1,2,1
429383,196080,TL,474,lost,1,4,1
429386,196088,M8,1001,won,2,0,0
429386,196088,TH,12694,lost,0,3,0
429386,196089,TH,12694,won,2,1,0
429386,196089,M8,1001,lost,0,3,0
429386,196090,TH,12694,won,1,2,0
429386,196090,M8,1001,lost,1,3,0
429393,196111,KC,8877,won,2,2,0
429393,196111,GX,14419,lost,0,2,0
429393,196112,GX,14419,won,1,1,1
429393,196112,KC,8877,lost,1,3,0
429393,196113,GX,14419,won,0,3,0
429393,196113,KC,8877,lost,2,3,0
429392,196108,FNC,4915,won,1,4,1
429392,196108,NAVI,2593,lost,1,2,0
429392,196109,NAVI,2593,won,1,1,0
429392,196109,FNC,4915,lost,1,2,0
429392,196110,FNC,4915,won,0,3,1
429392,196110,NAVI,2593,lost,2,2,1
429394,196114,TL,474,won,1,1,0
429394,196114,APK,11479,lost,1,4,0
429394,196115,APK,11479,won,2,3,1
429394,196115,TL,474,lost,0,4,0
429394,196116,TL,474,won,2,1,0
429394,196116,APK,11479,lost,0,4,1
429391,196105,M8,12694,won,1,1,1
429391,196105,MKOI,7035,lost,1,4,0
429391,196106,MKOI,7035,won,1,1,1
429391,196106,M8,12694,lost,1,4,1
429391,196107,M8,12694,won,1,3,1
429391,196107,MKOI,7035,lost,1,3,1
429388,196094,TH,1001,won,1,3,0
429388,196094,BBL,397,lost,1,3,0
429388,196095,TH,1001,won,1,1,0
429388,196095,BBL,397,lost,1,4,1
429387,196091,VIT,2059,won,0,2,0
429387,196091,FUT,1184,lost,2,2,0
429387,196092,VIT,2059,won,2,1,0
429387,196092,FUT,1184,lost,0,4,0
429395,196117,FNC,2593,won,1,1,0
429395,196117,M8,12694,lost,1,2,0
429395,196118,FNC,2593,won,1,1,0
429395,196118,M8,12694,lost,1,2,0
429396,196120,TL,474,won,2,2,2
429396,196120,GX,14419,lost,0,4,1
429396,196121,TL,474,won,1,1,1
429396,196121,GX,14419,lost,1,3,0
429397,196123,FUT,1184,won,2,2,0
429397,196123,FNC,2593,lost,0,4,0
429397,196124,FUT,1184,won,2,3,1
429397,196124,FNC,2593,lost,0,3,1
429398,196126,TL,397,won,1,3,1
429398,196126,BBL,474,lost,1,2,2
429398,196127,BBL,474,won,2,2,0
429398,196127,TL,397,lost,0,2,0
429398,196128,TL,397,won,0,3,0
429398,196128,BBL,474,lost,2,2,1
429389,196097,VIT,2059,won,1,2,0
429389,196097,TH,1001,lost,1,4,1
429389,196098,VIT,2059,won,2,0,0
429389,196098,TH,1001,lost,0,3,0
429400,196129,TL,474,won,2,0,0
429400,196129,FUT,1184,lost,0,5,0
429400,196130,FUT,1184,won,1,3,1
429400,196130,TL,474,lost,1,2,0
429400,196131,TL,474,won,1,1,1
429400,196131,FUT,1184,lost,1,4,0
429401,196132,TL,474,won,2,0,0
429401,196132,TH,1001,lost,0,4,0
429401,196133,TL,474,won,1,1,1
429401,196133,TH,1001,lost,1,4,0
429401,196134,TL,474,won,2,2,0
429401,196134,TH,1001,lost,0,2,0
429390,196100,TL,474,won,2,2,0
429390,196100,VIT,2059,lost,0,4,1
429390,196101,TL,474,won,1,2,1
429390,196101,VIT,2059,lost,1,1,0
429390,196102,VIT,2059,won,2,3,1
429390,196102,TL,474,lost,0,1,0
429390,196103,VIT,2059,won,1,1,0
429390,196103,TL,474,lost,1,3,2
429390,196104,VIT,2059,won,2,0,0
429390,196104,TL,474,lost,0,2,0
430514,196410,T1,14,won,0,1,1
430514,196410,BME,466,lost,2,4,0
430514,196411,BME,466,won,1,2,1
430514,196411,T1,14,lost,1,4,0
430514,196412,T1,14,won,0,2,0
430514,196412,BME,466,lost,2,2,0
430515,196413,NS,5448,won,1,2,0
430515,196413,ZETA,11060,lost,1,2,0
430515,196414,NS,5448,won,1,2,0
430515,196414,ZETA,11060,lost,1,3,0
430516,196416,TS,918,won,2,0,0
430516,196416,GE,6199,lost,0,3,1
430516,196417,GE,6199,won,2,3,1
430516,196417,TS,918,lost,0,2,0
430516,196418,GE,6199,won,2,0,0
430516,196418,TS,918,lost,0,4,1
430517,196419,DFM,878,won,1,2,0
430517,196419,RRQ,278,lost,1,2,0
430517,196420,RRQ,278,won,1,1,0
430517,196420,DFM,878,lost,1,2,0
430517,196421,RRQ,278,won,1,1,1
430517,196421,DFM,878,lost,1,3,1
430521,196431,KRX,11060,won,1,2,0
430521,196431,NS,8185,lost,1,3,0
430521,196432,NS,8185,won,1,1,0
430521,196432,KRX,11060,lost,1,3,0
430521,196433,KRX,11060,won,2,1,0
430521,196433,NS,8185,lost,0,4,1
430518,196422,T1,14,won,1,1,0
430518,196422,PRX,624,lost,1,2,0
430518,196423,PRX,624,won,2,2,1
430518,196423,T1,14,lost,0,3,1
430518,196424,T1,14,won,1,1,0
430518,196424,PRX,624,lost,1,1,0
430519,196425,GE,8304,won,0,3,0
430519,196425,TLN,918,lost,2,2,0
430519,196426,TLN,918,won,0,2,1
430519,196426,GE,8304,lost,2,3,0
430519,196427,TLN,918,won,2,1,0
430519,196427,GE,8304,lost,0,5,1
430520,196428,RRQ,17,won,1,1,0
430520,196428,GEN,878,lost,1,2,0
430520,196429,GEN,878,won,1,1,0
430520,196429,RRQ,17,lost,1,1,0
430520,196430,GEN,878,won,0,1,0
430520,196430,RRQ,17,lost,2,1,0
430526,196448,NS,466,won,2,0,0
430526,196448,BME,11060,lost,0,4,0
430526,196449,BME,11060,won,2,3,1
430526,196449,NS,466,lost,0,4,1
430526,196450,NS,466,won,1,0,0
430526,196450,BME,11060,lost,1,3,1
430529,196457,PRX,5448,won,1,1,1
430529,196457,ZETA,624,lost,1,5,1
430529,196458,PRX,5448,won,1,1,0
430529,196458,ZETA,624,lost,1,3,0
430527,196451,TS,878,won,1,2,0
430527,196451,RRQ,6199,lost,1,1,0
430527,196452,RRQ,6199,won,1,1,0
430527,196452,TS,878,lost,1,3,0
430527,196453,RRQ,6199,won,2,0,0
430527,196453,TS,878,lost,0,3,0
430528,196454,DFM,918,won,1,1,0
430528,196454,GE,278,lost,1,3,0
430528,196455,DFM,918,won,2,1,0
430528,196455,GE,278,lost,0,2,0
430522,196434,T1,14,won,1,2,0
430522,196434,TLN,8304,lost,1,1,0
430522,196435,TLN,8304,won,2,0,0
430522,196435,T1,14,lost,0,2,0
430522,196436,T1,14,won,1,3,1
430522,196436,TLN,8304,lost,1,0,0
430523,196437,KRX,17,won,0,4,1
430523,196437,GEN,8185,lost,2,2,0
430523,196438,KRX,17,won,2,1,0
430523,196438,GEN,8185,lost,0,1,0
430530,196460,RRQ,11060,won,1,1,0
430530,196460,NS,878,lost,1,3,0
430530,196461,NS,878,won,1,2,0
430530,196461,RRQ,11060,lost,1,3,1
430530,196462,NS,878,won,1,3,1
430530,196462,RRQ,11060,lost,1,3,1
430531,196463,DFM,278,won,2,2,1
430531,196463,PRX,624,lost,0,1,0
430531,196464,DFM,278,won,2,0,0
430531,196464,PRX,624,lost,0,3,1
430532,196466,NS,8304,won,0,2,1
430532,196466,TLN,11060,lost,2,2,0
430532,196467,TLN,11060,won,2,3,1
430532,196467,NS,8304,lost,0,1,0
430532,196468,TLN,11060,won,2,0,0
430532,196468,NS,8304,lost,0,3,0
430533,196469,GEN,278,won,1,1,0
430533,196469,DFM,17,lost,1,2,0
430533,196470,GEN,278,won,0,2,1
430533,196470,DFM,17,lost,2,2,0
430524,196440,T1,14,won,0,3,0
430524,196440,KRX,8185,lost,2,5,1
430524,196441,KRX,8185,won,1,3,1
430524,196441,T1,14,lost,1,1,0
430524,196442,KRX,8185,won,2,4,2
430524,196442,T1,14,lost,0,5,2
430534,196472,GEN,17,won,0,2,0
430534,196472,TLN,8304,lost,2,1,0
430534,196473,GEN,17,won,2,0,0
430534,196473,TLN,8304,lost,0,3,0
430535,196475,T1,14,won,2,3,1
430535,196475,GEN,17,lost,0,3,0
430535,196476,T1,14,won,0,2,0
430535,196476,GEN,17,lost,2,0,0
430535,196477,GEN,17,won,1,1,1
430535,196477,T1,14,lost,1,4,0
430535,196478,GEN,17,won,1,2,1
430535,196478,T1,14,lost,1,3,2
430535,196479,T1,14,won,1,3,0
430535,196479,GEN,17,lost,1,2,0
430525,196443,KRX,8185,won,2,0,0
430525,196443,T1,14,lost,0,3,0
430525,196444,T1,14,won,2,0,0
430525,196444,KRX,8185,lost,0,3,0
430525,196445,KRX,8185,won,2,1,1
430525,196445,T1,14,lost,0,2,0
430525,196446,T1,14,won,1,3,1
430525,196446,KRX,8185,lost,1,2,1
430525,196447,KRX,8185,won,0,2,1
430525,196447,T1,14,lost,2,4,1
427991,195761,LOUD,6961,won,2,1,0
427991,195761,EG,5248,lost,0,3,1
427991,195762,LOUD,6961,won,0,2,0
427991,195762,EG,5248,lost,2,3,0
427992,195764,100T,120,won,1,1,0
427992,195764,MIBR,7386,lost,1,2,0
427992,195765,100T,120,won,2,0,0
427992,195765,MIBR,7386,lost,0,4,0
427994,195770,FUR,2406,won,0,3,1
427994,195770,2G,15072,lost,2,2,0
427994,195771,FUR,2406,won,2,0,0
427994,195771,2G,15072,lost,0,5,0
427993,195767,C9,188,won,1,2,0
427993,195767,NRG,1034,lost,1,3,0
427993,195768,C9,188,won,1,1,0
427993,195768,NRG,1034,lost,1,3,0
427995,195773,LOUD,6961,won,1,2,1
427995,195773,KRÜ,2355,lost,1,3,0
427995,195774,LOUD,6961,won,2,3,1
427995,195774,KRÜ,2355,lost,0,2,0
427996,195776,100T,120,won,1,2,0
427996,195776,SEN,2,lost,1,1,0
427996,195777,SEN,2,won,1,2,1
427996,195777,100T,120,lost,1,2,0
427996,195778,SEN,2,won,1,1,1
427996,195778,100T,120,lost,1,2,0
427998,195782,LEV,2406,won,1,2,0
427998,195782,FUR,2359,lost,1,3,0
427998,195783,LEV,2406,won,2,0,0
427998,195783,FUR,2359,lost,0,2,1
427997,195779,G2,188,won,2,0,0
427997,195779,C9,11058,lost,0,4,0
427997,195780,G2,188,won,1,1,0
427997,195780,C9,11058,lost,1,1,0
428003,195799,EG,2406,won,2,2,0
428003,195799,FUR,5248,lost,0,2,1
428003,195800,EG,2406,won,1,2,1
428003,195800,FUR,5248,lost,1,2,0
428004,195802,C9,188,won,2,0,0
428004,195802,MIBR,7386,lost,0,3,0
428004,195803,MIBR,7386,won,1,2,0
428004,195803,C9,188,lost,1,2,0
428004,195804,MIBR,7386,won,1,2,1
428004,195804,C9,188,lost,1,2,0
428006,195808,KRÜ,15072,won,2,0,0
428006,195808,2G,2355,lost,0,2,0
428006,195809,KRÜ,15072,won,2,0,0
428006,195809,2G,2355,lost,0,3,0
428005,195805,100T,120,won,2,0,0
428005,195805,NRG,1034,lost,0,3,0
428005,195806,NRG,1034,won,2,2,1
428005,195806,100T,120,lost,0,3,0
428005,195807,NRG,1034,won,2,0,0
428005,195807,100T,120,lost,0,2,0
427999,195785,LOUD,6961,won,1,3,1
427999,195785,SEN,2,lost,1,1,0
427999,195786,SEN,2,won,1,3,0
427999,195786,LOUD,6961,lost,1,2,0
427999,195787,SEN,2,won,1,3,0
427999,195787,LOUD,6961,lost,1,3,0
428000,195788,G2,11058,won,1,1,0
428000,195788,LEV,2359,lost,1,4,0
428000,195789,G2,11058,won,1,3,1
428000,195789,LEV,2359,lost,1,3,2
428007,195811,MIBR,7386,won,1,2,0
428007,195811,EG,5248,lost,1,3,1
428007,195812,MIBR,7386,won,1,1,1
428007,195812,EG,5248,lost,1,1,0
428008,195814,KRÜ,2355,won,2,2,0
428008,195814,NRG,1034,lost,0,3,0
428008,195815,NRG,1034,won,1,2,0
428008,195815,KRÜ,2355,lost,1,2,0
428008,195816,KRÜ,2355,won,1,1,1
428008,195816,NRG,1034,lost,1,2,0
428009,195817,LEV,2359,won,1,2,0
428009,195817,MIBR,7386,lost,1,1,0
428009,195818,MIBR,7386,won,1,1,0
428009,195818,LEV,2359,lost,1,2,0
428009,195819,MIBR,7386,won,1,3,1
428009,195819,LEV,2359,lost,1,1,0
428010,195820,KRÜ,2355,won,1,2,2
428010,195820,LOUD,6961,lost,1,3,0
428010,195821,KRÜ,2355,won,1,2,0
428010,195821,LOUD,6961,lost,1,2,0
428001,195791,G2,2,won,1,2,0
428001,195791,SEN,11058,lost,1,2,0
428001,195792,G2,2,won,1,2,0
428001,195792,SEN,11058,lost,1,3,1
428011,195823,KRÜ,2355,won,1,2,0
428011,195823,MIBR,7386,lost,1,2,0
428011,195824,MIBR,7386,won,1,2,0
428011,195824,KRÜ,2355,lost,1,3,0
428011,195825,MIBR,7386,won,2,2,1
428011,195825,KRÜ,2355,lost,0,4,0
428012,195826,SEN,2,won,1,2,1
428012,195826,MIBR,7386,lost,1,3,1
428012,195827,SEN,2,won,0,2,1
428012,195827,MIBR,7386,lost,2,2,0
428012,195828,MIBR,7386,won,1,2,0
428012,195828,SEN,2,lost,1,3,0
428012,195829,SEN,2,won,2,1,1
428012,195829,MIBR,7386,lost,0,3,0
428002,195794,SEN,2,won,2,1,1
428002,195794,G2,11058,lost,0,4,0
428002,195795,G2,11058,won,2,2,0
428002,195795,SEN,2,lost,0,4,1
428002,195796,SEN,2,won,1,2,0
428002,195796,G2,11058,lost,1,4,1
428002,195797,G2,11058,won,2,0,0
428002,195797,SEN,2,lost,0,4,0
428002,195798,G2,11058,won,2,1,0
428002,195798,SEN,2,lost,0,3,0
378662,180369,GEN,2,won,2,1,0
378662,180369,SEN,17,lost,0,3,0
378662,180370,GEN,2,won,1,1,0
378662,180370,SEN,17,lost,1,3,0
378663,180372,TH,1001,won,2,2,0
378663,180372,FPX,11328,lost,0,5,1
378663,180373,FPX,11328,won,2,1,0
378663,180373,TH,1001,lost,0,2,0
378663,180374,TH,1001,won,1,3,2
378663,180374,FPX,11328,lost,1,3,0
378657,180357,KRÜ,8185,won,2,0,0
378657,180357,KRX,2355,lost,0,3,0
378657,180358,KRX,2355,won,2,2,0
378657,180358,KRÜ,8185,lost,0,2,2
378657,180359,KRX,2355,won,2,0,0
378657,180359,KRÜ,8185,lost,0,3,0
378656,180354,FNC,12010,won,1,2,0
378656,180354,BLG,2593,lost,1,2,1
378656,180355,FNC,12010,won,2,0,0
378656,180355,BLG,2593,lost,0,2,0
378667,180384,LEV,8304,won,1,3,0
378667,180384,TLN,2359,lost,1,1,0
378667,180385,LEV,8304,won,2,3,0
378667,180385,TLN,2359,lost,0,2,1
378669,180387,TE,2059,won,2,1,0
378669,180387,VIT,12685,lost,0,3,1
378669,180388,VIT,12685,won,1,1,0
378669,180388,TE,2059,lost,1,2,0
378669,180389,TE,2059,won,0,3,1
378669,180389,VIT,12685,lost,2,1,0
378674,180402,G2,624,won,1,3,2
378674,180402,PRX,11058,lost,1,1,0
378674,180403,G2,624,won,2,2,1
378674,180403,PRX,11058,lost,0,1,1
378673,180399,EDG,1184,won,2,1,0
378673,180399,FUT,1120,lost,0,4,0
378673,180400,EDG,1184,won,1,2,0
378673,180400,FUT,1120,lost,1,2,0
378664,180375,GEN,1001,won,2,1,0
378664,180375,TH,17,lost,0,3,0
378664,180376,TH,17,won,2,3,0
378664,180376,GEN,1001,lost,0,4,1
378664,180377,TH,17,won,1,2,1
378664,180377,GEN,1001,lost,1,1,0
378658,180360,KRX,2593,won,0,5,2
378658,180360,FNC,8185,lost,2,0,0
378658,180361,KRX,2593,won,1,0,0
378658,180361,FNC,8185,lost,1,2,0
378670,180390,TE,2359,won,2,1,0
378670,180390,LEV,12685,lost,0,2,0
378670,180391,LEV,12685,won,0,2,0
378670,180391,TE,2359,lost,2,1,0
378670,180392,TE,2359,won,0,2,1
378670,180392,LEV,12685,lost,2,2,0
378675,180405,EDG,11058,won,2,2,1
378675,180405,G2,1120,lost,0,3,0
378675,180406,G2,1120,won,1,2,0
378675,180406,EDG,11058,lost,1,2,1
378675,180407,G2,1120,won,1,4,1
378675,180407,EDG,11058,lost,1,3,0
378665,180378,SEN,11328,won,1,1,0
378665,180378,FPX,2,lost,1,2,0
378665,180379,SEN,11328,won,1,1,0
378665,180379,FPX,2,lost,1,2,0
378659,180363,KRÜ,12010,won,1,1,0
378659,180363,BLG,2355,lost,1,4,1
378659,180364,KRÜ,12010,won,2,0,0
378659,180364,BLG,2355,lost,0,3,0
378671,180393,VIT,2059,won,2,1,0
378671,180393,TLN,8304,lost,0,2,0
378671,180394,VIT,2059,won,1,2,2
378671,180394,TLN,8304,lost,1,4,0
378676,180408,PRX,624,won,1,1,0
378676,180408,FUT,1184,lost,1,2,1
378676,180409,PRX,624,won,2,1,0
378676,180409,FUT,1184,lost,0,4,0
378666,180381,SEN,17,won,2,2,0
378666,180381,GEN,2,lost,0,2,1
378666,180382,SEN,17,won,2,1,1
378666,180382,GEN,2,lost,0,2,0
378660,180366,KRÜ,2593,won,2,2,0
378660,180366,FNC,2355,lost,0,3,0
378660,180367,FNC,2355,won,2,0,0
378660,180367,KRÜ,2593,lost,0,3,0
378660,180368,FNC,2355,won,2,0,0
378660,180368,KRÜ,2593,lost,0,3,0
378672,180396,LEV,2359,won,1,4,0
378672,180396,VIT,2059,lost,1,3,2
378672,180397,LEV,2359,won,1,1,0
378672,180397,VIT,2059,lost,1,2,0
378677,180411,PRX,624,won,2,0,0
378677,180411,EDG,1120,lost,0,3,1
378677,180412,EDG,1120,won,1,1,0
378677,180412,PRX,624,lost,1,3,0
378677,180413,EDG,1120,won,2,0,0
378677,180413,PRX,624,lost,0,3,0
378822,180414,SEN,8185,won,1,2,0
378822,180414,KRX,2,lost,1,3,0
378822,180415,SEN,8185,won,1,2,1
378822,180415,KRX,2,lost,1,3,0
378823,180417,EDG,1120,won,1,2,0
378823,180417,TE,12685,lost,1,2,0
378823,180418,EDG,1120,won,1,4,1
378823,180418,TE,12685,lost,1,3,0
378824,180420,LEV,11058,won,1,1,0
378824,180420,G2,2359,lost,1,4,2
378824,180421,LEV,11058,won,2,1,1
378824,180421,G2,2359,lost,0,3,0
378825,180423,TH,2593,won,2,0,0
378825,180423,FNC,1001,lost,0,2,0
378825,180424,TH,2593,won,1,2,0
378825,180424,FNC,1001,lost,1,2,1
378831,180440,KRX,12685,won,2,1,1
378831,180440,TE,8185,lost,0,4,0
378831,180441,KRX,12685,won,2,0,0
378831,180441,TE,8185,lost,0,2,0
378832,180443,FNC,11058,won,2,0,0
378832,180443,G2,2593,lost,0,3,0
378832,180444,FNC,11058,won,0,2,1
378832,180444,G2,2593,lost,2,3,0
378826,180426,SEN,1120,won,0,3,1
378826,180426,EDG,2,lost,2,2,0
378826,180427,EDG,2,won,1,1,0
378826,180427,SEN,1120,lost,1,2,0
378826,180428,EDG,2,won,2,2,1
378826,180428,SEN,1120,lost,0,3,1
378827,180429,LEV,2359,won,1,3,0
378827,180429,TH,1001,lost,1,4,1
378827,180430,LEV,2359,won,1,3,1
378827,180430,TH,1001,lost,1,2,0
378834,180449,SEN,2,won,1,1,0
378834,180449,FNC,2593,lost,1,2,1
378834,180450,FNC,2593,won,2,1,0
378834,180450,SEN,2,lost,0,3,0
378834,180451,SEN,2,won,1,1,0
378834,180451,FNC,2593,lost,1,3,0
378833,180446,KRX,1001,won,2,0,0
378833,180446,TH,8185,lost,0,3,0
378833,180447,TH,8185,won,2,1,0
378833,180447,KRX,1001,lost,0,5,1
378833,180448,TH,8185,won,1,2,0
378833,180448,KRX,1001,lost,1,4,1
378828,180432,LEV,1120,won,1,2,0
378828,180432,EDG,2359,lost,1,1,0
378828,180433,EDG,2359,won,2,0,0
378828,180433,LEV,1120,lost,0,3,0
378828,182971,EDG,2359,won,0,4,1
378828,182971,LEV,1120,lost,2,1,0
378835,180452,SEN,1001,won,2,0,0
378835,180452,TH,2,lost,0,4,0
378835,180453,TH,2,won,2,1,0
378835,180453,SEN,1001,lost,0,3,1
378835,180454,TH,2,won,1,1,0
378835,180454,SEN,1001,lost,1,2,1
378836,180455,TH,1001,won,1,2,1
378836,180455,LEV,2359,lost,1,1,0
378836,180456,TH,1001,won,1,2,0
378836,180456,LEV,2359,lost,1,3,1
378836,180457,LEV,2359,won,2,0,0
378836,180457,TH,1001,lost,0,4,1
378836,180458,TH,1001,won,1,1,0
378836,180458,LEV,2359,lost,1,2,0
378829,180435,TH,1001,won,1,2,0
378829,180435,EDG,1120,lost,1,1,0
378829,180436,EDG,1120,won,2,1,1
378829,180436,TH,1001,lost,0,3,0
378829,180437,EDG,1120,won,1,2,1
378829,180437,TH,1001,lost,1,3,1
378829,180438,TH,1001,won,2,1,1
378829,180438,EDG,1120,lost,0,3,0
378829,180439,EDG,1120,won,2,0,0
378829,180439,TH,1001,lost,0,5,1
353177,173415,LEV,2359,won,0,4,1
353177,173415,MIBR,7386,lost,2,1,1
353177,173416,LEV,2359,won,1,2,1
353177,173416,MIBR,7386,lost,1,3,0
353178,173418,SEN,2,won,0,3,1
353178,173418,NRG,1034,lost,2,2,0
353178,173419,SEN,2,won,2,0,0
353178,173419,NRG,1034,lost,0,3,0
353179,173421,FUR,2406,won,0,3,0
353179,173421,100T,120,lost,2,2,0
353179,173422,FUR,2406,won,1,2,0
353179,173422,100T,120,lost,1,3,0
353180,173424,LOUD,6961,won,2,0,0
353180,173424,EG,5248,lost,0,4,0
353180,173425,EG,5248,won,2,0,0
353180,173425,LOUD,6961,lost,0,2,0
353180,173426,EG,5248,won,1,3,1
353180,173426,LOUD,6961,lost,1,1,0
353181,173427,G2,11058,won,2,1,0
353181,173427,C9,188,lost,0,2,0
353181,173428,C9,188,won,1,1,0
353181,173428,G2,11058,lost,1,3,0
353181,173429,G2,11058,won,2,2,0
353181,173429,C9,188,lost,0,3,0
353182,173430,EG,2406,won,1,1,1
353182,173430,FUR,5248,lost,1,3,0
353182,173431,EG,2406,won,1,1,1
353182,173431,FUR,5248,lost,1,2,0
353183,173433,SEN,2355,won,1,1,0
353183,173433,KRÜ,2,lost,1,1,0
353183,173434,SEN,2355,won,0,3,0
353183,173434,KRÜ,2,lost,2,0,0
353184,173436,LOUD,6961,won,2,0,0
353184,173436,MIBR,7386,lost,0,2,0
353184,173437,MIBR,7386,won,0,3,1
353184,173437,LOUD,6961,lost,2,2,0
353184,173438,LOUD,6961,won,2,2,0
353184,173438,MIBR,7386,lost,0,2,1
353185,173439,LEV,120,won,1,2,1
353185,173439,100T,2359,lost,1,2,2
353185,173440,LEV,120,won,2,1,0
353185,173440,100T,2359,lost,0,2,0
353186,173442,G2,11058,won,1,2,1
353186,173442,NRG,1034,lost,1,3,0
353186,173443,G2,11058,won,1,2,1
353186,173443,NRG,1034,lost,1,2,0
353187,173445,SEN,188,won,1,1,1
353187,173445,C9,2,lost,1,2,0
353187,173446,SEN,188,won,0,2,0
353187,173446,C9,2,lost,2,2,0
353188,173448,LEV,5248,won,2,0,0
353188,173448,EG,2359,lost,0,4,0
353188,173449,LEV,5248,won,2,1,0
353188,173449,EG,2359,lost,0,4,1
353189,173451,LOUD,6961,won,2,3,0
353189,173451,FUR,2406,lost,0,3,1
353189,173452,FUR,2406,won,1,3,0
353189,173452,LOUD,6961,lost,1,3,2
353189,173453,FUR,2406,won,1,3,2
353189,173453,LOUD,6961,lost,1,1,1
353190,173454,100T,120,won,1,1,0
353190,173454,MIBR,7386,lost,1,2,0
353190,173455,100T,120,won,1,1,0
353190,173455,MIBR,7386,lost,1,2,0
353191,173457,KRÜ,2355,won,1,2,1
353191,173457,NRG,1034,lost,1,3,0
353191,173458,NRG,1034,won,1,2,1
353191,173458,KRÜ,2355,lost,1,2,0
353191,173459,NRG,1034,won,2,2,1
353191,173459,KRÜ,2355,lost,0,3,0
353192,173460,KRÜ,11058,won,1,0,0
353192,173460,G2,2355,lost,1,4,0
353192,173461,G2,2355,won,1,5,1
353192,173461,KRÜ,11058,lost,1,2,1
353192,173462,G2,2355,won,1,1,0
353192,173462,KRÜ,11058,lost,1,2,0
353193,173463,LEV,2359,won,2,1,0
353193,173463,LOUD,6961,lost,0,4,1
353193,173464,LEV,2359,won,2,1,0
353193,173464,LOUD,6961,lost,0,4,0
353194,173466,FUR,2406,won,1,1,0
353194,173466,MIBR,7386,lost,1,4,1
353194,173467,FUR,2406,won,1,2,0
353194,173467,MIBR,7386,lost,1,2,0
353195,173469,NRG,1034,won,2,0,0
353195,173469,C9,188,lost,0,3,0
353195,173470,C9,188,won,2,0,0
353195,173470,NRG,1034,lost,0,4,0
353195,173471,C9,188,won,1,1,0
353195,173471,NRG,1034,lost,1,1,0
353196,173472,100T,120,won,1,3,0
353196,173472,EG,5248,lost,1,3,0
353196,173473,EG,5248,won,1,4,1
353196,173473,100T,120,lost,1,1,0
353196,173474,100T,120,won,1,3,1
353196,173474,EG,5248,lost,1,3,1
353197,173475,KRÜ,2355,won,2,1,1
353197,173475,C9,188,lost,0,3,0
353197,173476,KRÜ,2355,won,0,2,0
353197,173476,C9,188,lost,2,0,0
353198,173478,MIBR,7386,won,0,2,0
353198,173478,EG,5248,lost,2,0,0
353198,173479,MIBR,7386,won,2,0,0
353198,173479,EG,5248,lost,0,5,0
353199,173481,LEV,2359,won,1,1,0
353199,173481,FUR,2406,lost,1,5,2
353199,173482,LEV,2359,won,2,2,1
353199,173482,FUR,2406,lost,0,4,0
353200,173484,100T,120,won,2,0,0
353200,173484,LOUD,6961,lost,0,4,0
353200,173485,LOUD,6961,won,1,2,0
353200,173485,100T,120,lost,1,3,0
353200,173486,LOUD,6961,won,0,2,0
353200,173486,100T,120,lost,2,0,0
353201,173487,G2,2,won,2,0,0
353201,173487,SEN,11058,lost,0,4,1
353201,173488,G2,2,won,1,3,2
353201,173488,SEN,11058,lost,1,2,1
371266,178819,KRÜ,188,won,1,1,1
371266,178819,C9,2355,lost,1,5,1
371266,178820,C9,2355,won,1,1,0
371266,178820,KRÜ,188,lost,1,1,0
371266,178821,KRÜ,188,won,1,1,0
371266,178821,C9,2355,lost,1,1,0
371267,178822,100T,120,won,1,2,0
371267,178822,SEN,2,lost,1,2,1
371267,178823,100T,120,won,2,1,0
371267,178823,SEN,2,lost,0,3,1
371268,178825,LEV,2359,won,2,0,0
371268,178825,KRÜ,2355,lost,0,2,0
371268,178826,LEV,2359,won,1,1,0
371268,178826,KRÜ,2355,lost,1,2,1
371269,178828,G2,11058,won,1,1,0
371269,178828,100T,120,lost,1,4,0
371269,178829,G2,11058,won,2,1,0
371269,178829,100T,120,lost,0,2,0
371270,178831,G2,11058,won,2,4,2
371270,178831,LEV,2359,lost,0,3,0
371270,178832,G2,11058,won,1,2,1
371270,178832,LEV,2359,lost,1,2,1
371272,178839,100T,2355,won,1,1,0
371272,178839,KRÜ,120,lost,1,3,0
371272,178840,KRÜ,120,won,2,3,1
371272,178840,100T,2355,lost,0,3,1
371272,178841,KRÜ,120,won,1,2,0
371272,178841,100T,2355,lost,1,2,0
371273,178842,LEV,2359,won,0,2,1
371273,178842,KRÜ,2355,lost,2,1,0
371273,178843,KRÜ,2355,won,2,1,0
371273,178843,LEV,2359,lost,0,3,0
371273,178844,KRÜ,2355,won,1,1,0
371273,178844,LEV,2359,lost,1,4,0
371273,178845,LEV,2359,won,2,1,0
371273,178845,KRÜ,2355,lost,0,2,0
371273,178846,LEV,2359,won,1,3,1
371273,178846,KRÜ,2355,lost,1,3,1
371271,178834,LEV,2359,won,0,3,1
371271,178834,G2,11058,lost,2,5,1
371271,178835,LEV,2359,won,0,3,2
371271,178835,G2,11058,lost,2,3,2
371271,178836,G2,11058,won,1,2,0
371271,178836,LEV,2359,lost,1,2,0
371271,178837,LEV,2359,won,1,1,0
371271,178837,G2,11058,lost,1,4,0
314340,163239,KRX,5448,won,2,0,0
314340,163239,ZETA,8185,lost,0,3,0
314340,163240,ZETA,8185,won,2,3,1
314340,163240,KRX,5448,lost,0,3,1
314340,163241,KRX,5448,won,1,1,0
314340,163241,ZETA,8185,lost,1,3,2
314341,163242,BLD,6199,won,1,2,0
314341,163242,TS,6387,lost,1,1,0
314341,163243,TS,6387,won,1,3,1
314341,163243,BLD,6199,lost,1,2,1
314341,163244,TS,6387,won,2,0,0
314341,163244,BLD,6199,lost,0,4,1
314342,163245,GEN,17,won,1,2,0
314342,163245,T1,14,lost,1,1,0
314342,163246,T1,14,won,2,1,1
314342,163246,GEN,17,lost,0,3,0
314342,163247,GEN,17,won,2,1,1
314342,163247,T1,14,lost,0,2,0
314343,163248,PRX,8304,won,2,0,0
314343,163248,TLN,624,lost,0,3,0
314343,163249,PRX,8304,won,1,2,1
314343,163249,TLN,624,lost,1,3,0
314344,163251,RRQ,878,won,1,1,0
314344,163251,DFM,278,lost,1,3,0
314344,163252,RRQ,878,won,0,2,0
314344,163252,DFM,278,lost,2,2,1
314345,163254,TS,6199,won,1,1,0
314345,163254,GE,918,lost,1,2,0
314345,163255,TS,6199,won,2,1,0
314345,163255,GE,918,lost,0,4,1
314346,163257,TLN,8304,won,1,3,0
314346,163257,RRQ,878,lost,1,1,1
314346,163258,RRQ,878,won,1,1,0
314346,163258,TLN,8304,lost,1,3,1
314346,163259,TLN,8304,won,1,3,0
314346,163259,RRQ,878,lost,1,2,0
314347,163260,PRX,624,won,2,0,0
314347,163260,KRX,8185,lost,0,2,0
314347,163261,KRX,8185,won,2,1,0
314347,163261,PRX,624,lost,0,5,2
314347,163262,PRX,624,won,2,1,0
314347,163262,KRX,8185,lost,0,3,0
314348,163263,GE,918,won,1,1,0
314348,163263,BLD,6387,lost,1,4,0
314348,163264,GE,918,won,1,1,0
314348,163264,BLD,6387,lost,1,2,0
314349,163266,ZETA,5448,won,0,2,0
314349,163266,DFM,278,lost,2,1,0
314349,163267,DFM,278,won,2,1,0
314349,163267,ZETA,5448,lost,0,4,0
314349,163268,DFM,278,won,0,4,1
314349,163268,ZETA,5448,lost,2,1,1
314350,163269,RRQ,878,won,0,2,1
314350,163269,KRX,8185,lost,2,4,1
314350,163270,RRQ,878,won,1,1,0
314350,163270,KRX,8185,lost,1,4,1
314351,163272,T1,14,won,0,2,1
314351,163272,TS,6199,lost,2,4,2
314351,163273,TS,6199,won,2,0,0
314351,163273,T1,14,lost,0,3,0
314351,163274,TS,6199,won,1,2,0
314351,163274,T1,14,lost,1,3,1
314352,163275,TLN,8304,won,1,2,0
314352,163275,DFM,278,lost,1,4,1
314352,163276,TLN,8304,won,2,1,0
314352,163276,DFM,278,lost,0,3,1
314353,163278,RRQ,5448,won,1,1,0
314353,163278,ZETA,878,lost,1,3,0
314353,163279,RRQ,5448,won,1,2,1
314353,163279,ZETA,878,lost,1,1,0
314354,163281,GE,918,won,2,2,2
314354,163281,T1,14,lost,0,3,0
314354,163282,T1,14,won,0,2,0
314354,163282,GE,918,lost,2,2,0
314354,163283,T1,14,won,1,1,0
314354,163283,GE,918,lost,1,2,0
314355,163284,GEN,17,won,2,0,0
314355,163284,BLD,6387,lost,0,3,0
314355,163285,BLD,6387,won,1,3,1
314355,163285,GEN,17,lost,1,2,1
314355,163286,GEN,17,won,2,0,0
314355,163286,BLD,6387,lost,0,4,0
314356,163287,PRX,278,won,1,1,0
314356,163287,DFM,624,lost,1,2,1
314356,163288,PRX,278,won,1,2,0
314356,163288,DFM,624,lost,1,1,0
314357,163290,TLN,8304,won,1,2,0
314357,163290,KRX,8185,lost,1,5,1
314357,163291,KRX,8185,won,0,4,2
314357,163291,TLN,8304,lost,2,0,0
314357,163292,KRX,8185,won,1,2,0
314357,163292,TLN,8304,lost,1,2,0
314358,163293,PRX,624,won,0,1,0
314358,163293,RRQ,878,lost,2,0,0
314358,163294,RRQ,878,won,1,1,1
314358,163294,PRX,624,lost,1,2,0
314358,163295,PRX,624,won,2,2,1
314358,163295,RRQ,878,lost,0,3,0
314359,163296,GEN,918,won,2,0,0
314359,163296,GE,17,lost,0,2,0
314359,163297,GEN,918,won,2,1,0
314359,163297,GE,17,lost,0,2,0
314360,163299,KRX,8185,won,1,2,0
314360,163299,DFM,278,lost,1,2,1
314360,163300,DFM,278,won,2,0,0
314360,163300,KRX,8185,lost,0,2,0
314360,178343,KRX,8185,won,2,0,0
314360,178343,DFM,278,lost,0,3,0
314361,163302,ZETA,5448,won,1,2,0
314361,163302,TLN,8304,lost,1,2,0
314361,163303,TLN,8304,won,1,1,0
314361,163303,ZETA,5448,lost,1,3,0
314361,163304,ZETA,5448,won,1,0,0
314361,163304,TLN,8304,lost,1,3,0
314362,163305,TS,17,won,0,3,1
314362,163305,GEN,6199,lost,2,1,0
314362,163306,GEN,6199,won,2,0,0
314362,163306,TS,17,lost,0,3,0
314362,163307,TS,17,won,1,2,0
314362,163307,GEN,6199,lost,1,2,0
314363,163308,ZETA,624,won,2,3,0
314363,163308,PRX,5448,lost,0,1,1
314363,163309,PRX,5448,won,1,2,0
314363,163309,ZETA,624,lost,1,4,0
314363,163310,PRX,5448,won,1,1,0
314363,163310,ZETA,624,lost,1,2,1
314364,163311,T1,14,won,1,2,1
314364,163311,BLD,6387,lost,1,3,1
314364,163312,BLD,6387,won,0,2,2
314364,163312,T1,14,lost,2,1,0
314364,163313,T1,14,won,2,1,0
314364,163313,BLD,6387,lost,0,5,1
365316,176169,GEN,878,won,1,1,0
365316,176169,RRQ,17,lost,1,2,0
365316,176170,GEN,878,won,1,1,1
365316,176170,RRQ,17,lost,1,3,0
365317,176172,TLN,6199,won,2,1,0
365317,176172,TS,8304,lost,0,2,0
365317,176173,TLN,6199,won,2,0,0
365317,176173,TS,8304,lost,0,4,1
365318,176175,GEN,624,won,2,0,0
365318,176175,PRX,17,lost,0,3,1
365318,176176,GEN,624,won,1,1,1
365318,176176,PRX,17,lost,1,2,0
365319,176178,KRX,8304,won,1,3,1
365319,176178,TLN,8185,lost,1,2,0
365319,176179,KRX,8304,won,2,0,0
365319,176179,TLN,8185,lost,0,3,0
365320,176181,GEN,17,won,2,1,0
365320,176181,KRX,8185,lost,0,4,0
365320,176182,KRX,8185,won,2,0,0
365320,176182,GEN,17,lost,0,3,1
365320,176183,GEN,17,won,1,1,0
365320,176183,KRX,8185,lost,1,1,0
365322,176189,PRX,8304,won,2,0,0
365322,176189,TLN,624,lost,0,4,0
365322,176190,PRX,8304,won,2,0,0
365322,176190,TLN,624,lost,0,3,0
365323,176192,PRX,624,won,2,0,0
365323,176192,KRX,8185,lost,0,3,0
365323,176193,PRX,624,won,1,0,0
365323,176193,KRX,8185,lost,1,1,0
365323,176194,KRX,8185,won,1,1,0
365323,176194,PRX,624,lost,1,1,0
365323,176195,KRX,8185,won,2,3,1
365323,176195,PRX,624,lost,0,2,0
365323,176196,KRX,8185,won,2,1,1
365323,176196,PRX,624,lost,0,1,0
365321,176184,KRX,8185,won,1,2,0
365321,176184,GEN,17,lost,1,2,0
365321,176185,GEN,17,won,0,2,1
365321,176185,KRX,8185,lost,2,4,2
365321,176186,GEN,17,won,2,1,0
365321,176186,KRX,8185,lost,0,3,0
365321,176187,GEN,17,won,1,2,1
365321,176187,KRX,8185,lost,1,2,0
353153,173346,FUT,7035,won,0,2,0
353153,173346,MKOI,1184,lost,2,1,0
353153,173347,MKOI,1184,won,2,1,0
353153,173347,FUT,7035,lost,0,4,1
353153,173348,FUT,7035,won,1,2,0
353153,173348,MKOI,1184,lost,1,3,1
353154,173349,FNC,2593,won,2,2,1
353154,173349,BBL,397,lost,0,3,1
353154,173350,BBL,397,won,2,1,0
353154,173350,FNC,2593,lost,0,3,0
353154,173351,FNC,2593,won,1,1,0
353154,173351,BBL,397,lost,1,3,1
353155,173352,TH,1001,won,1,1,1
353155,173352,NAVI,4915,lost,1,2,0
353155,173353,TH,1001,won,0,1,1
353155,173353,NAVI,4915,lost,2,1,0
353157,173358,M8,14419,won,2,0,0
353157,173358,GX,12694,lost,0,4,0
353157,173359,GX,12694,won,1,1,0
353157,173359,M8,14419,lost,1,2,0
353157,173360,GX,12694,won,0,2,0
353157,173360,M8,14419,lost,2,1,0
353156,173355,VIT,474,won,0,3,0
353156,173355,TL,2059,lost,2,1,0
353156,173356,VIT,474,won,1,2,0
353156,173356,TL,2059,lost,1,2,1
353159,173364,KC,397,won,2,2,1
353159,173364,BBL,8877,lost,0,3,1
353159,173365,KC,397,won,1,3,2
353159,173365,BBL,8877,lost,1,1,0
353158,173361,FUT,1184,won,0,3,0
353158,173361,NAVI,4915,lost,2,2,0
353158,173362,FUT,1184,won,2,1,1
353158,173362,NAVI,4915,lost,0,2,0
353202,173490,MKOI,14419,won,1,1,0
353202,173490,GX,7035,lost,1,3,0
353202,173491,MKOI,14419,won,2,0,0
353202,173491,GX,7035,lost,0,2,0
353161,173370,TH,1001,won,1,3,1
353161,173370,FUT,1184,lost,1,3,0
353161,173371,TH,1001,won,1,1,1
353161,173371,FUT,1184,lost,1,4,0
353160,173367,FNC,2593,won,1,1,1
353160,173367,VIT,2059,lost,1,2,0
353160,173368,VIT,2059,won,1,0,0
353160,173368,FNC,2593,lost,1,3,0
353160,173369,FNC,2593,won,1,1,1
353160,173369,VIT,2059,lost,1,3,0
353162,173373,BBL,474,won,1,2,0
353162,173373,TL,397,lost,1,4,0
353162,173374,BBL,474,won,2,2,0
353162,173374,TL,397,lost,0,4,0
353163,173376,GX,4915,won,2,1,0
353163,173376,NAVI,14419,lost,0,4,2
353163,173377,GX,4915,won,1,2,0
353163,173377,NAVI,14419,lost,1,3,0
353164,173379,M8,12694,won,0,2,1
353164,173379,MKOI,7035,lost,2,1,0
353164,173380,M8,12694,won,1,2,2
353164,173380,MKOI,7035,lost,1,3,0
353165,173382,FNC,2593,won,1,1,0
353165,173382,KC,8877,lost,1,3,1
353165,173383,FNC,2593,won,1,1,0
353165,173383,KC,8877,lost,1,3,0
353166,173385,TH,1001,won,2,0,0
353166,173385,GX,14419,lost,0,3,0
353166,173386,GX,14419,won,1,3,1
353166,173386,TH,1001,lost,1,3,0
353166,173387,TH,1001,won,1,2,0
353166,173387,GX,14419,lost,1,2,0
353167,173388,FUT,1184,won,0,2,0
353167,173388,M8,12694,lost,2,2,0
353167,173389,FUT,1184,won,1,1,0
353167,173389,M8,12694,lost,1,2,0
353168,173391,MKOI,4915,won,2,3,0
353168,173391,NAVI,7035,lost,0,4,1
353168,173392,MKOI,4915,won,2,1,0
353168,173392,NAVI,7035,lost,0,2,0
353169,173394,TL,8877,won,0,4,2
353169,173394,KC,474,lost,2,4,0
353169,173395,TL,8877,won,2,0,0
353169,173395,KC,474,lost,0,3,0
353170,173397,VIT,2059,won,2,0,0
353170,173397,BBL,397,lost,0,2,0
353170,173398,BBL,397,won,1,2,1
353170,173398,VIT,2059,lost,1,2,1
353170,173399,VIT,2059,won,0,3,1
353170,173399,BBL,397,lost,2,2,0
353171,173400,TH,1001,won,2,1,0
353171,173400,M8,12694,lost,0,3,1
353171,173401,M8,12694,won,1,1,0
353171,173401,TH,1001,lost,1,1,0
353171,173402,TH,1001,won,2,0,0
353171,173402,M8,12694,lost,0,2,0
353172,173403,FUT,14419,won,1,1,0
353172,173403,GX,1184,lost,1,1,0
353172,173404,FUT,14419,won,1,1,0
353172,173404,GX,1184,lost,1,1,0
353173,173406,MKOI,1001,won,2,1,0
353173,173406,TH,7035,lost,0,4,0
353173,173407,TH,7035,won,1,1,0
353173,173407,MKOI,1001,lost,1,4,1
353173,173408,TH,7035,won,0,4,2
353173,173408,MKOI,1001,lost,2,2,0
353174,173409,FNC,474,won,1,1,0
353174,173409,TL,2593,lost,1,2,0
353174,173410,FNC,474,won,1,1,0
353174,173410,TL,2593,lost,1,3,1
353175,173412,NAVI,12694,won,1,3,0
353175,173412,M8,4915,lost,1,2,0
353175,173413,M8,4915,won,1,2,1
353175,173413,NAVI,12694,lost,1,1,0
353175,173414,NAVI,12694,won,0,3,0
353175,173414,M8,4915,lost,2,1,0
353203,173493,VIT,2059,won,2,1,0
353203,173493,KC,8877,lost,0,2,0
353203,173494,KC,8877,won,0,2,0
353203,173494,VIT,2059,lost,2,1,0
353203,173495,VIT,2059,won,1,1,0
353203,173495,KC,8877,lost,1,3,0
371278,178847,NAVI,2059,won,0,3,1
371278,178847,VIT,4915,lost,2,2,1
371278,178848,VIT,4915,won,1,1,0
371278,178848,NAVI,2059,lost,1,1,0
371278,178849,VIT,4915,won,1,3,0
371278,178849,NAVI,2059,lost,1,3,0
371279,178850,KC,8877,won,1,2,0
371279,178850,FNC,2593,lost,1,1,0
371279,178851,FNC,2593,won,1,1,0
371279,178851,KC,8877,lost,1,4,1
371279,178852,FNC,2593,won,2,2,1
371279,178852,KC,8877,lost,0,3,1
371280,178853,TH,2059,won,1,2,0
371280,178853,VIT,1001,lost,1,1,1
371280,178854,VIT,1001,won,1,2,1
371280,178854,TH,2059,lost,1,3,0
371280,178855,VIT,1001,won,2,1,1
371280,178855,TH,2059,lost,0,3,0
371281,178856,FNC,2593,won,1,3,1
371281,178856,FUT,1184,lost,1,1,0
371281,178857,FNC,2593,won,1,1,1
371281,178857,FUT,1184,lost,1,2,0
371282,178859,FNC,2059,won,0,3,0
371282,178859,VIT,2593,lost,2,0,0
371282,178860,FNC,2059,won,0,2,1
371282,178860,VIT,2593,lost,2,1,0
371284,178867,TH,1184,won,1,1,0
371284,178867,FUT,1001,lost,1,3,0
371284,178868,TH,1184,won,1,2,1
371284,178868,FUT,1001,lost,1,2,1
371285,178870,TH,1001,won,1,1,0
371285,178870,VIT,2059,lost,1,2,0
371285,178871,VIT,2059,won,2,0,0
371285,178871,TH,1001,lost,0,4,0
371285,178872,VIT,2059,won,2,0,0
371285,178872,TH,1001,lost,0,5,0
371285,178873,VIT,2059,won,1,1,0
371285,178873,TH,1001,lost,1,4,1
371283,178862,FNC,2593,won,1,2,0
371283,178862,VIT,2059,lost,1,3,0
371283,178863,VIT,2059,won,1,1,0
371283,178863,FNC,2593,lost,1,3,1
371283,178864,FNC,2593,won,2,2,0
371283,178864,VIT,2059,lost,0,2,0
371283,178865,FNC,2593,won,2,0,0
371283,178865,VIT,2059,lost,0,1,0
314622,163351,LEV,2359,won,1,2,0
314622,163351,C9,188,lost,1,3,1
314622,163352,C9,188,won,1,2,0
314622,163352,LEV,2359,lost,1,2,0
314622,163353,C9,188,won,0,3,1
314622,163353,LEV,2359,lost,2,3,0
314623,163354,NRG,1034,won,2,3,1
314623,163354,LOUD,6961,lost,0,3,1
314623,163355,NRG,1034,won,2,0,0
314623,163355,LOUD,6961,lost,0,2,0
314624,163357,G2,11058,won,2,1,1
314624,163357,EG,5248,lost,0,5,1
314624,163358,G2,11058,won,2,0,0
314624,163358,EG,5248,lost,0,3,0
314625,163360,SEN,120,won,2,1,0
314625,163360,100T,2,lost,0,4,1
314625,163361,SEN,120,won,1,1,0
314625,163361,100T,2,lost,1,4,0
314626,163363,KRÜ,2406,won,1,2,0
314626,163363,FUR,2355,lost,1,3,0
314626,163364,FUR,2355,won,1,3,1
314626,163364,KRÜ,2406,lost,1,2,1
314626,163365,KRÜ,2406,won,0,2,0
314626,163365,FUR,2355,lost,2,2,0
314628,163366,100T,11058,won,1,2,0
314628,163366,G2,120,lost,1,3,0
314628,163367,100T,11058,won,0,2,0
314628,163367,G2,120,lost,2,2,0
314629,163369,LEV,2359,won,1,3,0
314629,163369,SEN,2,lost,1,3,0
314629,163370,LEV,2359,won,0,2,1
314629,163370,SEN,2,lost,2,1,0
314630,163372,KRÜ,2355,won,2,0,0
314630,163372,MIBR,7386,lost,0,3,0
314630,163373,KRÜ,2355,won,1,2,1
314630,163373,MIBR,7386,lost,1,1,0
314631,163375,NRG,1034,won,1,1,0
314631,163375,FUR,2406,lost,1,1,0
314631,163376,NRG,1034,won,0,3,0
314631,163376,FUR,2406,lost,2,1,0
314632,163378,EG,5248,won,1,1,0
314632,163378,C9,188,lost,1,1,1
314632,163379,C9,188,won,1,0,0
314632,163379,EG,5248,lost,1,3,0
314632,163380,C9,188,won,2,1,0
314632,163380,EG,5248,lost,0,3,0
314634,163381,SEN,2,won,2,0,0
314634,163381,MIBR,7386,lost,0,4,0
314634,163382,SEN,2,won,0,2,1
314634,163382,MIBR,7386,lost,2,2,0
314635,163384,LOUD,6961,won,1,1,0
314635,163384,C9,188,lost,1,0,0
314635,163385,C9,188,won,2,0,0
314635,163385,LOUD,6961,lost,0,4,0
314635,163386,C9,188,won,0,1,0
314635,163386,LOUD,6961,lost,2,2,0
314636,163387,KRÜ,5248,won,1,1,0
314636,163387,EG,2355,lost,1,4,0
314636,163388,KRÜ,5248,won,2,2,0
314636,163388,EG,2355,lost,0,2,0
314637,163390,LEV,2359,won,2,0,0
314637,163390,NRG,1034,lost,0,3,1
314637,163391,LEV,2359,won,1,1,0
314637,163391,NRG,1034,lost,1,2,0
314638,163393,G2,2406,won,1,1,0
314638,163393,FUR,11058,lost,1,2,0
314638,163394,G2,2406,won,2,0,0
314638,163394,FUR,11058,lost,0,2,0
314639,163396,100T,188,won,1,1,0
314639,163396,C9,120,lost,1,3,0
314639,163397,100T,188,won,1,0,0
314639,163397,C9,120,lost,1,1,0
314640,163399,SEN,2,won,1,3,1
314640,163399,EG,5248,lost,1,2,0
314640,163400,EG,5248,won,1,1,0
314640,163400,SEN,2,lost,1,3,0
314640,163401,EG,5248,won,2,2,0
314640,163401,SEN,2,lost,0,4,1
314641,163402,NRG,1034,won,1,3,1
314641,163402,MIBR,7386,lost,1,3,0
314641,163403,NRG,1034,won,2,0,0
314641,163403,MIBR,7386,lost,0,3,0
314642,163405,LEV,11058,won,1,2,1
314642,163405,G2,2359,lost,1,3,0
314642,163406,G2,2359,won,1,2,0
314642,163406,LEV,11058,lost,1,1,0
314642,163407,LEV,11058,won,1,1,0
314642,163407,G2,2359,lost,1,2,1
314643,163408,KRÜ,2355,won,1,2,1
314643,163408,LOUD,6961,lost,1,1,0
314643,163409,KRÜ,2355,won,1,2,1
314643,163409,LOUD,6961,lost,1,4,0
314644,163411,G2,11058,won,1,4,2
314644,163411,MIBR,7386,lost,1,4,2
314644,163412,G2,11058,won,1,2,1
314644,163412,MIBR,7386,lost,1,1,0
314645,163414,LOUD,6961,won,1,1,0
314645,163414,SEN,2,lost,1,2,0
314645,163415,LOUD,6961,won,1,1,0
314645,163415,SEN,2,lost,1,1,0
314646,163417,FUR,188,won,1,1,0
314646,163417,C9,2406,lost,1,4,0
314646,163418,C9,2406,won,1,1,1
314646,163418,FUR,188,lost,1,4,1
314646,163419,C9,2406,won,1,2,1
314646,163419,FUR,188,lost,1,3,0
314647,163420,EG,5248,won,0,2,0
314647,163420,NRG,1034,lost,2,1,0
314647,163421,NRG,1034,won,1,3,2
314647,163421,EG,5248,lost,1,2,0
314647,163422,EG,5248,won,0,4,0
314647,163422,NRG,1034,lost,2,1,1
314648,163423,KRÜ,120,won,1,1,0
314648,163423,100T,2355,lost,1,2,0
314648,163424,100T,2355,won,1,2,1
314648,163424,KRÜ,120,lost,1,5,2
314648,163425,KRÜ,120,won,2,2,0
314648,163425,100T,2355,lost,0,3,0
314650,163426,SEN,2,won,1,1,1
314650,163426,FUR,2406,lost,1,2,0
314650,163427,SEN,2,won,0,2,0
314650,163427,FUR,2406,lost,2,0,0
314651,163429,100T,120,won,2,1,0
314651,163429,NRG,1034,lost,0,4,2
314651,163430,100T,120,won,1,1,0
314651,163430,NRG,1034,lost,1,3,0
314652,163432,LEV,2359,won,1,1,0
314652,163432,KRÜ,2355,lost,1,3,0
314652,163433,KRÜ,2355,won,0,3,2
314652,163433,LEV,2359,lost,2,1,0
314652,163434,LEV,2359,won,0,4,2
314652,163434,KRÜ,2355,lost,2,1,0
314653,163435,C9,188,won,1,1,0
314653,163435,MIBR,7386,lost,1,2,0
314653,163436,C9,188,won,2,0,0
314653,163436,MIBR,7386,lost,0,2,0
314654,163438,LOUD,6961,won,0,2,0
314654,163438,G2,11058,lost,2,1,0
314654,163439,LOUD,6961,won,2,0,0
314654,163439,G2,11058,lost,0,3,0
337407,168972,G2,11058,won,1,1,0
337407,168972,C9,188,lost,1,0,0
337407,168973,G2,11058,won,1,1,0
337407,168973,C9,188,lost,1,2,0
337408,168975,100T,120,won,0,2,0
337408,168975,LOUD,6961,lost,2,1,0
337408,168976,100T,120,won,1,1,0
337408,168976,LOUD,6961,lost,1,1,0
337409,168978,G2,11058,won,2,0,0
337409,168978,KRÜ,2355,lost,0,2,0
337409,168979,G2,11058,won,0,2,0
337409,168979,KRÜ,2355,lost,2,1,0
337410,168981,100T,2359,won,2,0,0
337410,168981,LEV,120,lost,0,4,0
337410,168982,LEV,120,won,1,1,0
337410,168982,100T,2359,lost,1,2,0
337410,168983,100T,2359,won,0,2,1
337410,168983,LEV,120,lost,2,2,0
337411,168984,100T,120,won,2,1,0
337411,168984,G2,11058,lost,0,3,0
337411,168985,G2,11058,won,0,4,1
337411,168985,100T,120,lost,2,1,0
337411,168986,100T,120,won,0,2,0
337411,168986,G2,11058,lost,2,1,0
337413,168992,KRÜ,2359,won,1,1,0
337413,168992,LEV,2355,lost,1,4,0
337413,168993,LEV,2355,won,0,2,0
337413,168993,KRÜ,2359,lost,2,1,0
337413,168994,LEV,2355,won,2,0,0
337413,168994,KRÜ,2359,lost,0,5,1
337414,168995,LEV,2359,won,0,5,2
337414,168995,G2,11058,lost,2,2,0
337414,168996,G2,11058,won,2,2,0
337414,168996,LEV,2359,lost,0,4,1
337414,168997,LEV,2359,won,0,3,0
337414,168997,G2,11058,lost,2,1,0
337414,168998,G2,11058,won,1,3,0
337414,168998,LEV,2359,lost,1,3,1
337414,168999,G2,11058,won,2,2,0
337414,168999,LEV,2359,lost,0,4,2
337412,168987,100T,120,won,2,2,0
337412,168987,G2,11058,lost,0,3,0
337412,168988,100T,120,won,1,2,0
337412,168988,G2,11058,lost,1,2,0
337412,168989,100T,120,won,1,2,2
337412,168989,G2,11058,lost,1,2,0
318911,164091,KC,14419,won,2,1,0
318911,164091,GX,8877,lost,0,2,0
318911,164092,KC,14419,won,2,3,1
318911,164092,GX,8877,lost,0,3,1
318913,164094,TL,474,won,2,2,0
318913,164094,MKOI,7035,lost,0,2,0
318913,164095,TL,474,won,1,2,0
318913,164095,MKOI,7035,lost,1,2,0
318914,164097,NAVI,2059,won,1,1,0
318914,164097,VIT,4915,lost,1,2,0
318914,164098,NAVI,2059,won,0,2,1
318914,164098,VIT,4915,lost,2,2,0
318915,164100,TH,1001,won,2,0,0
318915,164100,FNC,2593,lost,0,4,0
318915,164101,TH,1001,won,1,3,2
318915,164101,FNC,2593,lost,1,3,1
318916,164103,FUT,474,won,1,2,1
318916,164103,TL,1184,lost,1,2,0
318916,164104,FUT,474,won,0,4,1
318916,164104,TL,1184,lost,2,3,0
318917,164106,M8,12694,won,1,1,0
318917,164106,BBL,397,lost,1,2,0
318917,164107,M8,12694,won,1,1,0
318917,164107,BBL,397,lost,1,2,0
318918,164109,KC,1184,won,1,3,0
318918,164109,FUT,8877,lost,1,4,2
318918,164110,FUT,8877,won,1,1,0
318918,164110,KC,1184,lost,1,4,0
318918,164111,FUT,8877,won,1,2,0
318918,164111,KC,1184,lost,1,2,1
318919,164112,VIT,2059,won,2,4,2
318919,164112,TH,1001,lost,0,2,0
318919,164113,TH,1001,won,0,5,1
318919,164113,VIT,2059,lost,2,1,0
318919,164114,VIT,2059,won,1,2,1
318919,164114,TH,1001,lost,1,2,0
318920,164115,TL,474,won,2,2,0
318920,164115,NAVI,4915,lost,0,2,0
318920,164116,NAVI,4915,won,1,2,0
318920,164116,TL,474,lost,1,3,0
318920,164117,NAVI,4915,won,1,1,0
318920,164117,TL,474,lost,1,3,0
318921,164118,BBL,7035,won,2,1,0
318921,164118,MKOI,397,lost,0,2,1
318921,164119,BBL,7035,won,2,0,0
318921,164119,MKOI,397,lost,0,3,0
318922,164121,FNC,14419,won,1,1,0
318922,164121,GX,2593,lost,1,2,0
318922,164122,GX,2593,won,2,0,0
318922,164122,FNC,14419,lost,0,3,0
318922,164123,FNC,14419,won,1,1,0
318922,164123,GX,2593,lost,1,1,0
318923,164124,KC,8877,won,1,1,0
318923,164124,M8,12694,lost,1,2,0
318923,164125,KC,8877,won,1,3,1
318923,164125,M8,12694,lost,1,1,0
318924,164127,FNC,2593,won,2,0,0
318924,164127,M8,12694,lost,0,4,0
318924,164128,FNC,2593,won,1,1,0
318924,164128,M8,12694,lost,1,1,0
318925,164130,KC,4915,won,2,1,0
318925,164130,NAVI,8877,lost,0,2,0
318925,164131,NAVI,8877,won,1,1,0
318925,164131,KC,4915,lost,1,4,1
318925,164132,NAVI,8877,won,2,0,0
318925,164132,KC,4915,lost,0,1,0
318926,164133,BBL,397,won,1,2,0
318926,164133,TH,1001,lost,1,3,0
318926,164134,BBL,397,won,0,3,1
318926,164134,TH,1001,lost,2,0,0
318927,164136,FUT,2059,won,1,2,1
318927,164136,VIT,1184,lost,1,3,0
318927,164137,VIT,1184,won,1,2,1
318927,164137,FUT,2059,lost,1,5,0
318927,164138,VIT,1184,won,2,0,0
318927,164138,FUT,2059,lost,0,3,0
318928,164139,GX,474,won,2,2,0
318928,164139,TL,14419,lost,0,2,0
318928,164140,TL,14419,won,1,3,1
318928,164140,GX,474,lost,1,2,0
318928,164141,TL,14419,won,2,3,1
318928,164141,GX,474,lost,0,4,0
318929,164142,FNC,2593,won,0,3,0
318929,164142,MKOI,7035,lost,2,3,0
318929,164143,FNC,2593,won,1,1,0
318929,164143,MKOI,7035,lost,1,3,0
318930,164145,TH,474,won,2,0,0
318930,164145,TL,1001,lost,0,3,0
318930,164146,TH,474,won,1,1,0
318930,164146,TL,1001,lost,1,3,0
318931,164148,M8,12694,won,2,1,1
318931,164148,VIT,2059,lost,0,3,1
318931,164149,M8,12694,won,2,0,0
318931,164149,VIT,2059,lost,0,2,1
318932,164151,FUT,2593,won,1,1,0
318932,164151,FNC,1184,lost,1,3,0
318932,164152,FUT,2593,won,1,2,1
318932,164152,FNC,1184,lost,1,1,0
318933,164154,NAVI,397,won,2,1,0
318933,164154,BBL,4915,lost,0,4,1
318933,164155,BBL,4915,won,2,1,0
318933,164155,NAVI,397,lost,0,2,0
318933,164156,BBL,4915,won,1,2,1
318933,164156,NAVI,397,lost,1,1,0
318934,164157,GX,2059,won,1,3,1
318934,164157,VIT,14419,lost,1,2,2
318934,164158,VIT,14419,won,2,1,0
318934,164158,GX,2059,lost,0,3,1
318934,164159,VIT,14419,won,0,2,1
318934,164159,GX,2059,lost,2,4,0
318935,164160,KC,7035,won,0,2,0
318935,164160,MKOI,8877,lost,2,1,0
318935,164161,MKOI,8877,won,1,2,1
318935,164161,KC,7035,lost,1,2,0
318935,164162,KC,7035,won,0,2,0
318935,164162,MKOI,8877,lost,2,2,1
318936,164163,GX,397,won,1,1,0
318936,164163,BBL,14419,lost,1,2,0
318936,164164,GX,397,won,1,3,1
318936,164164,BBL,14419,lost,1,1,0
318937,164166,TH,1001,won,0,3,0
318937,164166,KC,8877,lost,2,1,0
318937,164167,KC,8877,won,1,2,1
318937,164167,TH,1001,lost,1,4,0
318937,164168,TH,1001,won,2,1,0
318937,164168,KC,8877,lost,0,4,2
318938,164169,MKOI,2059,won,2,0,0
318938,164169,VIT,7035,lost,0,4,0
318938,164170,VIT,7035,won,1,1,1
318938,164170,MKOI,2059,lost,1,3,1
318938,164171,MKOI,2059,won,2,0,0
318938,164171,VIT,7035,lost,0,4,0
318939,164172,FNC,4915,won,1,1,0
318939,164172,NAVI,2593,lost,1,3,0
318939,164173,NAVI,2593,won,1,2,1
318939,164173,FNC,4915,lost,1,3,1
318939,164174,NAVI,2593,won,1,1,0
318939,164174,FNC,4915,lost,1,1,0
318940,164175,TL,474,won,2,0,0
318940,164175,M8,12694,lost,0,2,0
318940,164176,TL,474,won,2,0,0
318940,164176,M8,12694,lost,0,4,0
318941,164178,FUT,397,won,1,1,0
318941,164178,BBL,1184,lost,1,3,0
318941,164179,FUT,397,won,2,1,0
318941,164179,BBL,1184,lost,0,3,0
341816,169368,FNC,474,won,1,3,0
341816,169368,TL,2593,lost,1,0,0
341816,169376,TL,2593,won,0,1,0
341816,169376,FNC,474,lost,2,0,0
341816,169377,FNC,474,won,1,1,0
341816,169377,TL,2593,lost,1,3,0
341817,169369,TH,4915,won,2,2,0
341817,169369,NAVI,1001,lost,0,3,0
341817,169378,TH,4915,won,1,2,1
341817,169378,NAVI,1001,lost,1,1,0
341818,169370,FNC,8877,won,1,2,0
341818,169370,KC,2593,lost,1,3,0
341818,169380,FNC,8877,won,1,1,0
341818,169380,KC,2593,lost,1,3,0
341819,169371,TH,1184,won,0,4,1
341819,169371,FUT,1001,lost,2,4,1
341819,169382,TH,1184,won,1,2,0
341819,169382,FUT,1001,lost,1,2,1
341820,169372,TH,2593,won,0,3,1
341820,169372,FNC,1001,lost,2,1,0
341820,169384,TH,2593,won,2,0,0
341820,169384,FNC,1001,lost,0,2,0
341822,169374,FUT,1184,won,0,2,1
341822,169374,KC,8877,lost,2,2,0
341822,169390,FUT,1184,won,0,4,1
341822,169390,KC,8877,lost,2,2,0
341823,169375,FUT,1184,won,1,4,1
341823,169375,FNC,2593,lost,1,1,0
341823,169392,FNC,2593,won,1,1,1
341823,169392,FUT,1184,lost,1,3,0
341823,169393,FNC,2593,won,0,3,1
341823,169393,FUT,1184,lost,2,0,0
341823,169394,FNC,2593,won,0,2,0
341823,169394,FUT,1184,lost,2,1,0
341821,169373,TH,1001,won,2,1,0
341821,169373,FNC,2593,lost,0,2,0
341821,169386,TH,1001,won,1,1,0
341821,169386,FNC,2593,lost,1,1,0
341821,169387,FNC,2593,won,1,2,0
341821,169387,TH,1001,lost,1,3,1
341821,169388,FNC,2593,won,2,0,0
341821,169388,TH,1001,lost,0,3,0
341821,169389,FNC,2593,won,2,1,0
341821,169389,TH,1001,lost,0,3,1
314301,163149,ZETA,918,won,2,0,0
314301,163149,GE,5448,lost,0,2,0
314301,163150,GE,5448,won,2,2,0
314301,163150,ZETA,918,lost,0,4,1
314301,163151,ZETA,918,won,2,2,0
314301,163151,GE,5448,lost,0,2,0
314302,163152,KRX,8185,won,2,2,1
314302,163152,TS,6199,lost,0,3,0
314302,163153,KRX,8185,won,2,1,0
314302,163153,TS,6199,lost,0,4,1
314303,163155,BLD,8304,won,2,0,0
314303,163155,TLN,6387,lost,0,4,0
314303,163156,TLN,6387,won,1,1,0
314303,163156,BLD,8304,lost,1,3,0
314303,163157,TLN,6387,won,1,2,0
314303,163157,BLD,8304,lost,1,2,1
314304,163158,PRX,624,won,1,1,0
314304,163158,T1,14,lost,1,1,0
314304,163159,PRX,624,won,2,0,0
314304,163159,T1,14,lost,0,2,0
314305,163161,RRQ,878,won,1,1,0
314305,163161,TS,6199,lost,1,3,0
314305,163162,TS,6199,won,1,1,0
314305,163162,RRQ,878,lost,1,1,0
314305,163163,RRQ,878,won,1,1,0
314305,163163,TS,6199,lost,1,2,0
314306,163164,KRX,8185,won,0,2,0
314306,163164,GE,918,lost,2,1,0
314306,163165,KRX,8185,won,2,2,1
314306,163165,GE,918,lost,0,2,0
314307,163167,GEN,17,won,1,0,0
314307,163167,TLN,8304,lost,1,3,0
314307,163168,GEN,17,won,0,2,1
314307,163168,TLN,8304,lost,2,3,0
314308,163170,DFM,278,won,1,1,0
314308,163170,T1,14,lost,1,1,0
314308,163171,T1,14,won,1,2,2
314308,163171,DFM,278,lost,1,3,0
314308,163172,DFM,278,won,1,1,0
314308,163172,T1,14,lost,1,1,0
314309,163173,GEN,17,won,1,2,1
314309,163173,PRX,624,lost,1,2,0
314309,163174,PRX,624,won,1,2,1
314309,163174,GEN,17,lost,1,4,1
314309,163175,PRX,624,won,1,1,0
314309,163175,GEN,17,lost,1,2,0
314310,163176,T1,14,won,1,2,0
314310,163176,KRX,8185,lost,1,3,0
314310,163177,KRX,8185,won,1,1,0
314310,163177,T1,14,lost,1,1,0
314310,163178,KRX,8185,won,1,1,0
314310,163178,T1,14,lost,1,2,0
314311,163179,TS,6199,won,0,2,0
314311,163179,ZETA,5448,lost,2,0,0
314311,163180,ZETA,5448,won,1,2,1
314311,163180,TS,6199,lost,1,4,0
314311,163181,TS,6199,won,1,2,0
314311,163181,ZETA,5448,lost,1,2,1
314312,163182,RRQ,878,won,2,0,0
314312,163182,BLD,6387,lost,0,3,0
314312,163183,RRQ,878,won,1,1,0
314312,163183,BLD,6387,lost,1,2,0
314313,163185,GEN,278,won,1,2,1
314313,163185,DFM,17,lost,1,1,0
314313,163186,GEN,278,won,2,1,0
314313,163186,DFM,17,lost,0,2,0
314314,163188,GE,8304,won,2,0,0
314314,163188,TLN,918,lost,0,3,0
314314,163189,TLN,918,won,2,3,2
314314,163189,GE,8304,lost,0,2,1
314314,163190,TLN,918,won,2,0,0
314314,163190,GE,8304,lost,0,2,0
314315,163191,T1,14,won,1,2,1
314315,163191,RRQ,878,lost,1,1,0
314315,163192,T1,14,won,2,2,1
314315,163192,RRQ,878,lost,0,2,0
314316,163194,ZETA,5448,won,1,3,0
314316,163194,BLD,6387,lost,1,2,0
314316,163195,BLD,6387,won,2,1,0
314316,163195,ZETA,5448,lost,0,3,0
314316,163196,ZETA,5448,won,2,1,0
314316,163196,BLD,6387,lost,0,2,0
314317,163197,KRX,17,won,1,2,1
314317,163197,GEN,8185,lost,1,2,0
314317,163198,GEN,8185,won,2,0,0
314317,163198,KRX,17,lost,0,4,0
314317,163199,KRX,17,won,1,1,0
314317,163199,GEN,8185,lost,1,3,0
314318,163200,DFM,278,won,1,1,0
314318,163200,BLD,6387,lost,1,2,0
314318,163201,BLD,6387,won,1,1,0
314318,163201,DFM,278,lost,1,1,0
314318,163202,BLD,6387,won,1,1,1
314318,163202,DFM,278,lost,1,3,0
314319,163203,GE,878,won,2,1,0
314319,163203,RRQ,918,lost,0,4,0
314319,163204,GE,878,won,2,1,1
314319,163204,RRQ,918,lost,0,3,1
314320,163206,TS,6199,won,0,3,1
314320,163206,PRX,624,lost,2,2,0
314320,163207,TS,6199,won,2,0,0
314320,163207,PRX,624,lost,0,2,0
314321,163209,TLN,8304,won,1,2,0
314321,163209,T1,14,lost,1,2,0
314321,163210,TLN,8304,won,1,2,1
314321,163210,T1,14,lost,1,2,0
314322,163212,GEN,5448,won,2,1,0
314322,163212,ZETA,17,lost,0,3,1
314322,163213,GEN,5448,won,1,2,0
314322,163213,ZETA,17,lost,1,1,0
314323,163215,TS,278,won,2,1,0
314323,163215,DFM,6199,lost,0,3,0
314323,163216,DFM,6199,won,1,1,0
314323,163216,TS,278,lost,1,2,0
314323,163217,TS,278,won,1,1,0
314323,163217,DFM,6199,lost,1,2,0
314324,163218,PRX,918,won,1,1,0
314324,163218,GE,624,lost,1,2,0
314324,163219,PRX,918,won,1,1,0
314324,163219,GE,624,lost,1,2,1
314325,163221,PRX,624,won,2,1,0
314325,163221,BLD,6387,lost,0,3,1
314325,163222,PRX,624,won,2,0,0
314325,163222,BLD,6387,lost,0,4,1
314326,163224,DFM,278,won,1,2,0
314326,163224,GE,918,lost,1,2,0
314326,163225,GE,918,won,1,3,1
314326,163225,DFM,278,lost,1,1,1
314326,163226,GE,918,won,2,1,0
314326,163226,DFM,278,lost,0,3,0
314327,163227,ZETA,5448,won,1,2,0
314327,163227,T1,14,lost,1,2,1
314327,163228,T1,14,won,1,2,0
314327,163228,ZETA,5448,lost,1,2,0
314327,163229,T1,14,won,2,1,1
314327,163229,ZETA,5448,lost,0,3,0
314328,163230,TS,6199,won,1,2,0
314328,163230,TLN,8304,lost,1,1,0
314328,163231,TLN,8304,won,0,3,0
314328,163231,TS,6199,lost,2,2,0
314328,163232,TLN,8304,won,2,3,1
314328,163232,TS,6199,lost,0,2,1
314329,163233,KRX,6387,won,2,3,1
314329,163233,BLD,8185,lost,0,3,1
314329,163234,KRX,6387,won,0,2,1
314329,163234,BLD,8185,lost,2,3,0
314330,163236,GEN,878,won,1,1,0
314330,163236,RRQ,17,lost,1,2,0
314330,163237,RRQ,17,won,1,2,0
314330,163237,GEN,878,lost,1,3,1
314330,163238,RRQ,17,won,2,1,1
314330,163238,GEN,878,lost,0,4,1
329907,167267,T1,14,won,1,2,0
329907,167267,TS,6199,lost,1,3,1
329907,167268,T1,14,won,1,2,1
329907,167268,TS,6199,lost,1,2,0
329908,167270,PRX,8304,won,2,0,0
329908,167270,TLN,624,lost,0,4,0
329908,169325,TLN,624,won,1,3,1
329908,169325,PRX,8304,lost,1,2,0
329908,167272,PRX,8304,won,1,1,0
329908,167272,TLN,624,lost,1,2,0
329909,167273,T1,14,won,1,2,0
329909,167273,GEN,17,lost,1,2,0
329909,167274,GEN,17,won,1,2,0
329909,167274,T1,14,lost,1,3,0
329909,167275,T1,14,won,1,2,2
329909,167275,GEN,17,lost,1,1,0
329910,167276,PRX,8185,won,1,1,0
329910,167276,KRX,624,lost,1,3,1
329910,167277,KRX,624,won,2,3,1
329910,167277,PRX,8185,lost,0,3,2
329910,167278,PRX,8185,won,0,2,0
329910,167278,KRX,624,lost,2,3,0
329912,167282,PRX,624,won,1,1,0
329912,167282,T1,14,lost,1,3,0
329912,167283,PRX,624,won,1,1,0
329912,167283,T1,14,lost,1,3,0
329911,167279,KRX,17,won,2,1,1
329911,167279,GEN,8185,lost,0,2,0
329911,167280,GEN,8185,won,1,3,0
329911,167280,KRX,17,lost,1,2,1
329911,167281,GEN,8185,won,2,0,0
329911,167281,KRX,17,lost,0,4,1
329913,167285,GEN,17,won,2,0,0
329913,167285,T1,14,lost,0,3,0
329913,167286,GEN,17,won,2,2,1
329913,167286,T1,14,lost,0,4,1
329913,167287,GEN,17,won,1,4,2
329913,167287,T1,14,lost,1,1,0
329914,167290,GEN,17,won,1,1,0
329914,167290,PRX,624,lost,1,1,0
329914,167291,PRX,624,won,0,2,0
329914,167291,GEN,17,lost,2,0,0
329914,167292,PRX,624,won,1,1,1
329914,167292,GEN,17,lost,1,2,1
329914,167293,GEN,17,won,1,2,0
329914,167293,PRX,624,lost,1,2,1
329914,167294,PRX,624,won,1,1,0
329914,167294,GEN,17,lost,1,2,0
312765,162326,KC,11328,won,1,1,0
312765,162326,FPX,8877,lost,1,2,0
312765,162327,KC,11328,won,1,3,1
312765,162327,FPX,8877,lost,1,3,0
312766,162329,GEN,17,won,1,1,1
312766,162329,LOUD,6961,lost,1,2,0
312766,162330,LOUD,6961,won,2,1,0
312766,162330,GEN,17,lost,0,3,1
312766,162331,GEN,17,won,1,2,0
312766,162331,LOUD,6961,lost,1,2,0
312767,162332,PRX,1120,won,1,1,0
312767,162332,EDG,624,lost,1,2,0
312767,162333,EDG,624,won,0,4,2
312767,162333,PRX,1120,lost,2,1,0
312767,162334,EDG,624,won,1,1,0
312767,162334,PRX,1120,lost,1,4,1
312768,162335,SEN,2,won,2,3,0
312768,162335,TH,1001,lost,0,4,1
312768,162336,TH,1001,won,2,0,0
312768,162336,SEN,2,lost,0,2,1
312768,162337,SEN,2,won,1,1,0
312768,162337,TH,1001,lost,1,1,0
312798,162361,SEN,2,won,1,1,0
312798,162361,KC,8877,lost,1,2,0
312798,162362,SEN,2,won,1,2,1
312798,162362,KC,8877,lost,1,1,0
312797,162358,EDG,17,won,1,1,0
312797,162358,GEN,1120,lost,1,4,0
312797,162359,GEN,1120,won,1,1,0
312797,162359,EDG,17,lost,1,2,0
312797,162360,GEN,1120,won,1,2,0
312797,162360,EDG,17,lost,1,3,0
312800,162367,LOUD,6961,won,2,1,0
312800,162367,FPX,11328,lost,0,3,1
312800,162368,LOUD,6961,won,2,1,0
312800,162368,FPX,11328,lost,0,2,0
312799,162364,PRX,1001,won,2,1,0
312799,162364,TH,624,lost,0,4,1
312799,162365,TH,624,won,1,3,0
312799,162365,PRX,1001,lost,1,0,0
312799,162366,PRX,1001,won,2,1,0
312799,162366,TH,624,lost,0,2,0
312803,162373,LOUD,6961,won,1,1,1
312803,162373,EDG,1120,lost,1,1,0
312803,162374,LOUD,6961,won,2,1,0
312803,162374,EDG,1120,lost,0,2,1
312802,162370,PRX,8877,won,2,0,0
312802,162370,KC,624,lost,0,2,1
312802,162371,KC,624,won,0,2,0
312802,162371,PRX,8877,lost,2,1,0
312802,162372,PRX,8877,won,0,3,0
312802,162372,KC,624,lost,2,2,0
312777,162341,GEN,624,won,0,2,0
312777,162341,PRX,17,lost,2,0,0
312777,162342,GEN,624,won,1,2,1
312777,162342,PRX,17,lost,1,4,0
312776,162338,SEN,2,won,2,0,0
312776,162338,LOUD,6961,lost,0,2,0
312776,162339,LOUD,6961,won,0,3,1
312776,162339,SEN,2,lost,2,3,0
312776,162340,SEN,2,won,0,2,0
312776,162340,LOUD,6961,lost,2,2,0
312778,162344,GEN,2,won,2,1,1
312778,162344,SEN,17,lost,0,3,1
312778,162345,SEN,17,won,0,1,0
312778,162345,GEN,2,lost,2,0,0
312778,162346,GEN,2,won,2,0,0
312778,162346,SEN,17,lost,0,3,0
312780,162352,PRX,624,won,2,2,0
312780,162352,LOUD,6961,lost,0,4,1
312780,163448,PRX,624,won,1,3,3
312780,163448,LOUD,6961,lost,1,3,1
312781,162353,SEN,2,won,1,1,0
312781,162353,PRX,624,lost,1,3,0
312781,162354,SEN,2,won,2,1,0
312781,162354,PRX,624,lost,0,3,1
312781,162355,PRX,624,won,2,0,0
312781,162355,SEN,2,lost,0,4,0
312781,162356,SEN,2,won,1,1,1
312781,162356,PRX,624,lost,1,2,0
312779,162347,GEN,17,won,1,2,1
312779,162347,SEN,2,lost,1,3,1
312779,162348,SEN,2,won,1,2,1
312779,162348,GEN,17,lost,1,2,0
312779,162349,GEN,17,won,1,1,0
312779,162349,SEN,2,lost,1,3,1
312779,162350,SEN,2,won,1,1,0
312779,162350,GEN,17,lost,1,2,0
312779,162351,SEN,2,won,2,1,0
312779,162351,GEN,17,lost,0,3,0
295605,153722,NRG,1034,won,0,2,0
295605,153722,FUR,2406,lost,2,2,0
295605,153723,NRG,1034,won,1,3,1
295605,153723,FUR,2406,lost,1,3,0
295606,153725,C9,188,won,2,2,0
295606,153725,MIBR,7386,lost,0,3,1
295606,153726,MIBR,7386,won,2,0,0
295606,153726,C9,188,lost,0,2,0
295606,153727,C9,188,won,1,0,0
295606,153727,MIBR,7386,lost,1,2,1
295610,153737,LOUD,6961,won,1,1,1
295610,153737,SEN,2,lost,1,3,0
295610,153738,LOUD,6961,won,2,1,1
295610,153738,SEN,2,lost,0,2,0
295611,153740,LEV,120,won,1,1,0
295611,153740,100T,2359,lost,1,3,1
295611,153741,100T,2359,won,2,0,0
295611,153741,LEV,120,lost,0,3,0
295611,153742,LEV,120,won,1,2,1
295611,153742,100T,2359,lost,1,3,0
295615,153752,KRÜ,11058,won,0,3,0
295615,153752,G2,2355,lost,2,1,0
295615,153753,G2,2355,won,1,1,0
295615,153753,KRÜ,11058,lost,1,2,0
295615,153754,G2,2355,won,1,3,1
295615,153754,KRÜ,11058,lost,1,1,0
295608,153731,MIBR,7386,won,1,2,1
295608,153731,FUR,2406,lost,1,3,0
295608,153732,MIBR,7386,won,2,2,1
295608,153732,FUR,2406,lost,0,2,0
295613,153746,SEN,120,won,2,0,0
295613,153746,100T,2,lost,0,2,0
295613,153747,100T,2,won,1,1,0
295613,153747,SEN,120,lost,1,1,0
295613,153748,SEN,120,won,1,2,1
295613,153748,100T,2,lost,1,4,1
295607,153728,NRG,1034,won,1,3,2
295607,153728,C9,188,lost,1,1,1
295607,153729,NRG,1034,won,2,2,0
295607,153729,C9,188,lost,0,1,0
295612,153743,LEV,2359,won,1,1,0
295612,153743,LOUD,6961,lost,1,3,0
295612,153744,LOUD,6961,won,2,3,0
295612,153744,LEV,2359,lost,0,3,0
295612,153745,LOUD,6961,won,1,2,1
295612,153745,LEV,2359,lost,1,3,0
295617,153758,EG,5248,won,1,5,1
295617,153758,G2,11058,lost,1,1,0
295617,153759,EG,5248,won,1,2,1
295617,153759,G2,11058,lost,1,3,1
295609,153734,MIBR,7386,won,1,1,0
295609,153734,C9,188,lost,1,0,0
295609,153735,MIBR,7386,won,2,2,0
295609,153735,C9,188,lost,0,3,1
295614,153749,SEN,2359,won,1,1,1
295614,153749,LEV,2,lost,1,2,0
295614,153750,LEV,2,won,1,1,0
295614,153750,SEN,2359,lost,1,3,1
295614,153751,SEN,2359,won,1,1,0
295614,153751,LEV,2,lost,1,2,0
295619,153764,G2,2355,won,1,1,0
295619,153764,KRÜ,11058,lost,1,2,0
295619,153765,G2,2355,won,1,1,0
295619,153765,KRÜ,11058,lost,1,3,1
307572,161397,SEN,2,won,1,0,0
307572,161397,MIBR,7386,lost,1,2,0
307572,161398,SEN,2,won,1,2,0
307572,161398,MIBR,7386,lost,1,2,0
307573,161400,MIBR,7386,won,1,1,0
307573,161400,G2,11058,lost,1,2,0
307573,161401,G2,11058,won,1,3,1
307573,161401,MIBR,7386,lost,1,2,1
307573,161402,MIBR,7386,won,1,2,1
307573,161402,G2,11058,lost,1,3,1
307574,161403,SEN,2,won,1,1,0
307574,161403,G2,11058,lost,1,3,0
307574,161404,G2,11058,won,1,2,0
307574,161404,SEN,2,lost,1,2,0
307574,161405,G2,11058,won,2,1,0
307574,161405,SEN,2,lost,0,2,0
303087,160718,EG,5248,won,1,3,2
303087,160718,LOUD,6961,lost,1,1,0
303087,160719,LOUD,6961,won,2,0,0
303087,160719,EG,5248,lost,0,4,0
303087,160720,LOUD,6961,won,2,0,0
303087,160720,EG,5248,lost,0,4,0
303088,160721,SEN,2,won,0,1,0
303088,160721,NRG,1034,lost,2,0,0
303088,160722,NRG,1034,won,1,3,1
303088,160722,SEN,2,lost,1,2,0
303088,160723,SEN,2,won,1,1,0
303088,160723,NRG,1034,lost,1,1,0
303086,160715,SEN,2,won,1,3,1
303086,160715,LOUD,6961,lost,1,3,0
303086,160716,SEN,2,won,2,0,0
303086,160716,LOUD,6961,lost,0,3,0
303086,160717,LOUD,6961,won,1,3,3
303086,160717,SEN,2,lost,1,1,0
303086,160724,LOUD,6961,won,2,2,0
303086,160724,SEN,2,lost,0,3,0
303086,160725,SEN,2,won,2,1,0
303086,160725,LOUD,6961,lost,0,3,0
297401,156072,TH,1184,won,0,3,1
297401,156072,FUT,1001,lost,2,4,2
297401,156073,TH,1184,won,2,1,1
297401,156073,FUT,1001,lost,0,3,0
297402,156075,KC,14419,won,1,3,2
297402,156075,GX,8877,lost,1,2,0
297402,156076,GX,8877,won,1,2,0
297402,156076,KC,14419,lost,1,4,1
297402,156077,KC,14419,won,2,0,0
297402,156077,GX,8877,lost,0,4,0
297406,156087,BBL,397,won,2,2,0
297406,156087,NAVI,4915,lost,0,1,0
297406,156088,NAVI,4915,won,2,2,0
297406,156088,BBL,397,lost,0,4,0
297406,156089,NAVI,4915,won,2,0,0
297406,156089,BBL,397,lost,0,3,0
297407,156090,TL,474,won,1,3,1
297407,156090,MKOI,7035,lost,1,2,1
297407,156091,TL,474,won,0,3,0
297407,156091,MKOI,7035,lost,2,1,0
297412,156102,VIT,2059,won,1,2,0
297412,156102,M8,12694,lost,1,2,0
297412,156103,VIT,2059,won,2,1,0
297412,156103,M8,12694,lost,0,1,0
297403,156078,TH,8877,won,2,0,0
297403,156078,KC,1001,lost,0,4,0
297403,156079,TH,8877,won,1,1,0
297403,156079,KC,1001,lost,1,2,0
297404,156081,FUT,14419,won,1,1,0
297404,156081,GX,1184,lost,1,3,0
297404,156082,GX,1184,won,0,2,0
297404,156082,FUT,14419,lost,2,3,1
297404,156083,FUT,14419,won,2,0,0
297404,156083,GX,1184,lost,0,4,0
297408,156093,NAVI,474,won,2,1,0
297408,156093,TL,4915,lost,0,4,0
297408,156094,NAVI,474,won,1,1,0
297408,156094,TL,4915,lost,1,3,0
297409,156096,MKOI,7035,won,1,1,0
297409,156096,BBL,397,lost,1,3,0
297409,156097,MKOI,7035,won,1,2,0
297409,156097,BBL,397,lost,1,1,0
297414,156108,FNC,2059,won,0,3,1
297414,156108,VIT,2593,lost,2,1,0
297414,156109,FNC,2059,won,1,1,1
297414,156109,VIT,2593,lost,1,4,0
297416,156114,M8,2059,won,2,1,0
297416,156114,VIT,12694,lost,0,4,2
297416,156115,VIT,12694,won,1,2,1
297416,156115,M8,2059,lost,1,3,0
297416,156116,VIT,12694,won,2,1,0
297416,156116,M8,2059,lost,0,1,0
297405,156084,KC,1184,won,1,1,0
297405,156084,FUT,8877,lost,1,4,2
297405,156085,FUT,8877,won,1,1,1
297405,156085,KC,1184,lost,1,4,0
297405,156086,KC,1184,won,1,2,0
297405,156086,FUT,8877,lost,1,1,0
297410,156099,MKOI,474,won,1,2,0
297410,156099,TL,7035,lost,1,2,0
297410,156100,TL,7035,won,1,1,1
297410,156100,MKOI,474,lost,1,2,0
297410,156101,MKOI,474,won,2,1,1
297410,156101,TL,7035,lost,0,3,0
307567,161394,KC,8877,won,0,2,0
307567,161394,VIT,2059,lost,2,1,0
307567,161395,KC,8877,won,0,3,0
307567,161395,VIT,2059,lost,2,0,0
307565,161391,VIT,2059,won,1,2,0
307565,161391,MKOI,7035,lost,1,2,0
307565,161392,VIT,2059,won,2,2,0
307565,161392,MKOI,7035,lost,0,3,1
307564,161388,KC,8877,won,2,1,0
307564,161388,MKOI,7035,lost,0,4,0
307564,161389,KC,8877,won,1,1,0
307564,161389,MKOI,7035,lost,1,3,0
303093,160735,TH,1001,won,1,2,0
303093,160735,NAVI,4915,lost,1,1,0
303093,160736,TH,1001,won,1,1,1
303093,160736,NAVI,4915,lost,1,3,0
303094,160738,KC,8877,won,0,4,1
303094,160738,FNC,2593,lost,2,0,0
303094,160739,KC,8877,won,2,1,0
303094,160739,FNC,2593,lost,0,1,0
303095,160741,TH,8877,won,1,2,0
303095,160741,KC,1001,lost,1,2,1
303095,160742,KC,1001,won,1,1,0
303095,160742,TH,8877,lost,1,4,1
303095,160743,KC,1001,won,1,1,0
303095,160743,TH,8877,lost,1,3,0
303095,160744,KC,1001,won,1,1,0
303095,160744,TH,8877,lost,1,1,0
296735,155129,T1,14,won,0,4,0
296735,155129,BLD,6387,lost,2,0,0
296735,155130,T1,14,won,2,1,0
296735,155130,BLD,6387,lost,0,2,0
296745,155159,GEN,878,won,1,4,2
296745,155159,RRQ,17,lost,1,2,0
296745,155160,RRQ,17,won,1,2,0
296745,155160,GEN,878,lost,1,2,0
296745,155161,GEN,878,won,1,1,0
296745,155161,RRQ,17,lost,1,2,0
296730,155114,ZETA,918,won,1,2,0
296730,155114,GE,5448,lost,1,2,0
296730,155115,ZETA,918,won,2,1,1
296730,155115,GE,5448,lost,0,2,0
296731,155117,TLN,6199,won,1,1,0
296731,155117,TS,8304,lost,1,3,0
296731,155118,TLN,6199,won,2,0,0
296731,155118,TS,8304,lost,0,3,0
296736,155132,KRX,278,won,2,0,0
296736,155132,DFM,8185,lost,0,4,0
296736,155133,KRX,278,won,2,1,1
296736,155133,DFM,8185,lost,0,2,0
296747,155165,GEN,17,won,1,3,1
296747,155165,PRX,624,lost,1,3,0
296747,155166,PRX,624,won,1,3,0
296747,155166,GEN,17,lost,1,3,2
296747,155167,PRX,624,won,1,1,0
296747,155167,GEN,17,lost,1,3,0
296738,155138,GE,6387,won,2,1,0
296738,155138,BLD,918,lost,0,4,0
296738,155139,BLD,918,won,2,1,0
296738,155139,GE,6387,lost,0,3,0
296738,155140,GE,6387,won,1,2,1
296738,155140,BLD,918,lost,1,4,1
296737,155135,ZETA,5448,won,2,1,0
296737,155135,T1,14,lost,0,2,0
296737,155136,T1,14,won,1,1,1
296737,155136,ZETA,5448,lost,1,3,0
296737,155137,T1,14,won,1,1,0
296737,155137,ZETA,5448,lost,1,2,0
296733,155123,TS,6199,won,2,1,0
296733,155123,DFM,278,lost,0,3,0
296733,155124,TS,6199,won,0,3,0
296733,155124,DFM,278,lost,2,0,0
296732,155120,KRX,8185,won,1,1,0
296732,155120,TLN,8304,lost,1,3,1
296732,155121,KRX,8185,won,1,1,0
296732,155121,TLN,8304,lost,1,2,0
296749,155171,GEN,878,won,2,0,0
296749,155171,RRQ,17,lost,0,3,0
296749,155172,RRQ,17,won,2,1,0
296749,155172,GEN,878,lost,0,3,0
296749,155173,GEN,878,won,2,2,0
296749,155173,RRQ,17,lost,0,3,2
296734,155126,TS,8304,won,1,2,1
296734,155126,TLN,6199,lost,1,4,2
296734,155127,TS,8304,won,1,2,0
296734,155127,TLN,6199,lost,1,3,0
296739,155141,ZETA,918,won,1,2,1
296739,155141,GE,5448,lost,1,2,0
296739,155142,ZETA,918,won,2,0,0
296739,155142,GE,5448,lost,0,3,0
297254,155762,TS,6199,won,1,1,1
297254,155762,GEN,17,lost,1,5,1
297254,155763,GEN,17,won,1,3,1
297254,155763,TS,6199,lost,1,2,0
297254,155764,GEN,17,won,1,1,1
297254,155764,TS,6199,lost,1,3,1
297253,155759,TS,5448,won,2,0,0
297253,155759,ZETA,6199,lost,0,3,0
297253,155760,TS,5448,won,1,2,0
297253,155760,ZETA,6199,lost,1,3,0
297255,155765,GEN,17,won,1,1,0
297255,155765,ZETA,5448,lost,1,2,0
297255,155766,GEN,17,won,1,2,1
297255,155766,ZETA,5448,lost,1,1,0
297256,155768,PRX,624,won,1,2,0
297256,155768,T1,14,lost,1,2,0
297256,155769,PRX,624,won,0,1,1
297256,155769,T1,14,lost,2,3,0
297257,155771,GEN,17,won,0,5,3
297257,155771,KRX,8185,lost,2,4,1
297257,155772,GEN,17,won,1,1,0
297257,155772,KRX,8185,lost,1,3,0
297258,155774,GEN,624,won,1,1,0
297258,155774,PRX,17,lost,1,3,0
297258,155775,PRX,17,won,2,1,0
297258,155775,GEN,624,lost,0,5,1
297258,155776,GEN,624,won,2,1,0
297258,155776,PRX,17,lost,0,3,0
297258,155777,GEN,624,won,2,0,0
297258,155777,PRX,17,lost,0,3,0
247100,137395,NAVI,474,won,0,3,0
247100,137395,TL,4915,lost,2,2,0
247100,137396,NAVI,474,won,1,1,0
247100,137396,TL,4915,lost,1,3,1
247101,137398,LOUD,6961,won,2,1,0
247101,137398,KRX,8185,lost,0,4,1
247101,137399,KRX,8185,won,2,2,1
247101,137399,LOUD,6961,lost,0,2,1
247101,137400,KRX,8185,won,1,2,0
247101,137400,LOUD,6961,lost,1,2,1
247087,137368,FUT,1184,won,2,0,0
247087,137368,T1,14,lost,0,4,1
247087,137369,FUT,1184,won,2,0,0
247087,137369,T1,14,lost,0,1,0
247086,137365,EG,5248,won,1,1,0
247086,137365,FPX,11328,lost,1,3,0
247086,137366,EG,5248,won,2,1,0
247086,137366,FPX,11328,lost,0,2,0
247102,137401,KRX,8185,won,1,1,0
247102,137401,NAVI,4915,lost,1,1,0
247102,137402,NAVI,4915,won,2,0,0
247102,137402,KRX,8185,lost,0,3,0
247102,137403,KRX,8185,won,2,2,1
247102,137403,NAVI,4915,lost,0,2,0
247094,137383,BLG,12010,won,0,2,0
247094,137383,NRG,1034,lost,2,1,0
247094,137384,BLG,12010,won,1,1,1
247094,137384,NRG,1034,lost,1,3,0
247093,137380,FNC,5448,won,2,0,0
247093,137380,ZETA,2593,lost,0,4,0
247093,137381,FNC,5448,won,2,0,0
247093,137381,ZETA,2593,lost,0,2,1
247088,137371,EG,5248,won,1,4,0
247088,137371,FUT,1184,lost,1,4,0
247088,137372,EG,5248,won,1,1,1
247088,137372,FUT,1184,lost,1,3,0
247075,137350,PRX,2355,won,0,2,0
247075,137350,KRÜ,624,lost,2,3,0
247075,137351,PRX,2355,won,1,1,0
247075,137351,KRÜ,624,lost,1,3,0
247076,137353,GIA,1120,won,1,1,0
247076,137353,EDG,2304,lost,1,4,0
247076,137354,EDG,2304,won,1,2,0
247076,137354,GIA,1120,lost,1,2,0
247076,137355,EDG,2304,won,1,1,0
247076,137355,GIA,1120,lost,1,3,1
247095,137386,FNC,12010,won,2,0,0
247095,137386,BLG,2593,lost,0,3,0
247095,137387,FNC,12010,won,1,1,0
247095,137387,BLG,2593,lost,1,2,0
247103,137404,LOUD,6961,won,2,0,0
247103,137404,TL,474,lost,0,1,0
247103,137405,LOUD,6961,won,1,1,0
247103,137405,TL,474,lost,1,3,1
247089,137374,T1,14,won,1,2,0
247089,137374,FPX,11328,lost,1,2,0
247089,137375,T1,14,won,2,1,0
247089,137375,FPX,11328,lost,0,4,2
247077,137356,PRX,1120,won,2,0,0
247077,137356,EDG,624,lost,0,2,0
247077,137357,PRX,1120,won,0,3,0
247077,137357,EDG,624,lost,2,1,1
247078,137359,GIA,2304,won,2,1,1
247078,137359,KRÜ,2355,lost,0,3,0
247078,137360,GIA,2304,won,0,2,0
247078,137360,KRÜ,2355,lost,2,1,0
247096,137390,NRG,1034,won,2,2,2
247096,137390,ZETA,5448,lost,0,0,0
247104,137407,NAVI,4915,won,1,0,0
247104,137407,LOUD,6961,lost,1,1,1
247104,137408,LOUD,6961,won,1,3,1
247104,137408,NAVI,4915,lost,1,1,1
247104,137409,LOUD,6961,won,2,0,0
247104,137409,NAVI,4915,lost,0,2,0
247090,137377,FUT,1184,won,1,3,2
247090,137377,T1,14,lost,1,1,0
247090,137378,FUT,1184,won,0,3,0
247090,137378,T1,14,lost,2,0,0
247079,137362,EDG,2304,won,2,0,0
247079,137362,GIA,1120,lost,0,3,0
247079,137363,EDG,2304,won,2,1,0
247079,137363,GIA,1120,lost,0,4,1
247098,137392,BLG,12010,won,1,1,0
247098,137392,NRG,1034,lost,1,3,0
247098,137393,BLG,12010,won,2,0,0
247098,137393,NRG,1034,lost,0,3,0
248270,137618,LOUD,6961,won,2,1,0
248270,137618,FNC,2593,lost,0,2,0
248270,137619,LOUD,6961,won,1,1,0
248270,137619,FNC,2593,lost,1,2,0
248271,137621,PRX,1184,won,2,1,0
248271,137621,FUT,624,lost,0,6,1
248271,137622,PRX,1184,won,2,1,0
248271,137622,FUT,624,lost,0,4,1
248272,137624,KRX,12010,won,1,2,0
248272,137624,BLG,8185,lost,1,1,0
248272,137625,KRX,12010,won,1,1,0
248272,137625,BLG,8185,lost,1,3,1
248273,137627,EDG,5248,won,1,3,1
248273,137627,EG,1120,lost,1,3,1
248273,137628,EG,1120,won,1,2,1
248273,137628,EDG,5248,lost,1,2,0
248273,137629,EG,1120,won,1,1,1
248273,137629,EDG,5248,lost,1,4,1
248278,137644,FNC,2593,won,2,1,0
248278,137644,FUT,1184,lost,0,2,0
248278,137645,FNC,2593,won,2,0,0
248278,137645,FUT,1184,lost,0,5,1
248279,137647,EDG,1120,won,1,1,0
248279,137647,BLG,12010,lost,1,1,0
248279,137648,BLG,12010,won,1,2,0
248279,137648,EDG,1120,lost,1,3,1
248279,137649,EDG,1120,won,1,2,0
248279,137649,BLG,12010,lost,1,1,0
248274,137630,PRX,624,won,1,4,2
248274,137630,LOUD,6961,lost,1,2,1
248274,137631,LOUD,6961,won,2,0,0
248274,137631,PRX,624,lost,0,3,0
248274,137632,PRX,624,won,1,0,0
248274,137632,LOUD,6961,lost,1,1,0
248275,137633,EG,8185,won,1,1,0
248275,137633,KRX,5248,lost,1,4,1
248275,137634,EG,8185,won,2,1,0
248275,137634,KRX,5248,lost,0,3,0
248281,137653,EDG,1120,won,1,2,1
248281,137653,LOUD,6961,lost,1,3,1
248281,137654,LOUD,6961,won,1,1,0
248281,137654,EDG,1120,lost,1,2,0
248281,137655,LOUD,6961,won,2,1,0
248281,137655,EDG,1120,lost,0,2,0
248280,137650,KRX,2593,won,2,0,0
248280,137650,FNC,8185,lost,0,1,0
248280,137651,FNC,8185,won,1,1,0
248280,137651,KRX,2593,lost,1,1,0
248280,137652,FNC,8185,won,1,1,0
248280,137652,KRX,2593,lost,1,2,1
248276,137636,EG,624,won,1,2,0
248276,137636,PRX,5248,lost,1,1,0
248276,137637,PRX,5248,won,0,2,0
248276,137637,EG,624,lost,2,2,0
248276,137638,PRX,5248,won,0,2,0
248276,137638,EG,624,lost,2,3,1
248282,137656,LOUD,6961,won,2,1,0
248282,137656,FNC,2593,lost,0,1,0
248282,137657,FNC,2593,won,1,1,0
248282,137657,LOUD,6961,lost,1,3,0
248282,137658,LOUD,6961,won,1,1,0
248282,137658,FNC,2593,lost,1,2,0
248283,137659,EG,5248,won,1,4,1
248283,137659,LOUD,6961,lost,1,2,0
248283,137660,EG,5248,won,2,2,1
248283,137660,LOUD,6961,lost,0,3,0
248283,137661,LOUD,6961,won,1,3,1
248283,137661,EG,5248,lost,1,2,0
248283,137662,LOUD,6961,won,2,3,1
248283,137662,EG,5248,lost,0,3,1
248283,137663,EG,5248,won,1,1,1
248283,137663,LOUD,6961,lost,1,3,0
248277,137639,EG,5248,won,2,1,0
248277,137639,PRX,624,lost,0,3,0
248277,137640,PRX,624,won,1,2,0
248277,137640,EG,5248,lost,1,3,0
248277,137641,EG,5248,won,1,1,0
248277,137641,PRX,624,lost,1,3,1
248277,137642,EG,5248,won,1,2,1
248277,137642,PRX,624,lost,1,3,1
232729,134548,KRÜ,2355,won,1,1,0
232729,134548,MIBR,7386,lost,1,3,0
232729,134549,KRÜ,2355,won,2,2,1
232729,134549,MIBR,7386,lost,0,4,0
232731,134554,FUR,2355,won,2,1,0
232731,134554,KRÜ,2406,lost,0,2,0
232731,134555,KRÜ,2406,won,0,2,2
232731,134555,FUR,2355,lost,2,2,0
232731,134556,KRÜ,2406,won,2,1,0
232731,134556,FUR,2355,lost,0,3,2
232730,134551,100T,2,won,1,3,0
232730,134551,SEN,120,lost,1,2,1
232730,134552,SEN,120,won,1,0,0
232730,134552,100T,2,lost,1,4,0
232730,134553,SEN,120,won,1,1,0
232730,134553,100T,2,lost,1,3,1
232732,134557,C9,2,won,2,1,0
232732,134557,SEN,188,lost,0,3,0
232732,134558,SEN,188,won,2,0,0
232732,134558,C9,2,lost,0,4,1
232732,134559,C9,2,won,2,2,1
232732,134559,SEN,188,lost,0,3,1
232733,134560,KRÜ,2359,won,1,2,0
232733,134560,LEV,2355,lost,1,0,0
232733,134561,KRÜ,2359,won,2,0,0
232733,134561,LEV,2355,lost,0,2,1
232734,134563,C9,2355,won,1,1,0
232734,134563,KRÜ,188,lost,1,2,0
232734,134564,KRÜ,188,won,1,1,0
232734,134564,C9,2355,lost,1,4,0
232734,134565,KRÜ,188,won,0,1,0
232734,134565,C9,2355,lost,2,1,0
232736,134571,LEV,2,won,2,1,0
232736,134571,SEN,2359,lost,0,3,0
232736,134572,LEV,2,won,1,1,1
232736,134572,SEN,2359,lost,1,2,0
232737,134574,C9,188,won,2,0,0
232737,134574,LEV,2359,lost,0,2,0
232737,134575,C9,188,won,1,2,1
232737,134575,LEV,2359,lost,1,2,0
232737,134576,LEV,2359,won,1,2,0
232737,134576,C9,188,lost,1,4,0
232737,134577,LEV,2359,won,2,2,0
232737,134577,C9,188,lost,0,5,1
232737,134578,LEV,2359,won,2,0,0
232737,134578,C9,188,lost,0,3,0
232735,134566,KRÜ,2355,won,1,1,1
232735,134566,LEV,2359,lost,1,3,1
232735,134567,LEV,2359,won,1,1,1
232735,134567,KRÜ,2355,lost,1,2,0
232735,134568,KRÜ,2355,won,1,2,0
232735,134568,LEV,2359,lost,1,0,0
232735,134569,KRÜ,2355,won,1,3,1
232735,134569,LEV,2359,lost,1,1,0
235363,135070,MKOI,1001,won,1,2,0
235363,135070,TH,7035,lost,1,2,0
235363,135071,TH,7035,won,2,1,0
235363,135071,MKOI,1001,lost,0,2,0
235363,135072,MKOI,1001,won,2,0,0
235363,135072,TH,7035,lost,0,3,1
235364,135073,BBL,397,won,0,2,0
235364,135073,KC,8877,lost,2,2,0
235364,135074,KC,8877,won,0,2,0
235364,135074,BBL,397,lost,2,0,0
235364,135075,KC,8877,won,1,1,0
235364,135075,BBL,397,lost,1,2,0
235365,135076,MKOI,4915,won,2,1,1
235365,135076,NAVI,7035,lost,0,3,0
235365,135077,MKOI,4915,won,2,0,0
235365,135077,NAVI,7035,lost,0,2,0
235366,135079,GIA,8877,won,1,2,0
235366,135079,KC,2304,lost,1,3,0
235366,135080,GIA,8877,won,2,1,0
235366,135080,KC,2304,lost,0,3,0
235367,135082,GIA,2304,won,1,1,0
235367,135082,MKOI,7035,lost,1,1,0
235367,135083,GIA,2304,won,2,1,0
235367,135083,MKOI,7035,lost,0,1,1
235371,135096,NAVI,8877,won,1,1,1
235371,135096,KC,4915,lost,1,2,0
235371,135097,KC,4915,won,2,1,0
235371,135097,NAVI,8877,lost,0,4,1
235371,135098,NAVI,8877,won,1,2,1
235371,135098,KC,4915,lost,1,1,1
235372,135099,NAVI,4915,won,1,1,0
235372,135099,MKOI,7035,lost,1,3,1
235372,135100,NAVI,4915,won,1,2,0
235372,135100,MKOI,7035,lost,1,3,0
235372,135101,NAVI,4915,won,2,1,0
235372,135101,MKOI,7035,lost,0,3,0
235368,135085,GIA,2304,won,1,3,1
235368,135085,NAVI,4915,lost,1,2,0
235368,135086,GIA,2304,won,1,2,1
235368,135086,NAVI,4915,lost,1,4,1
235368,135087,GIA,2304,won,1,2,1
235368,135087,NAVI,4915,lost,1,2,0
237266,135648,TLN,278,won,2,1,0
237266,135648,DFM,8304,lost,0,3,1
237266,135649,TLN,278,won,1,1,0
237266,135649,DFM,8304,lost,1,0,0
237267,135651,RRQ,918,won,2,1,0
237267,135651,GE,878,lost,0,2,1
237267,135652,RRQ,918,won,0,3,1
237267,135652,GE,878,lost,2,2,0
237268,135654,TLN,17,won,1,2,0
237268,135654,GEN,8304,lost,1,2,0
237268,135655,GEN,8304,won,1,2,0
237268,135655,TLN,17,lost,1,3,1
237268,135656,GEN,8304,won,2,1,1
237268,135656,TLN,17,lost,0,3,1
237269,135657,RRQ,5448,won,2,0,0
237269,135657,ZETA,878,lost,0,1,0
237269,135658,ZETA,878,won,1,1,0
237269,135658,RRQ,5448,lost,1,2,0
237269,135659,ZETA,878,won,1,4,2
237269,135659,RRQ,5448,lost,1,1,0
237270,135660,TS,6199,won,1,1,0
237270,135660,GEN,17,lost,1,3,0
237270,135661,TS,6199,won,2,1,1
237270,135661,GEN,17,lost,0,3,1
237271,135663,ZETA,6199,won,1,2,1
237271,135663,TS,5448,lost,1,4,0
237271,135664,ZETA,6199,won,1,2,1
237271,135664,TS,5448,lost,1,3,1
237272,135666,GEN,17,won,2,0,0
237272,135666,RRQ,878,lost,0,4,0
237272,135667,RRQ,878,won,2,0,0
237272,135667,GEN,17,lost,0,1,0
237272,135668,GEN,17,won,2,2,1
237272,135668,RRQ,878,lost,0,3,1
237273,135669,GEN,17,won,1,2,0
237273,135669,TS,6199,lost,1,3,0
237273,135670,TS,6199,won,2,0,0
237273,135670,GEN,17,lost,0,3,1
237273,135671,TS,6199,won,2,0,0
237273,135671,GEN,17,lost,0,1,0
237273,135672,TS,6199,won,1,1,1
237273,135672,GEN,17,lost,1,2,0
237274,135674,ZETA,5448,won,1,1,1
237274,135674,TS,6199,lost,1,2,0
237274,135675,TS,6199,won,2,1,0
237274,135675,ZETA,5448,lost,0,2,0
237274,135676,ZETA,5448,won,1,2,0
237274,135676,TS,6199,lost,1,1,0
237274,135677,ZETA,5448,won,2,0,0
237274,135677,TS,6199,lost,0,4,0
219595,131829,TTG,1211,won,1,2,1
219595,131829,WBG,1224,lost,1,2,0
219595,131830,TTG,1211,won,1,1,0
219595,131830,WBG,1224,lost,1,3,0
219596,131832,NOP,4460,won,0,2,0
219596,131832,DYG,12011,lost,2,0,0
219596,131833,NOP,4460,won,0,6,0
219596,131833,DYG,12011,lost,2,0,0
219594,131826,RNG,12202,won,1,1,0
219594,131826,GK,804,lost,1,4,1
219594,131827,GK,804,won,1,2,0
219594,131827,RNG,12202,lost,1,3,0
219594,131828,RNG,12202,won,1,3,1
219594,131828,GK,804,lost,1,1,0
219598,131838,4AM,11980,won,0,4,0
219598,131838,NWG,5944,lost,2,0,0
219598,131839,4AM,11980,won,0,4,0
219598,131839,NWG,5944,lost,2,0,0
219598,131840,4AM,11980,won,0,6,0
219598,131840,NWG,5944,lost,2,0,0
219597,131835,iNv,4683,won,0,4,0
219597,131835,NOVA,12064,lost,2,0,0
219597,131836,iNv,4683,won,0,2,0
219597,131836,NOVA,12064,lost,2,0,0
219599,131841,TYL,731,won,2,3,0
219599,131841,ME,9052,lost,0,4,1
219599,131842,ME,9052,won,2,2,1
219599,131842,TYL,731,lost,0,5,1
219599,131843,TYL,731,won,2,1,0
219599,131843,ME,9052,lost,0,2,0
219601,131847,NTER,4462,won,0,5,0
219601,131847,KZ,11983,lost,2,0,0
219601,131848,NTER,4462,won,0,3,0
219601,131848,KZ,11983,lost,2,0,0
219600,131844,DRG,11985,won,1,0,0
219600,131844,RA,11981,lost,1,1,0
219600,131845,RA,11981,won,0,3,1
219600,131845,DRG,11985,lost,2,1,0
219600,131846,DRG,11985,won,0,1,0
219600,131846,RA,11981,lost,2,0,0
221176,133125,TTG,4462,won,1,1,1
221176,133125,NTER,1211,lost,1,4,1
221176,133126,TTG,4462,won,0,2,1
221176,133126,NTER,1211,lost,2,4,1
221177,133128,DRG,11981,won,0,5,0
221177,133128,RNG,804,lost,2,0,0
221177,133129,DRG,11981,won,0,4,0
221177,133129,RNG,804,lost,2,0,0
221178,133131,TYL,731,won,1,2,1
221178,133131,NOVA,12064,lost,1,4,1
221178,133132,TYL,731,won,2,0,0
221178,133132,NOVA,12064,lost,0,3,0
221179,133134,NWG,5944,won,0,8,0
221179,133134,DYG,12011,lost,2,0,0
221179,133135,NWG,5944,won,0,4,0
221179,133135,DYG,12011,lost,2,0,0
221180,133137,GK,12202,won,1,1,1
221180,133137,iNv,4683,lost,1,3,0
221180,133138,GK,12202,won,2,0,0
221180,133138,iNv,4683,lost,0,2,0
221181,133140,NOP,4460,won,0,5,0
221181,133140,KZ,11983,lost,2,0,0
221181,133141,NOP,4460,won,0,4,0
221181,133141,KZ,11983,lost,2,0,0
221183,133146,WBG,1224,won,0,6,0
221183,133146,4AM,11980,lost,2,0,0
221183,133147,WBG,1224,won,0,5,0
221183,133147,4AM,11980,lost,2,0,0
221183,133148,WBG,1224,won,0,4,0
221183,133148,4AM,11980,lost,2,0,0
221182,133143,RA,11985,won,1,1,0
221182,133143,ME,9052,lost,1,2,0
221182,133144,ME,9052,won,1,1,0
221182,133144,RA,11985,lost,1,3,0
221182,133145,ME,9052,won,1,3,2
221182,133145,RA,11985,lost,1,2,1
221837,133520,WBG,4462,won,1,2,0
221837,133520,NTER,1224,lost,1,4,1
221837,133521,WBG,4462,won,2,2,1
221837,133521,NTER,1224,lost,0,2,0
221838,133523,RNG,804,won,0,4,0
221838,133523,NOVA,12064,lost,2,0,0
221838,133524,RNG,804,won,0,5,0
221838,133524,NOVA,12064,lost,2,0,0
221838,133525,RNG,804,won,0,5,0
221838,133525,NOVA,12064,lost,2,0,0
221839,133526,NWG,5944,won,0,5,1
221839,133526,GK,12202,lost,2,1,0
221839,133527,NWG,5944,won,2,3,1
221839,133527,GK,12202,lost,0,2,0
221840,133529,NOP,4460,won,0,6,0
221840,133529,ME,9052,lost,2,0,0
221840,133530,NOP,4460,won,0,5,0
221840,133530,ME,9052,lost,2,0,0
221840,133531,NOP,4460,won,0,6,0
221840,133531,ME,9052,lost,2,0,0
221841,133532,TTG,12011,won,1,1,0
221841,133532,DYG,1211,lost,1,2,0
221841,133533,TTG,12011,won,1,3,2
221841,133533,DYG,1211,lost,1,3,2
221842,133535,KZ,11983,won,0,5,0
221842,133535,4AM,11980,lost,2,0,0
221842,133536,KZ,11983,won,0,1,0
221842,133536,4AM,11980,lost,2,0,0
221844,133541,iNv,4683,won,0,3,0
221844,133541,RA,11985,lost,2,0,0
221844,133542,iNv,4683,won,0,2,0
221844,133542,RA,11985,lost,2,0,0
221843,133538,TYL,11981,won,0,2,1
221843,133538,DRG,731,lost,2,2,0
221843,133539,TYL,11981,won,0,3,1
221843,133539,DRG,731,lost,2,2,0
222364,133694,WBG,1224,won,1,2,2
222364,133694,NWG,5944,lost,1,2,0
222364,133695,WBG,1224,won,1,3,1
222364,133695,NWG,5944,lost,1,4,1
222367,133703,4AM,11980,won,0,5,0
222367,133703,iNv,4683,lost,2,0,0
222367,133704,4AM,11980,won,0,4,0
222367,133704,iNv,4683,lost,2,0,0
222367,133705,4AM,11980,won,0,5,0
222367,133705,iNv,4683,lost,2,0,0
222365,133697,RNG,12011,won,1,4,0
222365,133697,DYG,804,lost,1,2,0
222365,133698,RNG,12011,won,1,2,0
222365,133698,DYG,804,lost,1,3,0
222368,133706,NOVA,12064,won,0,2,0
222368,133706,GK,12202,lost,2,0,0
222368,133707,NOVA,12064,won,0,5,0
222368,133707,GK,12202,lost,2,0,0
222368,133708,NOVA,12064,won,0,3,0
222368,133708,GK,12202,lost,2,0,0
222366,133700,ME,11981,won,1,1,0
222366,133700,DRG,9052,lost,1,3,0
222366,133701,DRG,9052,won,0,3,1
222366,133701,ME,11981,lost,2,2,1
222366,133702,ME,11981,won,2,1,0
222366,133702,DRG,9052,lost,0,3,0
222369,133709,NTER,4462,won,0,5,0
222369,133709,NOP,4460,lost,2,0,0
222369,133710,NTER,4462,won,0,3,0
222369,133710,NOP,4460,lost,2,0,0
222530,133712,NTER,4462,won,1,2,1
222530,133712,NWG,5944,lost,1,2,1
222530,133713,NWG,5944,won,2,3,1
222530,133713,NTER,4462,lost,0,3,1
222530,133714,NTER,4462,won,1,2,0
222530,133714,NWG,5944,lost,1,4,0
222531,133715,GK,11980,won,1,1,0
222531,133715,4AM,12202,lost,1,3,1
222531,133716,4AM,12202,won,2,0,0
222531,133716,GK,11980,lost,0,2,1
222531,133717,4AM,12202,won,1,1,0
222531,133717,GK,11980,lost,1,1,0
222532,133718,DRG,12011,won,1,2,1
222532,133718,DYG,11981,lost,1,2,0
222532,133719,DRG,12011,won,1,1,0
222532,133719,DYG,11981,lost,1,4,0
220297,132557,EG,1184,won,2,0,0
220297,132557,FUT,5248,lost,0,4,0
220297,132558,EG,1184,won,2,1,0
220297,132558,FUT,5248,lost,0,4,1
220296,132554,KRX,1837,won,1,1,0
220296,132554,ASE,8185,lost,1,2,0
220296,132555,KRX,1837,won,1,2,1
220296,132555,ASE,8185,lost,1,2,1
220292,132542,T1,14,won,2,1,0
220292,132542,EDG,1120,lost,0,4,1
220292,132543,EDG,1120,won,2,0,0
220292,132543,T1,14,lost,0,4,0
220292,132544,T1,14,won,1,2,0
220292,132544,EDG,1120,lost,1,2,0
220290,132539,NRG,1034,won,0,2,0
220290,132539,NAVI,4915,lost,2,1,0
220290,132540,NAVI,4915,won,1,2,0
220290,132540,NRG,1034,lost,1,2,1
220290,132541,NRG,1034,won,1,2,0
220290,132541,NAVI,4915,lost,1,2,0
220298,132560,EG,8185,won,2,1,0
220298,132560,KRX,5248,lost,0,3,0
220298,132561,EG,8185,won,2,1,1
220298,132561,KRX,5248,lost,0,2,0
220293,132545,T1,14,won,1,2,1
220293,132545,NRG,1034,lost,1,3,0
220293,132546,NRG,1034,won,1,2,0
220293,132546,T1,14,lost,1,2,0
220293,132547,NRG,1034,won,1,2,0
220293,132547,T1,14,lost,1,2,0
220299,132563,ASE,1184,won,1,1,0
220299,132563,FUT,1837,lost,1,4,0
220299,132564,FUT,1837,won,2,0,0
220299,132564,ASE,1184,lost,0,4,0
220299,132565,FUT,1837,won,2,0,0
220299,132565,ASE,1184,lost,0,2,0
220294,132548,EDG,1120,won,1,1,0
220294,132548,NAVI,4915,lost,1,3,1
220294,132549,EDG,1120,won,2,4,1
220294,132549,NAVI,4915,lost,0,3,1
220300,132566,FUT,8185,won,2,4,2
220300,132566,KRX,1184,lost,0,3,2
220300,132567,KRX,1184,won,2,1,1
220300,132567,FUT,8185,lost,0,3,1
220300,132568,KRX,1184,won,1,2,1
220300,132568,FUT,8185,lost,1,3,0
220295,132551,EDG,1120,won,2,0,0
220295,132551,T1,14,lost,0,3,0
220295,132552,EDG,1120,won,1,2,0
220295,132552,T1,14,lost,1,3,0
220444,132701,EG,5248,won,1,2,1
220444,132701,LOUD,6961,lost,1,4,0
220444,132702,EG,5248,won,2,1,0
220444,132702,LOUD,6961,lost,0,3,0
220443,132698,TL,1120,won,1,1,0
220443,132698,EDG,474,lost,1,3,1
220443,132699,EDG,474,won,1,1,0
220443,132699,TL,1120,lost,1,2,0
220443,132700,TL,1120,won,2,2,0
220443,132700,EDG,474,lost,0,5,1
220442,132695,FNC,2593,won,1,1,0
220442,132695,NRG,1034,lost,1,2,0
220442,132696,FNC,2593,won,2,0,0
220442,132696,NRG,1034,lost,0,2,0
220441,132692,PRX,8185,won,1,2,0
220441,132692,KRX,624,lost,1,1,0
220441,132693,PRX,8185,won,1,2,0
220441,132693,KRX,624,lost,1,3,1
220450,132721,EDG,1120,won,1,1,1
220450,132721,LOUD,6961,lost,1,4,0
220450,132722,EDG,1120,won,1,2,0
220450,132722,LOUD,6961,lost,1,3,0
220449,132718,NRG,1034,won,1,1,0
220449,132718,KRX,8185,lost,1,1,0
220449,132719,NRG,1034,won,2,0,0
220449,132719,KRX,8185,lost,0,3,0
220446,132707,EG,474,won,1,1,1
220446,132707,TL,5248,lost,1,4,0
220446,132708,EG,474,won,1,2,1
220446,132708,TL,5248,lost,1,2,0
220445,132704,FNC,624,won,1,0,0
220445,132704,PRX,2593,lost,1,1,0
220445,132705,FNC,624,won,2,0,0
220445,132705,PRX,2593,lost,0,3,0
220451,132724,NRG,1034,won,0,2,0
220451,132724,TL,474,lost,2,0,0
220451,132725,TL,474,won,1,2,1
220451,132725,NRG,1034,lost,1,2,0
220451,132726,NRG,1034,won,1,1,1
220451,132726,TL,474,lost,1,2,0
220452,132727,PRX,1120,won,0,4,1
220452,132727,EDG,624,lost,2,0,0
220452,132728,EDG,624,won,0,3,2
220452,132728,PRX,1120,lost,2,1,0
220452,132729,PRX,1120,won,1,2,0
220452,132729,EDG,624,lost,1,3,0
220447,132710,FNC,2593,won,2,0,0
220447,132710,EG,5248,lost,0,3,0
220447,132711,EG,5248,won,1,3,0
220447,132711,FNC,2593,lost,1,0,0
220447,132712,FNC,2593,won,1,1,0
220447,132712,EG,5248,lost,1,2,1
220453,132730,PRX,624,won,0,3,1
220453,132730,NRG,1034,lost,2,0,0
220453,132731,NRG,1034,won,2,2,1
220453,132731,PRX,624,lost,0,2,0
220453,132732,PRX,624,won,1,1,0
220453,132732,NRG,1034,lost,1,2,1
220454,132733,EG,5248,won,1,1,0
220454,132733,PRX,624,lost,1,1,0
220454,132734,PRX,624,won,1,2,0
220454,132734,EG,5248,lost,1,2,0
220454,132735,PRX,624,won,1,1,0
220454,132735,EG,5248,lost,1,3,0
220454,132736,EG,5248,won,2,1,1
220454,132736,PRX,624,lost,0,1,0
220454,132737,EG,5248,won,1,4,2
220454,132737,PRX,624,lost,1,1,0
220448,132713,FNC,2593,won,1,1,1
220448,132713,EG,5248,lost,1,3,0
220448,132714,FNC,2593,won,1,0,0
220448,132714,EG,5248,lost,1,2,0
220448,132715,FNC,2593,won,1,0,0
220448,132715,EG,5248,lost,1,1,0
183774,118923,SEN,2,won,0,2,0
183774,118923,100T,120,lost,2,1,0
183774,118924,100T,120,won,2,3,2
183774,118924,SEN,2,lost,0,2,1
183774,118925,SEN,2,won,2,0,0
183774,118925,100T,120,lost,0,3,0
183775,118926,FUR,2406,won,2,0,0
183775,118926,KRÜ,2355,lost,0,3,1
183775,118927,FUR,2406,won,1,2,2
183775,118927,KRÜ,2355,lost,1,4,1
183776,118929,LOUD,6961,won,2,0,0
183776,118929,MIBR,7386,lost,0,2,0
183776,118930,MIBR,7386,won,1,1,0
183776,118930,LOUD,6961,lost,1,2,0
183776,118931,LOUD,6961,won,2,4,0
183776,118931,MIBR,7386,lost,0,4,0
183777,118932,C9,188,won,0,2,1
183777,118932,EG,5248,lost,2,2,0
183777,118933,C9,188,won,0,3,2
183777,118933,EG,5248,lost,2,5,0
183778,118935,LEV,2359,won,0,4,1
183778,118935,NRG,1034,lost,2,0,0
183778,118936,LEV,2359,won,2,0,0
183778,118936,NRG,1034,lost,0,2,0
183779,118938,C9,188,won,2,0,0
183779,118938,LOUD,6961,lost,0,5,1
183779,118939,LOUD,6961,won,0,2,1
183779,118939,C9,188,lost,2,4,1
183779,118940,LOUD,6961,won,1,1,0
183779,118940,C9,188,lost,1,4,0
183780,118941,LEV,2359,won,1,1,0
183780,118941,FUR,2406,lost,1,4,0
183780,118942,FUR,2406,won,2,0,0
183780,118942,LEV,2359,lost,0,3,0
183780,118943,FUR,2406,won,1,1,1
183780,118943,LEV,2359,lost,1,2,1
183781,118944,NRG,1034,won,1,2,1
183781,118944,SEN,2,lost,1,2,0
183781,118945,NRG,1034,won,2,0,0
183781,118945,SEN,2,lost,0,2,0
183782,118947,KRÜ,2355,won,1,3,1
183782,118947,MIBR,7386,lost,1,3,1
183782,118948,MIBR,7386,won,1,3,0
183782,118948,KRÜ,2355,lost,1,2,0
183782,118949,MIBR,7386,won,0,2,0
183782,118949,KRÜ,2355,lost,2,3,1
183783,118950,100T,120,won,1,1,0
183783,118950,EG,5248,lost,1,3,0
183783,118951,100T,120,won,1,2,1
183783,118951,EG,5248,lost,1,3,0
183785,118953,C9,188,won,2,0,0
183785,118953,100T,120,lost,0,2,0
183785,118954,C9,188,won,1,2,0
183785,118954,100T,120,lost,1,1,1
183786,118956,MIBR,7386,won,1,2,0
183786,118956,NRG,1034,lost,1,2,0
183786,118957,NRG,1034,won,2,3,0
183786,118957,MIBR,7386,lost,0,2,0
183786,118958,MIBR,7386,won,1,1,0
183786,118958,NRG,1034,lost,1,2,1
183787,118959,LEV,2,won,1,1,0
183787,118959,SEN,2359,lost,1,1,0
183787,118960,SEN,2359,won,2,1,0
183787,118960,LEV,2,lost,0,3,1
183787,118961,LEV,2,won,1,1,0
183787,118961,SEN,2359,lost,1,2,0
183788,118962,EG,5248,won,1,4,0
183788,118962,KRÜ,2355,lost,1,3,0
183788,118963,KRÜ,2355,won,0,3,1
183788,118963,EG,5248,lost,2,3,1
183788,118964,EG,5248,won,0,2,0
183788,118964,KRÜ,2355,lost,2,2,0
183789,118965,LOUD,6961,won,1,1,0
183789,118965,FUR,2406,lost,1,4,0
183789,118966,LOUD,6961,won,2,0,0
183789,118966,FUR,2406,lost,0,4,0
183791,118968,SEN,2,won,1,1,0
183791,118968,LOUD,6961,lost,1,2,0
183791,118969,LOUD,6961,won,1,2,0
183791,118969,SEN,2,lost,1,1,1
183791,118970,LOUD,6961,won,1,1,1
183791,118970,SEN,2,lost,1,3,0
183792,118971,LEV,2359,won,2,1,1
183792,118971,MIBR,7386,lost,0,3,0
183792,118972,LEV,2359,won,2,0,0
183792,118972,MIBR,7386,lost,0,3,1
183793,118974,KRÜ,2355,won,2,0,0
183793,118974,100T,120,lost,0,3,1
183793,118975,100T,120,won,1,2,0
183793,118975,KRÜ,2355,lost,1,3,1
183793,118976,100T,120,won,2,1,0
183793,118976,KRÜ,2355,lost,0,2,0
183794,118977,FUR,5248,won,1,2,0
183794,118977,EG,2406,lost,1,4,0
183794,118978,EG,2406,won,1,1,1
183794,118978,FUR,5248,lost,1,5,1
183794,118979,FUR,5248,won,2,1,0
183794,118979,EG,2406,lost,0,3,0
183795,118981,C9,188,won,0,1,0
183795,118981,NRG,1034,lost,2,3,0
183795,118982,C9,188,won,0,2,0
183795,118982,NRG,1034,lost,2,3,0
183796,118983,SEN,2,won,2,0,0
183796,118983,MIBR,7386,lost,0,3,0
183796,118984,SEN,2,won,1,2,0
183796,118984,MIBR,7386,lost,1,3,0
183797,118986,LEV,120,won,1,1,0
183797,118986,100T,2359,lost,1,1,0
183797,118987,100T,2359,won,0,2,1
183797,118987,LEV,120,lost,2,3,0
183797,118988,100T,2359,won,2,3,0
183797,118988,LEV,120,lost,0,1,0
183798,118989,EG,5248,won,1,1,0
183798,118989,LOUD,6961,lost,1,3,0
183798,118990,LOUD,6961,won,1,2,1
183798,118990,EG,5248,lost,1,5,0
183798,118991,LOUD,6961,won,2,0,0
183798,118991,EG,5248,lost,0,3,0
183799,118992,C9,2406,won,1,2,0
183799,118992,FUR,188,lost,1,2,0
183799,118993,C9,2406,won,1,4,3
183799,118993,FUR,188,lost,1,3,0
183800,118995,NRG,1034,won,0,3,0
183800,118995,KRÜ,2355,lost,2,3,0
183800,118996,NRG,1034,won,2,0,0
183800,118996,KRÜ,2355,lost,0,5,0
183801,118998,NRG,1034,won,1,2,1
183801,118998,100T,120,lost,1,2,0
183801,118999,NRG,1034,won,2,1,0
183801,118999,100T,120,lost,0,2,0
183802,119001,FUR,2406,won,1,2,0
183802,119001,MIBR,7386,lost,1,2,0
183802,119002,FUR,2406,won,1,1,0
183802,119002,MIBR,7386,lost,1,2,0
183803,119004,C9,2,won,1,1,0
183803,119004,SEN,188,lost,1,2,0
183803,119005,C9,2,won,1,1,0
183803,119005,SEN,188,lost,1,1,0
183804,119007,EG,2359,won,1,3,2
183804,119007,LEV,5248,lost,1,2,0
183804,119008,LEV,5248,won,1,1,1
183804,119008,EG,2359,lost,1,5,0
183804,119009,EG,2359,won,1,3,0
183804,119009,LEV,5248,lost,1,1,0
183805,119010,KRÜ,2355,won,1,2,0
183805,119010,LOUD,6961,lost,1,2,0
183805,119011,LOUD,6961,won,1,3,0
183805,119011,KRÜ,2355,lost,1,1,0
183805,119012,LOUD,6961,won,1,2,0
183805,119012,KRÜ,2355,lost,1,3,0
183807,119013,EG,5248,won,1,1,0
183807,119013,SEN,2,lost,1,2,1
183807,119014,EG,5248,won,1,1,0
183807,119014,SEN,2,lost,1,4,0
183808,119016,C9,188,won,2,1,1
183808,119016,MIBR,7386,lost,0,3,0
183808,119017,C9,188,won,2,0,0
183808,119017,MIBR,7386,lost,0,2,0
183809,119019,LOUD,6961,won,1,2,1
183809,119019,100T,120,lost,1,2,0
183809,119020,LOUD,6961,won,1,1,1
183809,119020,100T,120,lost,1,3,0
183810,119022,LEV,2359,won,2,1,0
183810,119022,KRÜ,2355,lost,0,3,0
183810,119023,LEV,2359,won,2,0,0
183810,119023,KRÜ,2355,lost,0,2,1
183811,119025,NRG,1034,won,2,1,0
183811,119025,FUR,2406,lost,0,4,1
183811,119026,FUR,2406,won,1,3,1
183811,119026,NRG,1034,lost,1,4,2
183811,119027,NRG,1034,won,1,1,0
183811,119027,FUR,2406,lost,1,3,1
183812,119028,FUR,2406,won,0,2,1
183812,119028,100T,120,lost,2,2,0
183812,119029,100T,120,won,1,1,0
183812,119029,FUR,2406,lost,1,3,0
183812,119030,100T,120,won,2,0,0
183812,119030,FUR,2406,lost,0,3,0
183813,119031,EG,5248,won,2,0,0
183813,119031,MIBR,7386,lost,0,1,0
183813,119032,EG,5248,won,0,2,1
183813,119032,MIBR,7386,lost,2,3,0
183814,119034,SEN,2355,won,2,1,0
183814,119034,KRÜ,2,lost,0,3,0
183814,119035,SEN,2355,won,1,1,0
183814,119035,KRÜ,2,lost,1,5,1
183815,119037,NRG,1034,won,1,1,1
183815,119037,LOUD,6961,lost,1,3,1
183815,119038,NRG,1034,won,0,3,0
183815,119038,LOUD,6961,lost,2,2,0
183816,119040,C9,2359,won,1,2,1
183816,119040,LEV,188,lost,1,1,0
183816,119041,C9,2359,won,1,1,0
183816,119041,LEV,188,lost,1,2,0
184032,119231,SEN,2,won,0,2,0
184032,119231,FUR,2406,lost,2,3,0
184032,119232,FUR,2406,won,1,1,0
184032,119232,SEN,2,lost,1,3,0
184032,119233,SEN,2,won,1,1,0
184032,119233,FUR,2406,lost,1,1,0
184033,119234,NRG,1034,won,2,3,0
184033,119234,EG,5248,lost,0,3,1
184033,119235,NRG,1034,won,1,2,1
184033,119235,EG,5248,lost,1,4,0
184034,119237,C9,188,won,2,5,2
184034,119237,KRÜ,2355,lost,0,3,2
184034,119238,KRÜ,2355,won,2,2,0
184034,119238,C9,188,lost,0,3,0
184034,119239,C9,188,won,1,2,1
184034,119239,KRÜ,2355,lost,1,4,0
184035,119240,LOUD,6961,won,0,2,0
184035,119240,LEV,2359,lost,2,0,0
184035,119241,LOUD,6961,won,1,3,1
184035,119241,LEV,2359,lost,1,2,1
184036,119243,MIBR,7386,won,2,2,2
184036,119243,100T,120,lost,0,2,0
184036,119244,100T,120,won,2,1,0
184036,119244,MIBR,7386,lost,0,4,1
184036,119245,MIBR,7386,won,2,1,0
184036,119245,100T,120,lost,0,3,0
189050,123159,FUR,2359,won,2,0,0
189050,123159,LEV,2406,lost,0,2,0
189050,123160,LEV,2406,won,1,2,0
189050,123160,FUR,2359,lost,1,3,0
189050,123161,FUR,2359,won,1,1,0
189050,123161,LEV,2406,lost,1,1,0
189051,123162,NRG,1034,won,2,1,0
189051,123162,EG,5248,lost,0,3,0
189051,123163,EG,5248,won,0,3,1
189051,123163,NRG,1034,lost,2,3,0
189051,123164,EG,5248,won,0,2,1
189051,123164,NRG,1034,lost,2,2,0
189052,123165,LOUD,6961,won,2,0,0
189052,123165,FUR,2406,lost,0,3,0
189052,123166,LOUD,6961,won,0,2,0
189052,123166,FUR,2406,lost,2,2,0
189053,123168,EG,188,won,2,0,0
189053,123168,C9,5248,lost,0,1,0
189053,123169,EG,188,won,2,0,0
189053,123169,C9,5248,lost,0,3,0
189057,123182,NRG,1034,won,1,2,0
189057,123182,FUR,2406,lost,1,2,0
189057,123183,NRG,1034,won,1,3,0
189057,123183,FUR,2406,lost,1,1,0
189056,123179,C9,2359,won,2,2,0
189056,123179,LEV,188,lost,0,2,0
189056,123180,LEV,188,won,2,0,0
189056,123180,C9,2359,lost,0,4,0
189056,123181,C9,2359,won,2,0,0
189056,123181,LEV,188,lost,0,1,0
189054,123171,LOUD,6961,won,0,2,0
189054,123171,EG,5248,lost,2,3,2
189054,123172,EG,5248,won,1,3,0
189054,123172,LOUD,6961,lost,1,1,1
189054,123173,LOUD,6961,won,1,1,1
189054,123173,EG,5248,lost,1,3,0
189058,123185,C9,188,won,1,2,0
189058,123185,NRG,1034,lost,1,2,0
189058,123186,NRG,1034,won,1,2,1
189058,123186,C9,188,lost,1,2,0
189058,123187,NRG,1034,won,0,2,0
189058,123187,C9,188,lost,2,1,0
189059,123188,EG,5248,won,2,1,0
189059,123188,NRG,1034,lost,0,2,0
189059,123189,NRG,1034,won,2,0,0
189059,123189,EG,5248,lost,0,3,1
189059,123190,NRG,1034,won,2,0,0
189059,123190,EG,5248,lost,0,2,0
189059,123191,NRG,1034,won,1,1,0
189059,123191,EG,5248,lost,1,3,0
189055,123174,LOUD,6961,won,2,1,0
189055,123174,NRG,1034,lost,0,2,0
189055,123175,LOUD,6961,won,2,0,0
189055,123175,NRG,1034,lost,0,3,0
189055,123176,LOUD,6961,won,1,1,0
189055,123176,NRG,1034,lost,1,3,1
173215,117164,MKOI,4915,won,1,2,0
173215,117164,NAVI,7035,lost,1,1,0
173215,117165,MKOI,4915,won,1,2,0
173215,117165,NAVI,7035,lost,1,0,0
173214,117161,FNC,2593,won,2,0,0
173214,117161,GIA,2304,lost,0,3,0
173214,117162,FNC,2593,won,1,1,0
173214,117162,GIA,2304,lost,1,3,0
173216,117167,FUT,1184,won,2,1,1
173216,117167,TH,1001,lost,0,3,0
173216,117168,FUT,1184,won,2,2,0
173216,117168,TH,1001,lost,0,4,0
173217,117170,VIT,474,won,1,1,0
173217,117170,TL,2059,lost,1,2,0
173217,117171,TL,2059,won,2,0,0
173217,117171,VIT,474,lost,0,1,0
173217,117172,VIT,474,won,2,0,0
173217,117172,TL,2059,lost,0,2,0
173218,117173,GIA,2304,won,2,1,0
173218,117173,NAVI,4915,lost,0,3,0
173218,117174,NAVI,4915,won,0,1,0
173218,117174,GIA,2304,lost,2,1,0
173218,117175,NAVI,4915,won,1,2,2
173218,117175,GIA,2304,lost,1,3,0
173219,117176,KC,397,won,0,3,2
173219,117176,BBL,8877,lost,2,5,1
173219,117177,KC,397,won,2,2,1
173219,117177,BBL,8877,lost,0,5,0
173220,117179,FUT,474,won,2,2,0
173220,117179,TL,1184,lost,0,3,1
173220,117180,TL,1184,won,1,2,0
173220,117180,FUT,474,lost,1,5,1
173220,117181,TL,1184,won,2,0,0
173220,117181,FUT,474,lost,0,2,0
173221,117182,VIT,7035,won,2,1,0
173221,117182,MKOI,2059,lost,0,1,0
173221,117183,VIT,7035,won,1,3,0
173221,117183,MKOI,2059,lost,1,2,1
173222,117185,BBL,2593,won,1,2,0
173222,117185,FNC,397,lost,1,0,0
173222,117186,FNC,397,won,1,1,0
173222,117186,BBL,2593,lost,1,4,2
173222,117187,FNC,397,won,2,0,0
173222,117187,BBL,2593,lost,0,3,1
173223,117188,TH,1001,won,1,1,0
173223,117188,KC,8877,lost,1,3,0
173223,117189,TH,1001,won,2,0,0
173223,117189,KC,8877,lost,0,1,0
183944,119187,FUT,2059,won,2,0,0
183944,119187,VIT,1184,lost,0,1,0
183944,119188,FUT,2059,won,1,3,0
183944,119188,VIT,1184,lost,1,1,0
183945,119190,NAVI,397,won,1,1,0
183945,119190,BBL,4915,lost,1,1,0
183945,119191,NAVI,397,won,2,0,0
183945,119191,BBL,4915,lost,0,2,1
183946,119193,FNC,2593,won,2,0,0
183946,119193,TH,1001,lost,0,2,0
183946,119194,FNC,2593,won,1,1,1
183946,119194,TH,1001,lost,1,4,0
183947,119196,TL,474,won,1,1,0
183947,119196,KC,8877,lost,1,3,1
183947,119197,TL,474,won,1,1,0
183947,119197,KC,8877,lost,1,4,0
183948,119199,GIA,7035,won,2,0,0
183948,119199,MKOI,2304,lost,0,3,0
183948,119200,GIA,7035,won,1,2,2
183948,119200,MKOI,2304,lost,1,2,0
183949,119202,NAVI,4915,won,2,0,0
183949,119202,TH,1001,lost,0,1,0
183949,119203,TH,1001,won,1,3,2
183949,119203,NAVI,4915,lost,1,3,1
183949,119204,NAVI,4915,won,1,0,0
183949,119204,TH,1001,lost,1,3,0
183950,119206,KOI,7035,won,0,4,0
183950,119206,FUT,1184,lost,2,1,0
183951,119208,FNC,2593,won,1,2,0
183951,119208,TL,474,lost,1,3,0
183951,119209,FNC,2593,won,1,1,0
183951,119209,TL,474,lost,1,2,1
183952,119211,GIA,397,won,1,2,0
183952,119211,BBL,2304,lost,1,3,0
183952,119212,GIA,397,won,1,1,0
183952,119212,BBL,2304,lost,1,1,0
183953,119214,VIT,8877,won,2,0,0
183953,119214,KC,2059,lost,0,3,0
183953,119215,VIT,8877,won,1,1,0
183953,119215,KC,2059,lost,1,2,0
184037,119246,TL,1001,won,1,1,0
184037,119246,TH,474,lost,1,6,0
184037,119247,TL,1001,won,2,3,1
184037,119247,TH,474,lost,0,3,1
184039,119252,GIA,2304,won,0,3,2
184039,119252,FUT,1184,lost,2,3,0
184039,119253,GIA,2304,won,2,3,0
184039,119253,FUT,1184,lost,0,5,1
184040,119255,NAVI,8877,won,2,1,0
184040,119255,KC,4915,lost,0,2,0
184040,119256,NAVI,8877,won,1,2,0
184040,119256,KC,4915,lost,1,2,0
184041,119258,BBL,397,won,2,2,1
184041,119258,VIT,2059,lost,0,2,1
184041,119259,BBL,397,won,2,0,0
184041,119259,VIT,2059,lost,0,1,0
184042,119261,GIA,474,won,1,6,4
184042,119261,TL,2304,lost,1,2,2
184042,119262,TL,2304,won,1,2,0
184042,119262,GIA,474,lost,1,3,1
184042,119263,TL,2304,won,1,1,1
184042,119263,GIA,474,lost,1,3,0
184043,119264,BBL,397,won,1,1,0
184043,119264,TH,1001,lost,1,2,0
184043,119265,TH,1001,won,1,2,0
184043,119265,BBL,397,lost,1,0,0
184043,119266,BBL,397,won,1,0,0
184043,119266,TH,1001,lost,1,2,0
184044,119267,KC,7035,won,1,1,0
184044,119267,MKOI,8877,lost,1,2,0
184044,119268,MKOI,8877,won,1,1,0
184044,119268,KC,7035,lost,1,3,2
184044,119269,KC,7035,won,1,2,1
184044,119269,MKOI,8877,lost,1,4,2
184045,119270,FNC,1184,won,2,0,0
184045,119270,FUT,2593,lost,0,3,0
184045,119271,FNC,1184,won,2,0,0
184045,119271,FUT,2593,lost,0,3,0
184046,119273,NAVI,4915,won,1,1,0
184046,119273,VIT,2059,lost,1,1,0
184046,119274,NAVI,4915,won,0,2,1
184046,119274,VIT,2059,lost,2,1,0
184047,119276,FNC,2059,won,2,0,0
184047,119276,VIT,2593,lost,0,3,0
184047,119277,FNC,2059,won,1,2,1
184047,119277,VIT,2593,lost,1,0,0
184048,119279,FUT,1184,won,0,3,2
184048,119279,KC,8877,lost,2,3,1
184048,119280,FUT,1184,won,2,0,0
184048,119280,KC,8877,lost,0,3,0
184049,119282,MKOI,7035,won,2,0,0
184049,119282,BBL,397,lost,0,1,0
184049,119283,BBL,397,won,1,0,0
184049,119283,MKOI,7035,lost,1,2,0
184049,119284,BBL,397,won,1,0,0
184049,119284,MKOI,7035,lost,1,1,0
184050,119285,NAVI,4915,won,2,2,1
184050,119285,TL,474,lost,0,3,2
184050,119286,NAVI,4915,won,1,1,1
184050,119286,TL,474,lost,1,2,1
184051,119288,TH,1001,won,1,3,1
184051,119288,GIA,2304,lost,1,2,1
184051,119289,TH,1001,won,0,2,0
184051,119289,GIA,2304,lost,2,1,1
184038,119249,FNC,7035,won,1,1,0
184038,119249,MKOI,2593,lost,1,4,0
184038,119250,FNC,7035,won,1,1,0
184038,119250,MKOI,2593,lost,1,1,0
184052,119291,GIA,2304,won,2,2,1
184052,119291,VIT,2059,lost,0,0,0
184052,119292,VIT,2059,won,1,2,0
184052,119292,GIA,2304,lost,1,2,0
184052,119293,GIA,2304,won,1,2,1
184052,119293,VIT,2059,lost,1,2,0
184053,119294,FUT,1184,won,0,4,0
184053,119294,NAVI,4915,lost,2,0,0
184054,119297,FNC,8877,won,2,0,0
184054,119297,KC,2593,lost,0,3,0
184054,119298,FNC,8877,won,1,1,0
184054,119298,KC,2593,lost,1,1,0
184055,119301,BBL,397,won,0,2,0
184055,119301,TL,474,lost,2,0,0
184055,119302,BBL,397,won,0,4,0
184055,119302,TL,474,lost,2,0,0
184056,119303,MKOI,7035,won,1,2,0
184056,119303,TH,1001,lost,1,2,0
184056,119304,TH,1001,won,1,2,0
184056,119304,MKOI,7035,lost,1,1,0
184056,119305,MKOI,7035,won,1,3,1
184056,119305,TH,1001,lost,1,3,1
184057,119306,FNC,2593,won,0,3,1
184057,119306,NAVI,4915,lost,2,2,0
184057,119307,FNC,2593,won,2,0,0
184057,119307,NAVI,4915,lost,0,3,0
184058,119309,VIT,1001,won,0,1,1
184058,119309,TH,2059,lost,2,2,0
184058,119310,VIT,1001,won,0,2,1
184058,119310,TH,2059,lost,2,3,1
184059,119312,GIA,2304,won,1,2,0
184059,119312,KC,8877,lost,1,1,0
184059,119313,GIA,2304,won,1,1,0
184059,119313,KC,8877,lost,1,2,1
184060,119315,TL,7035,won,2,1,0
184060,119315,MKOI,474,lost,0,2,0
184060,119316,MKOI,474,won,1,2,0
184060,119316,TL,7035,lost,1,2,0
184060,119317,TL,7035,won,1,3,2
184060,119317,MKOI,474,lost,1,2,0
184061,119318,FUT,397,won,1,1,0
184061,119318,BBL,1184,lost,1,0,0
184061,119319,FUT,397,won,1,2,1
184061,119319,BBL,1184,lost,1,1,0
213193,130941,FUT,2304,won,2,0,0
213193,130941,GIA,1184,lost,0,3,0
213193,130942,FUT,2304,won,1,2,0
213193,130942,GIA,1184,lost,1,2,0
213194,130944,VIT,474,won,0,0,0
213194,130944,TL,2059,lost,2,2,0
213194,130945,TL,2059,won,2,0,0
213194,130945,VIT,474,lost,0,0,0
213194,130946,TL,2059,won,1,1,1
213194,130946,VIT,474,lost,1,5,1
213195,130947,FUT,1184,won,1,3,0
213195,130947,FNC,2593,lost,1,1,0
213195,130948,FNC,2593,won,2,0,0
213195,130948,FUT,1184,lost,0,3,0
213195,130949,FNC,2593,won,2,0,0
213195,130949,FUT,1184,lost,0,5,0
213196,130950,TL,4915,won,1,2,1
213196,130950,NAVI,474,lost,1,2,0
213196,130951,TL,4915,won,2,1,0
213196,130951,NAVI,474,lost,0,3,0
213200,130962,FUT,2059,won,1,2,0
213200,130962,VIT,1184,lost,1,2,0
213200,130963,VIT,1184,won,2,1,0
213200,130963,FUT,2059,lost,0,3,0
213200,130964,FUT,2059,won,1,1,0
213200,130964,VIT,1184,lost,1,2,0
213199,130959,NAVI,4915,won,1,2,1
213199,130959,GIA,2304,lost,1,2,2
213199,130960,NAVI,4915,won,0,4,1
213199,130960,GIA,2304,lost,2,2,0
213197,130953,FNC,2593,won,2,2,0
213197,130953,TL,474,lost,0,2,2
213197,130954,FNC,2593,won,1,1,0
213197,130954,TL,474,lost,1,2,0
213201,130965,FUT,4915,won,1,2,0
213201,130965,NAVI,1184,lost,1,2,0
213201,130966,FUT,4915,won,2,1,1
213201,130966,NAVI,1184,lost,0,4,0
213202,130968,TL,474,won,1,1,0
213202,130968,FUT,1184,lost,1,4,1
213202,130969,TL,474,won,1,3,1
213202,130969,FUT,1184,lost,1,4,0
213202,130970,TL,474,won,1,2,1
213202,130970,FUT,1184,lost,1,5,1
213198,130956,FNC,2593,won,1,1,0
213198,130956,TL,474,lost,1,1,0
213198,130957,TL,474,won,1,3,0
213198,130957,FNC,2593,lost,1,1,0
213198,130958,TL,474,won,2,0,0
213198,130958,FNC,2593,lost,0,1,0
213198,131673,TL,474,won,1,3,2
213198,131673,FNC,2593,lost,1,1,0
184456,119512,KRX,5448,won,1,1,0
184456,119512,ZETA,8185,lost,1,1,0
184456,119513,KRX,5448,won,1,2,0
184456,119513,ZETA,8185,lost,1,4,0
184457,119515,T1,14,won,1,1,0
184457,119515,GE,918,lost,1,3,0
184457,119516,GE,918,won,1,1,0
184457,119516,T1,14,lost,1,2,0
184457,119517,T1,14,won,1,2,1
184457,119517,GE,918,lost,1,2,0
184458,119518,PRX,624,won,1,1,0
184458,119518,DFM,278,lost,1,1,0
184458,119519,PRX,624,won,1,4,1
184458,119519,DFM,278,lost,1,2,1
184459,119521,TS,8304,won,2,1,0
184459,119521,TLN,6199,lost,0,2,0
184459,119522,TLN,6199,won,2,2,1
184459,119522,TS,8304,lost,0,3,0
184459,119523,TS,8304,won,2,1,1
184459,119523,TLN,6199,lost,0,4,0
184460,119524,GEN,878,won,1,3,0
184460,119524,RRQ,17,lost,1,2,0
184460,119525,GEN,878,won,0,2,0
184460,119525,RRQ,17,lost,2,3,1
184461,119527,RRQ,878,won,1,1,0
184461,119527,ZETA,5448,lost,1,2,0
184461,119528,ZETA,5448,won,1,2,1
184461,119528,RRQ,878,lost,1,2,0
184461,119529,ZETA,5448,won,1,1,0
184461,119529,RRQ,878,lost,1,2,0
184462,119530,T1,14,won,2,2,1
184462,119530,TLN,8304,lost,0,4,0
184462,119531,T1,14,won,2,1,1
184462,119531,TLN,8304,lost,0,2,0
184463,119533,PRX,624,won,0,4,0
184463,119533,TS,6199,lost,2,2,0
184463,119534,TS,6199,won,1,1,0
184463,119534,PRX,624,lost,1,1,0
184463,119535,TS,6199,won,2,1,1
184463,119535,PRX,624,lost,0,3,0
184465,119536,GEN,278,won,1,2,0
184465,119536,DFM,17,lost,1,2,0
184465,119537,DFM,17,won,2,0,0
184465,119537,GEN,278,lost,0,5,1
184465,119538,GEN,278,won,2,1,0
184465,119538,DFM,17,lost,0,3,0
184466,119539,KRX,918,won,0,3,0
184466,119539,GE,8185,lost,2,1,0
184466,119540,KRX,918,won,1,3,1
184466,119540,GE,8185,lost,1,2,1
184467,119542,RRQ,878,won,1,2,2
184467,119542,DFM,278,lost,1,3,0
184467,119543,RRQ,878,won,2,0,0
184467,119543,DFM,278,lost,0,4,0
184468,119545,PRX,624,won,1,1,0
184468,119545,T1,14,lost,1,4,0
184468,119546,PRX,624,won,1,1,0
184468,119546,T1,14,lost,1,3,0
184469,119548,GE,5448,won,1,2,0
184469,119548,ZETA,918,lost,1,1,0
184469,119549,ZETA,918,won,0,2,0
184469,119549,GE,5448,lost,2,4,0
184469,119550,ZETA,918,won,1,1,1
184469,119550,GE,5448,lost,1,3,0
184470,119551,KRX,8185,won,1,1,0
184470,119551,TLN,8304,lost,1,1,0
184470,119552,KRX,8185,won,1,2,1
184470,119552,TLN,8304,lost,1,2,0
184471,119554,GEN,6199,won,2,0,0
184471,119554,TS,17,lost,0,4,1
184471,119555,GEN,6199,won,1,4,1
184471,119555,TS,17,lost,1,3,1
184472,119557,KRX,624,won,1,1,0
184472,119557,PRX,8185,lost,1,3,0
184472,119558,KRX,624,won,1,1,0
184472,119558,PRX,8185,lost,1,1,0
184473,119560,RRQ,878,won,1,1,1
184473,119560,TS,6199,lost,1,3,0
184473,119561,RRQ,878,won,1,1,0
184473,119561,TS,6199,lost,1,2,0
184474,119563,GEN,17,won,0,2,1
184474,119563,T1,14,lost,2,1,0
184474,119564,GEN,17,won,2,0,0
184474,119564,T1,14,lost,0,3,1
184475,119566,ZETA,5448,won,2,0,0
184475,119566,DFM,278,lost,0,1,0
184475,119567,ZETA,5448,won,1,2,1
184475,119567,DFM,278,lost,1,2,0
184476,119569,GE,8304,won,1,2,1
184476,119569,TLN,918,lost,1,2,0
184476,119570,GE,8304,won,1,3,0
184476,119570,TLN,918,lost,1,2,0
184477,119572,GE,918,won,2,3,1
184477,119572,PRX,624,lost,0,3,0
184477,119573,PRX,624,won,1,1,0
184477,119573,GE,918,lost,1,3,0
184477,119574,PRX,624,won,1,2,1
184477,119574,GE,918,lost,1,4,0
184478,119575,KRX,8185,won,1,2,0
184478,119575,GEN,17,lost,1,4,0
184478,119576,GEN,17,won,0,2,1
184478,119576,KRX,8185,lost,2,3,0
184478,119577,KRX,8185,won,1,1,1
184478,119577,GEN,17,lost,1,2,0
184479,119578,T1,14,won,2,0,0
184479,119578,RRQ,878,lost,0,3,0
184479,119579,T1,14,won,0,2,1
184479,119579,RRQ,878,lost,2,3,0
184480,119581,TS,278,won,1,3,1
184480,119581,DFM,6199,lost,1,2,0
184480,119582,TS,278,won,0,4,1
184480,119582,DFM,6199,lost,2,3,1
184481,119584,TLN,5448,won,1,3,0
184481,119584,ZETA,8304,lost,1,1,1
184481,119585,TLN,5448,won,1,3,0
184481,119585,ZETA,8304,lost,1,2,1
184482,119587,T1,14,won,1,2,1
184482,119587,DFM,278,lost,1,3,0
184482,119588,DFM,278,won,1,1,0
184482,119588,T1,14,lost,1,3,1
184482,119589,T1,14,won,0,1,0
184482,119589,DFM,278,lost,2,4,1
184483,119590,ZETA,5448,won,2,0,0
184483,119590,TS,6199,lost,0,3,1
184483,119591,TS,6199,won,1,1,0
184483,119591,ZETA,5448,lost,1,3,1
184483,119592,ZETA,5448,won,2,1,0
184483,119592,TS,6199,lost,0,4,1
184484,119593,GE,918,won,2,3,1
184484,119593,GEN,17,lost,0,3,0
184484,119594,GE,918,won,1,1,1
184484,119594,GEN,17,lost,1,3,0
184485,119596,RRQ,8185,won,0,2,0
184485,119596,KRX,878,lost,2,3,0
184485,119597,KRX,878,won,1,1,0
184485,119597,RRQ,8185,lost,1,2,0
184485,119598,KRX,878,won,1,1,1
184485,119598,RRQ,8185,lost,1,3,0
184486,119599,TLN,8304,won,1,2,0
184486,119599,PRX,624,lost,1,2,0
184486,119600,PRX,624,won,1,1,1
184486,119600,TLN,8304,lost,1,4,0
184486,119601,PRX,624,won,1,2,0
184486,119601,TLN,8304,lost,1,3,1
184488,119602,TLN,17,won,2,3,0
184488,119602,GEN,8304,lost,0,3,1
184488,119603,TLN,17,won,1,1,0
184488,119603,GEN,8304,lost,1,3,1
184489,119605,PRX,5448,won,2,0,0
184489,119605,ZETA,624,lost,0,3,1
184489,119606,PRX,5448,won,1,2,0
184489,119606,ZETA,624,lost,1,2,0
184490,119608,RRQ,878,won,2,1,1
184490,119608,GE,918,lost,0,3,0
184490,119609,RRQ,878,won,0,2,1
184490,119609,GE,918,lost,2,3,0
184491,119611,T1,14,won,2,0,0
184491,119611,TS,6199,lost,0,5,0
184491,119612,T1,14,won,0,2,1
184491,119612,TS,6199,lost,2,3,0
184492,119614,KRX,278,won,0,3,1
184492,119614,DFM,8185,lost,2,2,1
184492,119615,KRX,278,won,2,1,1
184492,119615,DFM,8185,lost,0,5,1
184493,119617,PRX,624,won,1,1,0
184493,119617,GEN,17,lost,1,3,1
184493,119618,PRX,624,won,2,0,0
184493,119618,GEN,17,lost,0,4,0
184494,119620,T1,14,won,2,2,1
184494,119620,ZETA,5448,lost,0,2,0
184494,119621,ZETA,5448,won,1,2,0
184494,119621,T1,14,lost,1,2,0
184494,119622,T1,14,won,2,1,1
184494,119622,ZETA,5448,lost,0,2,0
184495,119623,TS,6199,won,0,4,2
184495,119623,KRX,8185,lost,2,2,0
184495,119624,TS,6199,won,1,3,0
184495,119624,KRX,8185,lost,1,3,0
184496,119626,GE,278,won,2,1,0
184496,119626,DFM,918,lost,0,2,0
184496,119627,GE,278,won,2,2,0
184496,119627,DFM,918,lost,0,2,0
184497,119629,TLN,878,won,1,1,0
184497,119629,RRQ,8304,lost,1,2,0
184497,119630,RRQ,8304,won,2,1,1
184497,119630,TLN,878,lost,0,4,1
184497,119631,RRQ,8304,won,1,2,1
184497,119631,TLN,878,lost,1,3,1
184498,119632,ZETA,17,won,1,2,0
184498,119632,GEN,5448,lost,1,4,0
184498,119633,GEN,5448,won,0,2,1
184498,119633,ZETA,17,lost,2,3,0
184498,119634,ZETA,17,won,2,0,0
184498,119634,GEN,5448,lost,0,5,1
184499,119635,KRX,8185,won,2,3,0
184499,119635,T1,14,lost,0,2,0
184499,119636,KRX,8185,won,2,0,0
184499,119636,T1,14,lost,0,1,0
184500,119638,TS,6199,won,1,1,0
184500,119638,GE,918,lost,1,2,0
184500,119639,TS,6199,won,2,2,0
184500,119639,GE,918,lost,0,3,1
184501,119641,TLN,8304,won,1,1,0
184501,119641,DFM,278,lost,1,2,0
184501,119642,TLN,8304,won,2,1,0
184501,119642,DFM,278,lost,0,2,0
184502,119644,PRX,624,won,2,0,0
184502,119644,RRQ,878,lost,0,4,0
184502,119645,PRX,624,won,2,0,0
184502,119645,RRQ,878,lost,0,3,0
184514,119680,T1,14,won,1,2,0
184514,119680,GEN,17,lost,1,2,0
184514,119681,GEN,17,won,1,1,0
184514,119681,T1,14,lost,1,2,0
184514,119682,T1,14,won,1,3,0
184514,119682,GEN,17,lost,1,3,0
184515,119683,TS,8185,won,1,3,2
184515,119683,KRX,6199,lost,1,5,0
184515,119684,KRX,6199,won,2,2,1
184515,119684,TS,8185,lost,0,3,0
184515,119685,KRX,6199,won,1,1,0
184515,119685,TS,8185,lost,1,3,1
184516,119686,PRX,624,won,1,1,1
184516,119686,T1,14,lost,1,3,1
184516,119687,PRX,624,won,2,1,1
184516,119687,T1,14,lost,0,3,1
184518,119692,TS,17,won,0,3,1
184518,119692,GEN,6199,lost,2,3,1
184518,119693,GEN,6199,won,1,2,0
184518,119693,TS,17,lost,1,4,0
184518,119694,GEN,6199,won,1,4,1
184518,119694,TS,17,lost,1,1,0
184517,119689,T1,14,won,2,1,0
184517,119689,ZETA,5448,lost,0,2,0
184517,119690,ZETA,5448,won,2,0,0
184517,119690,T1,14,lost,0,1,0
184517,119691,T1,14,won,2,0,0
184517,119691,ZETA,5448,lost,0,3,0
184519,119695,PRX,8185,won,1,1,0
184519,119695,KRX,624,lost,1,3,0
184519,119696,PRX,8185,won,2,1,1
184519,119696,KRX,624,lost,0,2,0
184520,119698,T1,14,won,2,0,0
184520,119698,GEN,17,lost,0,3,0
184520,119699,T1,14,won,1,2,1
184520,119699,GEN,17,lost,1,4,1
184521,119701,T1,14,won,2,2,0
184521,119701,KRX,8185,lost,0,1,0
184521,119702,KRX,8185,won,1,1,0
184521,119702,T1,14,lost,1,2,0
184521,119703,KRX,8185,won,0,3,2
184521,119703,T1,14,lost,2,2,0
184521,119704,T1,14,won,1,1,0
184521,119704,KRX,8185,lost,1,1,0
184521,119705,KRX,8185,won,2,0,0
184521,119705,T1,14,lost,0,2,0
184522,119706,KRX,8185,won,0,2,1
184522,119706,PRX,624,lost,2,1,0
184522,119708,KRX,8185,won,0,3,1
184522,119708,PRX,624,lost,2,1,0
184522,131784,PRX,624,won,1,1,0
184522,131784,KRX,8185,lost,1,1,0
184522,119712,PRX,624,won,1,2,1
184522,119712,KRX,8185,lost,1,2,0
184522,119714,PRX,624,won,1,1,0
184522,119714,KRX,8185,lost,1,2,1
167348,113040,NRG,1034,won,1,4,0
167348,113040,MKOI,7035,lost,1,3,0
167348,113041,NRG,1034,won,0,1,0
167348,113041,MKOI,7035,lost,2,0,0
167349,113043,GIA,2304,won,2,0,0
167349,113043,DFM,278,lost,0,1,0
167349,113044,GIA,2304,won,2,1,0
167349,113044,DFM,278,lost,0,3,0
167351,113049,KC,8877,won,2,1,0
167351,113049,FPX,11328,lost,0,5,1
167351,113050,FPX,11328,won,2,0,0
167351,113050,KC,8877,lost,0,3,0
167351,113051,KC,8877,won,1,0,0
167351,113051,FPX,11328,lost,1,2,0
167352,113052,KRX,397,won,2,0,0
167352,113052,BBL,8185,lost,0,3,0
167352,113053,BBL,8185,won,2,0,0
167352,113053,KRX,397,lost,0,6,0
167352,113054,KRX,397,won,1,2,0
167352,113054,BBL,8185,lost,1,5,0
167353,113055,C9,624,won,1,2,2
167353,113055,PRX,188,lost,1,5,2
167353,113056,C9,624,won,1,1,0
167353,113056,PRX,188,lost,1,4,0
167354,113058,EG,1001,won,2,1,0
167354,113058,TH,5248,lost,0,4,1
167354,113059,EG,1001,won,1,2,0
167354,113059,TH,5248,lost,1,2,0
167355,113061,TLN,8304,won,2,3,1
167355,113061,MIBR,7386,lost,0,3,1
167355,113062,TLN,8304,won,1,0,0
167355,113062,MIBR,7386,lost,1,3,1
167350,113046,LOUD,6961,won,1,2,0
167350,113046,GEN,17,lost,1,3,0
167350,113047,LOUD,6961,won,0,5,0
167350,113047,GEN,17,lost,2,1,0
167356,113064,GIA,2304,won,1,2,0
167356,113064,NRG,1034,lost,1,2,0
167356,113065,NRG,1034,won,2,0,0
167356,113065,GIA,2304,lost,0,3,0
167356,113066,NRG,1034,won,1,2,0
167356,113066,GIA,2304,lost,1,3,0
167357,113067,LOUD,6961,won,1,2,1
167357,113067,KC,8877,lost,1,4,0
167357,113068,LOUD,6961,won,2,2,0
167357,113068,KC,8877,lost,0,3,0
167358,113070,C9,8185,won,2,0,0
167358,113070,KRX,188,lost,0,3,0
167358,113071,KRX,188,won,2,3,1
167358,113071,C9,8185,lost,0,1,1
167358,113072,KRX,188,won,1,1,1
167358,113072,C9,8185,lost,1,3,0
167359,113073,TLN,8304,won,1,0,0
167359,113073,EG,5248,lost,1,2,2
167359,113074,TLN,8304,won,1,2,1
167359,113074,EG,5248,lost,1,3,0
167360,113076,LOUD,6961,won,2,0,0
167360,113076,NRG,1034,lost,0,4,0
167360,113077,NRG,1034,won,1,2,1
167360,113077,LOUD,6961,lost,1,3,0
167360,113078,LOUD,6961,won,2,2,1
167360,113078,NRG,1034,lost,0,1,0
167361,113079,TLN,8185,won,0,4,0
167361,113079,KRX,8304,lost,2,2,0
167361,113080,KRX,8304,won,1,1,0
167361,113080,TLN,8185,lost,1,4,1
167361,113081,KRX,8304,won,1,3,1
167361,113081,TLN,8185,lost,1,4,0
167362,113082,TS,474,won,2,3,1
167362,113082,TL,6199,lost,0,1,0
167362,113083,TS,474,won,1,2,0
167362,113083,TL,6199,lost,1,3,1
167363,113085,NAVI,2355,won,1,1,0
167363,113085,KRÜ,4915,lost,1,4,0
167363,113086,NAVI,2355,won,2,2,1
167363,113086,KRÜ,4915,lost,0,6,0
167364,113088,LEV,5448,won,1,1,0
167364,113088,ZETA,2359,lost,1,2,0
167364,113089,LEV,5448,won,2,1,0
167364,113089,ZETA,2359,lost,0,3,0
167365,113091,VIT,918,won,0,1,1
167365,113091,GE,2059,lost,2,4,0
167365,113092,GE,2059,won,2,3,0
167365,113092,VIT,918,lost,0,2,0
167365,113093,VIT,918,won,0,2,0
167365,113093,GE,2059,lost,2,4,0
167366,113094,FUT,878,won,2,0,0
167366,113094,RRQ,1184,lost,0,2,0
167366,113095,FUT,878,won,1,3,1
167366,113095,RRQ,1184,lost,1,1,0
167367,113097,100T,120,won,1,3,1
167367,113097,EDG,1120,lost,1,2,0
167367,113098,EDG,1120,won,1,3,0
167367,113098,100T,120,lost,1,2,0
167367,113099,100T,120,won,1,2,0
167367,113099,EDG,1120,lost,1,3,0
167368,113100,FNC,2,won,1,1,0
167368,113100,SEN,2593,lost,1,2,0
167368,113101,FNC,2,won,2,1,0
167368,113101,SEN,2593,lost,0,2,0
167369,113103,FUR,2406,won,0,1,0
167369,113103,T1,14,lost,2,3,0
167370,113106,NAVI,4915,won,0,3,0
167370,113106,TS,6199,lost,2,2,0
167370,113107,NAVI,4915,won,2,0,0
167370,113107,TS,6199,lost,0,4,1
167371,113109,LEV,2359,won,2,2,0
167371,113109,VIT,2059,lost,0,2,0
167371,113110,LEV,2359,won,2,1,1
167371,113110,VIT,2059,lost,0,3,1
167372,113112,FUT,1184,won,1,3,1
167372,113112,100T,120,lost,1,4,1
167372,113113,100T,120,won,2,3,1
167372,113113,FUT,1184,lost,0,3,0
167372,113114,100T,120,won,1,0,0
167372,113114,FUT,1184,lost,1,3,1
167373,113115,FNC,2593,won,0,2,0
167373,113115,FUR,2406,lost,2,2,2
167373,113116,FNC,2593,won,0,3,0
167373,113116,FUR,2406,lost,2,2,0
167374,113118,NAVI,2359,won,2,2,0
167374,113118,LEV,4915,lost,0,3,0
167374,113119,NAVI,2359,won,1,1,1
167374,113119,LEV,4915,lost,1,4,0
167375,113121,FNC,2593,won,2,0,0
167375,113121,100T,120,lost,0,4,0
167375,113122,FNC,2593,won,1,1,0
167375,113122,100T,120,lost,1,1,0
167391,113124,LOUD,6961,won,2,0,0
167391,113124,KRX,8185,lost,0,2,0
167391,113125,LOUD,6961,won,2,1,0
167391,113125,KRX,8185,lost,0,5,0
167391,113126,KRX,8185,won,1,1,0
167391,113126,LOUD,6961,lost,1,3,0
167391,113127,KRX,8185,won,2,1,0
167391,113127,LOUD,6961,lost,0,4,0
167391,113128,LOUD,6961,won,1,2,0
167391,113128,KRX,8185,lost,1,2,0
167392,113129,FNC,4915,won,1,1,0
167392,113129,NAVI,2593,lost,1,3,0
167392,113130,FNC,4915,won,1,1,0
167392,113130,NAVI,2593,lost,1,2,0
167392,113131,FNC,4915,won,1,1,0
167392,113131,NAVI,2593,lost,1,3,1
167393,113134,FNC,2593,won,1,2,0
167393,113134,LOUD,6961,lost,1,1,0
167393,113135,FNC,2593,won,2,0,0
167393,113135,LOUD,6961,lost,0,6,1
167393,113136,LOUD,6961,won,1,1,0
167393,113136,FNC,2593,lost,1,1,0
167393,113137,LOUD,6961,won,0,2,0
167393,113137,FNC,2593,lost,2,1,0
167393,113138,FNC,2593,won,0,2,0
167393,113138,LOUD,6961,lost,2,3,0
