MatchID,GameID,Pistol Winner TeamID,Pistol Winner Team,Pistol Winner Side,Pistol Loser TeamID,Pistol Loser Team,Pistol Loser Side,Decision,Round 2 Winner,Round 3 Winner,Round 4 Winner,Round 5 Winner
684613,270746,1034,NRG,attack,13581,XLG,defense,eco,XLG,NRG,NRG,NRG
684613,270747,13581,XLG,defense,1034,NRG,attack,eco,XLG,XLG,XLG,XLG
684610,270737,11981,VIT,defense,2059,DRG,attack,force,VIT,VIT,VIT,DRG
684610,270738,11981,VIT,defense,2059,DRG,attack,eco,VIT,VIT,VIT,VIT
684611,270740,1184,FUT,attack,4050,FS,defense,eco,FUT,FS,FS,FUT
684611,270741,1184,FUT,attack,4050,FS,defense,force,FS,FS,FUT,FUT
684612,270743,2359,GE,attack,918,LEV,defense,eco,GE,GE,GE,GE
684612,270744,918,LEV,defense,2359,GE,attack,eco,LEV,GE,LEV,LEV
684612,270745,918,LEV,defense,2359,GE,attack,eco,LEV,GE,GE,GE
684614,270749,1184,FUT,attack,2059,VIT,defense,force,VIT,VIT,FUT,VIT
684614,270750,1184,FUT,attack,2059,VIT,defense,eco,FUT,FUT,FUT,VIT
684614,270751,1184,FUT,attack,2059,VIT,defense,force,FUT,FUT,VIT,VIT
684615,270752,2359,LEV,attack,1034,NRG,defense,eco,LEV,LEV,LEV,NRG
684615,270753,1034,NRG,defense,2359,LEV,attack,force,NRG,LEV,LEV,LEV
684615,270754,1034,NRG,defense,2359,LEV,attack,eco,NRG,LEV,LEV,LEV
684616,270755,11981,DRG,defense,13581,XLG,attack,force,XLG,XLG,DRG,DRG
684616,270756,11981,DRG,defense,13581,XLG,attack,eco,DRG,DRG,XLG,XLG
684616,270757,13581,XLG,attack,11981,DRG,defense,eco,XLG,XLG,DRG,XLG
684617,270758,918,GE,defense,4050,FS,attack,eco,GE,GE,GE,FS
684617,270759,4050,FS,attack,918,GE,defense,eco,FS,GE,GE,GE
684617,270760,918,GE,defense,4050,FS,attack,eco,GE,GE,GE,GE
684619,270764,1034,NRG,attack,1184,FUT,defense,eco,NRG,FUT,FUT,FUT
684619,270765,1184,FUT,defense,1034,NRG,attack,eco,FUT,NRG,FUT,NRG
684619,270766,1184,FUT,defense,1034,NRG,attack,eco,FUT,FUT,FUT,NRG
684618,270761,13581,XLG,attack,918,GE,defense,eco,XLG,GE,GE,GE
684618,270762,13581,XLG,attack,918,GE,defense,eco,XLG,GE,GE,GE
684618,270763,918,GE,defense,13581,XLG,attack,eco,GE,GE,XLG,XLG
670466,267804,2359,PRX,defense,624,LEV,attack,eco,PRX,LEV,PRX,PRX
670466,267805,624,LEV,attack,2359,PRX,defense,eco,LEV,PRX,LEV,PRX
670467,267807,1001,VIT,attack,2059,TH,defense,eco,VIT,VIT,VIT,TH
670467,267808,1001,VIT,attack,2059,TH,defense,eco,VIT,VIT,VIT,TH
670465,267801,1120,FUT,attack,1184,EDG,defense,eco,FUT,EDG,FUT,FUT
670465,267802,1120,FUT,attack,1184,EDG,defense,eco,FUT,EDG,FUT,FUT
670465,267803,1184,EDG,defense,1120,FUT,attack,eco,EDG,EDG,EDG,EDG
670464,267798,11058,XLG,attack,13581,G2,defense,eco,XLG,XLG,G2,XLG
670464,267799,11058,XLG,attack,13581,G2,defense,eco,XLG,XLG,G2,XLG
670464,267800,11058,XLG,attack,13581,G2,defense,eco,XLG,G2,XLG,G2
670473,267827,2359,LEV,defense,1001,TH,attack,eco,LEV,TH,LEV,TH
670473,267828,1001,TH,attack,2359,LEV,defense,eco,TH,LEV,LEV,LEV
670473,273204,2359,LEV,defense,1001,TH,attack,eco,LEV,TH,LEV,LEV
670472,267824,11058,FUT,attack,1184,G2,defense,eco,FUT,FUT,FUT,FUT
670472,267825,11058,FUT,attack,1184,G2,defense,eco,FUT,G2,G2,G2
670468,267810,13581,XLG,defense,1120,EDG,attack,eco,EDG,EDG,EDG,EDG
670468,267811,13581,XLG,defense,1120,EDG,attack,eco,XLG,EDG,XLG,EDG
670468,267812,13581,XLG,defense,1120,EDG,attack,eco,XLG,EDG,EDG,EDG
670469,267813,2059,PRX,defense,624,VIT,attack,eco,PRX,VIT,PRX,PRX
670469,267814,2059,PRX,defense,624,VIT,attack,eco,PRX,VIT,VIT,VIT
670469,267815,624,VIT,attack,2059,PRX,defense,eco,VIT,PRX,PRX,PRX
670475,267833,2359,XLG,defense,13581,LEV,attack,eco,XLG,LEV,LEV,LEV
670475,267834,13581,LEV,attack,2359,XLG,defense,eco,LEV,LEV,LEV,LEV
670474,267830,1184,FUT,attack,2059,VIT,defense,eco,FUT,VIT,FUT,VIT
670474,267831,2059,VIT,defense,1184,FUT,attack,eco,VIT,VIT,VIT,VIT
670470,267816,1120,PRX,attack,624,EDG,defense,eco,PRX,EDG,EDG,PRX
670470,267817,1120,PRX,attack,624,EDG,defense,eco,PRX,EDG,PRX,PRX
670470,267818,1120,PRX,attack,624,EDG,defense,eco,PRX,EDG,EDG,EDG
670476,267836,2059,VIT,defense,2359,LEV,attack,eco,VIT,VIT,LEV,LEV
670476,267837,2359,LEV,attack,2059,VIT,defense,eco,LEV,LEV,LEV,LEV
670477,267839,1120,LEV,attack,2359,EDG,defense,eco,LEV,EDG,EDG,LEV
670477,267840,2359,EDG,defense,1120,LEV,attack,eco,EDG,LEV,EDG,EDG
670477,267841,1120,LEV,attack,2359,EDG,defense,eco,LEV,LEV,EDG,LEV
670471,267819,624,PRX,defense,2359,LEV,attack,eco,PRX,PRX,PRX,PRX
670471,267820,624,PRX,defense,2359,LEV,attack,eco,PRX,LEV,PRX,LEV
670471,267821,624,PRX,defense,2359,LEV,attack,eco,PRX,LEV,LEV,LEV
670471,267822,2359,LEV,attack,624,PRX,defense,eco,PRX,PRX,PRX,PRX
670471,267823,2359,LEV,attack,624,PRX,defense,eco,LEV,PRX,LEV,LEV
645474,258575,2355,SEN,defense,2,KRÜ,attack,eco,KRÜ,KRÜ,SEN,KRÜ
645474,258576,2,KRÜ,attack,2355,SEN,defense,eco,KRÜ,KRÜ,SEN,SEN
645475,258578,11058,G2,defense,7386,MIBR,attack,eco,G2,MIBR,G2,G2
645475,258579,7386,MIBR,attack,11058,G2,defense,force,MIBR,MIBR,G2,G2
645476,258581,5248,100T,defense,120,EG,attack,eco,100T,100T,EG,100T
645476,258582,5248,100T,defense,120,EG,attack,eco,100T,100T,100T,EG
645477,258584,427,ENVY,defense,6961,LOUD,attack,eco,ENVY,LOUD,ENVY,ENVY
645477,258585,427,ENVY,defense,6961,LOUD,attack,eco,LOUD,LOUD,LOUD,ENVY
645477,258586,427,ENVY,defense,6961,LOUD,attack,eco,LOUD,LOUD,ENVY,LOUD
645478,258587,2359,LEV,attack,188,C9,defense,eco,LEV,LEV,LEV,C9
645478,258588,2359,LEV,attack,188,C9,defense,eco,LEV,LEV,LEV,LEV
645479,258590,1034,NRG,attack,2406,FUR,defense,force,NRG,FUR,FUR,FUR
645479,258591,1034,NRG,attack,2406,FUR,defense,eco,NRG,FUR,FUR,FUR
645480,258593,188,C9,defense,427,ENVY,attack,eco,C9,C9,C9,C9
645480,258594,188,C9,defense,427,ENVY,attack,eco,C9,ENVY,ENVY,ENVY
645480,258595,427,ENVY,attack,188,C9,defense,eco,ENVY,ENVY,ENVY,ENVY
645481,258596,5248,EG,attack,2406,FUR,defense,eco,EG,EG,EG,EG
645481,258597,2406,FUR,defense,5248,EG,attack,eco,FUR,FUR,EG,EG
645481,258598,2406,FUR,defense,5248,EG,attack,eco,FUR,FUR,FUR,EG
645482,258599,11058,G2,defense,2359,LEV,attack,eco,G2,LEV,G2,LEV
645482,258600,11058,G2,defense,2359,LEV,attack,eco,G2,LEV,LEV,LEV
645482,258601,2359,LEV,attack,11058,G2,defense,eco,LEV,LEV,LEV,G2
645483,258602,6961,LOUD,attack,7386,MIBR,defense,eco,LOUD,MIBR,MIBR,MIBR
645483,258603,7386,MIBR,defense,6961,LOUD,attack,eco,MIBR,MIBR,LOUD,MIBR
645484,258605,2355,KRÜ,attack,1034,NRG,defense,eco,KRÜ,NRG,NRG,NRG
645484,258606,2355,KRÜ,attack,1034,NRG,defense,eco,KRÜ,NRG,KRÜ,KRÜ
645485,258608,120,100T,defense,2,SEN,attack,force,SEN,SEN,SEN,100T
645485,258609,120,100T,defense,2,SEN,attack,eco,100T,SEN,100T,100T
645486,258611,427,ENVY,attack,2359,LEV,defense,eco,ENVY,LEV,LEV,LEV
645486,258612,2359,LEV,defense,427,ENVY,attack,eco,LEV,LEV,LEV,ENVY
645487,258614,6961,LOUD,attack,11058,G2,defense,eco,LOUD,LOUD,G2,G2
645487,258615,6961,LOUD,attack,11058,G2,defense,eco,LOUD,G2,G2,G2
645488,258617,2406,KRÜ,attack,2355,FUR,defense,eco,KRÜ,KRÜ,FUR,FUR
645488,258618,2406,KRÜ,attack,2355,FUR,defense,eco,KRÜ,KRÜ,KRÜ,FUR
645489,258620,120,100T,attack,1034,NRG,defense,eco,100T,100T,100T,100T
645489,258621,120,100T,attack,1034,NRG,defense,eco,100T,NRG,NRG,100T
645489,258622,1034,NRG,defense,120,100T,attack,eco,NRG,NRG,NRG,NRG
645490,258623,2,SEN,attack,5248,EG,defense,eco,SEN,EG,SEN,EG
645490,258624,5248,EG,defense,2,SEN,attack,eco,EG,SEN,SEN,EG
645491,258626,7386,MIBR,defense,188,C9,attack,eco,C9,C9,MIBR,C9
645491,258627,188,C9,attack,7386,MIBR,defense,eco,C9,MIBR,C9,C9
645492,258629,1034,NRG,attack,5248,EG,defense,eco,NRG,EG,NRG,NRG
645492,258630,1034,NRG,attack,5248,EG,defense,eco,NRG,NRG,NRG,EG
645493,258632,2359,LEV,defense,7386,MIBR,attack,eco,LEV,LEV,LEV,LEV
645493,258633,7386,MIBR,attack,2359,LEV,defense,eco,MIBR,LEV,LEV,LEV
645494,258635,2355,100T,attack,120,KRÜ,defense,eco,100T,100T,100T,100T
645494,258636,120,KRÜ,defense,2355,100T,attack,eco,KRÜ,100T,KRÜ,100T
645494,258637,2355,100T,attack,120,KRÜ,defense,eco,100T,KRÜ,100T,KRÜ
645495,258638,2406,FUR,defense,2,SEN,attack,eco,FUR,SEN,FUR,FUR
645495,258639,2,SEN,attack,2406,FUR,defense,eco,SEN,SEN,SEN,SEN
645495,258640,2,SEN,attack,2406,FUR,defense,eco,SEN,FUR,SEN,FUR
645496,258641,6961,LOUD,defense,188,C9,attack,eco,LOUD,LOUD,LOUD,LOUD
645496,258642,188,C9,attack,6961,LOUD,defense,eco,C9,C9,C9,LOUD
645496,258643,188,C9,attack,6961,LOUD,defense,eco,C9,LOUD,LOUD,LOUD
645497,258644,427,ENVY,attack,11058,G2,defense,eco,G2,G2,G2,G2
645497,258645,11058,G2,defense,427,ENVY,attack,eco,G2,G2,G2,G2
645498,258647,2355,EG,attack,5248,KRÜ,defense,eco,EG,KRÜ,EG,EG
645498,258648,5248,KRÜ,defense,2355,EG,attack,eco,KRÜ,EG,EG,EG
645498,258649,5248,KRÜ,defense,2355,EG,attack,eco,KRÜ,EG,EG,EG
645499,258650,2406,100T,attack,120,FUR,defense,eco,100T,FUR,100T,100T
645499,258651,2406,100T,attack,120,FUR,defense,eco,100T,FUR,FUR,FUR
645499,258652,120,FUR,defense,2406,100T,attack,eco,FUR,100T,100T,100T
645500,258653,11058,G2,defense,188,C9,attack,eco,G2,C9,G2,G2
645500,258654,11058,G2,defense,188,C9,attack,eco,G2,G2,G2,G2
645501,258656,427,ENVY,defense,7386,MIBR,attack,eco,ENVY,ENVY,ENVY,ENVY
645501,258657,427,ENVY,defense,7386,MIBR,attack,force,MIBR,ENVY,ENVY,ENVY
645502,258659,2359,LEV,attack,6961,LOUD,defense,force,LEV,LEV,LEV,LOUD
645502,258660,6961,LOUD,defense,2359,LEV,attack,eco,LEV,LEV,LEV,LOUD
645502,258661,2359,LEV,attack,6961,LOUD,defense,eco,LEV,LEV,LEV,LEV
645503,258662,2,SEN,defense,1034,NRG,attack,eco,SEN,NRG,NRG,NRG
645503,258663,2,SEN,defense,1034,NRG,attack,eco,SEN,SEN,SEN,NRG
645503,258664,2,SEN,defense,1034,NRG,attack,eco,SEN,NRG,SEN,NRG
660369,265422,2406,LEV,attack,2359,FUR,defense,eco,LEV,FUR,FUR,FUR
660369,265423,2359,FUR,defense,2406,LEV,attack,eco,FUR,LEV,LEV,FUR
660369,265424,2406,LEV,attack,2359,FUR,defense,force,LEV,LEV,LEV,LEV
660370,265425,11058,100T,attack,120,G2,defense,eco,100T,G2,G2,G2
660370,265426,120,G2,defense,11058,100T,attack,eco,G2,100T,G2,G2
660371,265428,2359,LEV,attack,7386,MIBR,defense,eco,LEV,LEV,LEV,MIBR
660371,265429,7386,MIBR,defense,2359,LEV,attack,eco,MIBR,MIBR,MIBR,MIBR
660371,265430,2359,LEV,attack,7386,MIBR,defense,eco,LEV,MIBR,LEV,MIBR
660372,265431,11058,G2,attack,2355,KRÜ,defense,eco,G2,KRÜ,KRÜ,KRÜ
660372,265432,2355,KRÜ,defense,11058,G2,attack,eco,KRÜ,G2,G2,KRÜ
660375,265442,1034,NRG,attack,2406,FUR,defense,eco,NRG,FUR,NRG,FUR
660375,265443,1034,NRG,attack,2406,FUR,defense,eco,NRG,FUR,NRG,NRG
660376,265445,120,100T,defense,6961,LOUD,attack,eco,100T,100T,100T,LOUD
660376,265446,6961,LOUD,attack,120,100T,defense,eco,LOUD,100T,100T,100T
660377,265448,2355,KRÜ,defense,1034,NRG,attack,eco,KRÜ,NRG,NRG,NRG
660377,265449,1034,NRG,attack,2355,KRÜ,defense,eco,NRG,NRG,NRG,NRG
660378,265451,120,100T,attack,7386,MIBR,defense,eco,100T,100T,MIBR,MIBR
660378,265452,120,100T,attack,7386,MIBR,defense,eco,100T,100T,100T,MIBR
660373,265434,11058,G2,attack,2359,LEV,defense,eco,G2,LEV,G2,LEV
660373,265435,2359,LEV,defense,11058,G2,attack,eco,LEV,G2,LEV,LEV
660373,265436,2359,LEV,defense,11058,G2,attack,eco,LEV,G2,G2,G2
660379,265454,1034,NRG,defense,120,100T,attack,eco,NRG,100T,100T,100T
660379,265455,1034,NRG,defense,120,100T,attack,eco,NRG,100T,NRG,NRG
660380,265457,11058,G2,defense,1034,NRG,attack,eco,G2,NRG,G2,G2
660380,265458,11058,G2,defense,1034,NRG,attack,eco,G2,NRG,NRG,NRG
660380,265459,1034,NRG,attack,11058,G2,defense,eco,NRG,G2,G2,G2
660380,265460,1034,NRG,attack,11058,G2,defense,eco,NRG,G2,G2,NRG
660380,265461,1034,NRG,attack,11058,G2,defense,eco,NRG,G2,G2,G2
660374,265437,11058,G2,attack,2359,LEV,defense,eco,LEV,LEV,LEV,LEV
660374,265438,11058,G2,attack,2359,LEV,defense,eco,G2,G2,LEV,G2
660374,265439,11058,G2,attack,2359,LEV,defense,eco,G2,G2,LEV,LEV
660374,265440,2359,LEV,defense,11058,G2,attack,eco,LEV,G2,G2,LEV
660374,265441,11058,G2,attack,2359,LEV,defense,eco,G2,G2,LEV,LEV
644709,258339,2593,EF,attack,6392,FNC,defense,eco,EF,EF,EF,EF
644709,258340,6392,FNC,defense,2593,EF,attack,eco,FNC,EF,EF,EF
644709,258341,6392,FNC,defense,2593,EF,attack,force,FNC,FNC,FNC,FNC
644710,258342,8877,TL,defense,474,KC,attack,eco,TL,TL,TL,KC
644710,258343,8877,TL,defense,474,KC,attack,eco,TL,TL,TL,KC
644711,258345,2059,VIT,defense,14419,GX,attack,eco,VIT,GX,GX,VIT
644711,258346,2059,VIT,defense,14419,GX,attack,eco,VIT,GX,VIT,GX
644712,258348,12694,M8,defense,1184,FUT,attack,eco,M8,M8,M8,FUT
644712,258349,1184,FUT,attack,12694,M8,defense,eco,FUT,M8,M8,M8
644712,258350,1184,FUT,attack,12694,M8,defense,eco,FUT,FUT,FUT,FUT
644713,258351,4915,TH,defense,1001,NAVI,attack,eco,TH,NAVI,TH,TH
644713,258352,1001,NAVI,attack,4915,TH,defense,eco,NAVI,TH,TH,TH
644713,258353,4915,TH,defense,1001,NAVI,attack,eco,TH,NAVI,TH,TH
644714,258354,3478,BBL,defense,397,PCF,attack,eco,BBL,BBL,BBL,BBL
644714,258355,397,PCF,attack,3478,BBL,defense,eco,PCF,BBL,PCF,PCF
644716,258357,3478,GX,attack,14419,PCF,defense,eco,GX,PCF,PCF,PCF
644716,258358,3478,GX,attack,14419,PCF,defense,eco,GX,GX,PCF,PCF
644716,258359,3478,GX,attack,14419,PCF,defense,eco,PCF,PCF,GX,GX
644717,258360,6392,EF,attack,397,BBL,defense,eco,EF,EF,EF,EF
644717,258361,397,BBL,defense,6392,EF,attack,eco,BBL,EF,BBL,BBL
644718,258363,2593,FNC,defense,2059,VIT,attack,eco,FNC,VIT,VIT,VIT
644718,258364,2593,FNC,defense,2059,VIT,attack,force,VIT,VIT,VIT,FNC
644719,258366,474,TH,attack,1001,TL,defense,eco,TL,TL,TH,TL
644719,258367,1001,TL,defense,474,TH,attack,eco,TL,TH,TL,TL
644720,258369,1184,NAVI,attack,4915,FUT,defense,eco,NAVI,FUT,NAVI,FUT
644720,258370,1184,NAVI,attack,4915,FUT,defense,eco,NAVI,NAVI,FUT,NAVI
644720,258371,1184,NAVI,attack,4915,FUT,defense,eco,NAVI,NAVI,FUT,FUT
644721,258372,8877,M8,defense,12694,KC,attack,eco,M8,KC,M8,KC
644721,258373,12694,KC,attack,8877,M8,defense,eco,KC,M8,M8,M8
644721,258374,12694,KC,attack,8877,M8,defense,eco,M8,M8,KC,M8
644722,258375,14419,GX,attack,397,BBL,defense,eco,GX,BBL,GX,BBL
644722,258376,14419,GX,attack,397,BBL,defense,eco,BBL,GX,GX,BBL
644722,264326,14419,GX,attack,397,BBL,defense,eco,GX,BBL,BBL,BBL
644723,258378,4915,NAVI,attack,12694,M8,defense,eco,NAVI,M8,NAVI,NAVI
644723,258379,4915,NAVI,attack,12694,M8,defense,force,M8,M8,M8,NAVI
644724,258381,6392,EF,defense,2059,VIT,attack,eco,EF,EF,EF,EF
644724,258382,2059,VIT,attack,6392,EF,defense,eco,VIT,EF,VIT,VIT
644725,258384,1001,KC,defense,8877,TH,attack,eco,KC,TH,KC,KC
644725,258385,8877,TH,attack,1001,KC,defense,eco,TH,KC,TH,TH
644725,258386,8877,TH,attack,1001,KC,defense,eco,TH,TH,TH,TH
644726,258387,1184,TL,attack,474,FUT,defense,eco,TL,TL,TL,FUT
644726,258388,1184,TL,attack,474,FUT,defense,eco,FUT,TL,TL,TL
644727,258390,3478,PCF,defense,2593,FNC,attack,eco,PCF,PCF,PCF,PCF
644727,258391,2593,FNC,attack,3478,PCF,defense,eco,FNC,FNC,FNC,FNC
644728,258393,3478,EF,defense,6392,PCF,attack,eco,PCF,PCF,PCF,PCF
644728,258394,3478,EF,defense,6392,PCF,attack,eco,PCF,PCF,EF,PCF
644728,258395,6392,PCF,attack,3478,EF,defense,eco,PCF,EF,EF,EF
644729,258396,474,NAVI,defense,4915,TL,attack,eco,NAVI,TL,TL,NAVI
644729,258397,474,NAVI,defense,4915,TL,attack,eco,NAVI,NAVI,NAVI,NAVI
644729,258398,4915,TL,attack,474,NAVI,defense,eco,TL,NAVI,TL,NAVI
644730,258399,14419,GX,defense,2593,FNC,attack,eco,GX,GX,GX,GX
644730,258400,2593,FNC,attack,14419,GX,defense,eco,FNC,FNC,FNC,FNC
644730,258401,14419,GX,defense,2593,FNC,attack,eco,FNC,FNC,GX,FNC
644731,258402,8877,KC,defense,1184,FUT,attack,eco,KC,KC,FUT,FUT
644731,258403,1184,FUT,attack,8877,KC,defense,eco,FUT,KC,KC,KC
644731,258404,1184,FUT,attack,8877,KC,defense,eco,FUT,KC,FUT,FUT
644732,258405,1001,TH,attack,12694,M8,defense,eco,TH,M8,TH,TH
644732,258406,12694,M8,defense,1001,TH,attack,eco,M8,TH,M8,TH
644733,258408,397,VIT,attack,2059,BBL,defense,eco,VIT,VIT,VIT,BBL
644733,258409,397,VIT,attack,2059,BBL,defense,eco,VIT,BBL,BBL,VIT
644733,258410,2059,BBL,defense,397,VIT,attack,eco,BBL,BBL,BBL,BBL
644734,258411,1184,FUT,attack,1001,TH,defense,eco,FUT,FUT,FUT,FUT
644734,258412,1184,FUT,attack,1001,TH,defense,eco,TH,TH,TH,TH
644735,258414,3478,PCF,attack,2059,VIT,defense,eco,VIT,VIT,PCF,PCF
644735,258415,2059,VIT,defense,3478,PCF,attack,eco,VIT,VIT,VIT,VIT
644736,258417,4915,KC,attack,8877,NAVI,defense,force,KC,NAVI,KC,NAVI
644736,258418,8877,NAVI,defense,4915,KC,attack,eco,NAVI,KC,NAVI,NAVI
644737,258420,2593,FNC,attack,397,BBL,defense,eco,FNC,BBL,FNC,FNC
644737,258421,2593,FNC,attack,397,BBL,defense,eco,FNC,FNC,FNC,FNC
644738,258423,14419,GX,defense,6392,EF,attack,eco,GX,GX,GX,GX
644738,258424,14419,GX,defense,6392,EF,attack,eco,EF,EF,EF,EF
644739,258426,12694,M8,defense,474,TL,attack,eco,M8,TL,TL,TL
644739,258427,12694,M8,defense,474,TL,attack,eco,M8,TL,TL,TL
660381,265462,1001,EF,defense,6392,TH,attack,eco,EF,TH,TH,TH
660381,265463,6392,TH,attack,1001,EF,defense,eco,TH,EF,EF,EF
660381,265464,1001,EF,defense,6392,TH,attack,eco,EF,EF,EF,TH
660382,265465,2059,TL,defense,474,VIT,attack,eco,TL,VIT,VIT,VIT
660382,265466,474,VIT,attack,2059,TL,defense,eco,VIT,TL,VIT,VIT
660382,265467,474,VIT,attack,2059,TL,defense,eco,VIT,VIT,VIT,TL
660383,265468,1184,EF,attack,6392,FUT,defense,eco,EF,FUT,EF,EF
660383,265469,6392,FUT,defense,1184,EF,attack,eco,FUT,FUT,FUT,FUT
660383,265470,6392,FUT,defense,1184,EF,attack,eco,FUT,EF,EF,EF
660384,265471,2059,VIT,attack,2593,FNC,defense,eco,VIT,VIT,VIT,VIT
660384,265472,2593,FNC,defense,2059,VIT,attack,eco,FNC,FNC,VIT,VIT
660387,265482,1001,BBL,attack,397,TH,defense,eco,TH,TH,TH,TH
660387,265483,1001,BBL,attack,397,TH,defense,eco,BBL,BBL,TH,BBL
660388,265485,12694,TL,defense,474,M8,attack,eco,TL,M8,M8,TL
660388,265486,474,M8,attack,12694,TL,defense,eco,M8,TL,TL,TL
660388,265487,474,M8,attack,12694,TL,defense,eco,M8,M8,M8,M8
660389,265488,2593,TH,attack,1001,FNC,defense,eco,TH,FNC,TH,TH
660389,265489,2593,TH,attack,1001,FNC,defense,eco,TH,TH,TH,TH
660389,265490,1001,FNC,defense,2593,TH,attack,eco,FNC,TH,TH,TH
660390,265491,12694,EF,defense,6392,M8,attack,eco,EF,M8,EF,EF
660390,265492,6392,M8,attack,12694,EF,defense,force,M8,M8,EF,EF
660385,265474,2059,FUT,defense,1184,VIT,attack,eco,FUT,VIT,VIT,VIT
660385,265475,1184,VIT,attack,2059,FUT,defense,eco,VIT,FUT,FUT,VIT
660385,265476,1184,VIT,attack,2059,FUT,defense,eco,VIT,VIT,VIT,FUT
660391,265494,6392,TH,defense,1001,EF,attack,eco,TH,TH,EF,TH
660391,265495,1001,EF,attack,6392,TH,defense,eco,EF,EF,TH,EF
660391,265496,1001,EF,attack,6392,TH,defense,eco,TH,TH,TH,TH
660392,265497,1184,FUT,defense,1001,TH,attack,eco,FUT,FUT,FUT,TH
660392,265498,1001,TH,attack,1184,FUT,defense,eco,TH,TH,TH,FUT
660392,265499,1184,FUT,defense,1001,TH,attack,eco,FUT,TH,TH,TH
660392,265500,1001,TH,attack,1184,FUT,defense,eco,TH,TH,TH,TH
660386,265477,1001,TH,attack,2059,VIT,defense,eco,TH,TH,VIT,TH
660386,265478,1001,TH,attack,2059,VIT,defense,eco,TH,VIT,TH,VIT
660386,269000,2059,VIT,defense,1001,TH,attack,eco,VIT,TH,VIT,VIT
660386,265480,1001,TH,attack,2059,VIT,defense,eco,TH,VIT,TH,VIT
660386,265481,2059,VIT,defense,1001,TH,attack,eco,TH,TH,VIT,VIT
644652,258249,918,GEN,defense,17,GE,attack,eco,GEN,GE,GE,GE
644652,258250,17,GE,attack,918,GEN,defense,eco,GE,GEN,GE,GE
644653,258252,11229,VL,attack,14,T1,defense,eco,VL,VL,VL,T1
644653,258253,14,T1,defense,11229,VL,attack,eco,T1,VL,VL,T1
644654,258255,624,NS,defense,11060,PRX,attack,eco,NS,PRX,NS,PRX
644654,258256,624,NS,defense,11060,PRX,attack,eco,NS,PRX,PRX,PRX
644654,258257,11060,PRX,attack,624,NS,defense,force,NS,PRX,PRX,NS
644655,258258,4050,DFM,attack,278,FS,defense,eco,DFM,FS,FS,FS
644655,258259,278,FS,defense,4050,DFM,attack,eco,FS,FS,FS,DFM
644656,258261,8185,KRX,attack,6199,TS,defense,eco,KRX,KRX,KRX,TS
644656,258262,6199,TS,defense,8185,KRX,attack,eco,TS,TS,KRX,KRX
644657,258264,878,ZETA,attack,5448,RRQ,defense,eco,ZETA,ZETA,RRQ,RRQ
644657,258265,878,ZETA,attack,5448,RRQ,defense,eco,ZETA,RRQ,RRQ,ZETA
644657,258266,878,ZETA,attack,5448,RRQ,defense,eco,ZETA,ZETA,ZETA,ZETA
644658,258267,278,DFM,defense,14,T1,attack,force,DFM,T1,DFM,T1
644658,258268,278,DFM,defense,14,T1,attack,eco,DFM,T1,T1,T1
644659,258270,8185,KRX,attack,11060,NS,defense,eco,KRX,KRX,NS,NS
644659,258271,8185,KRX,attack,11060,NS,defense,eco,KRX,NS,NS,NS
644659,258272,8185,KRX,attack,11060,NS,defense,eco,KRX,NS,KRX,KRX
644660,258273,6199,GE,attack,918,TS,defense,eco,GE,GE,GE,GE
644660,258274,918,TS,defense,6199,GE,attack,eco,GE,GE,TS,TS
644661,258276,878,VL,attack,11229,RRQ,defense,eco,VL,RRQ,RRQ,RRQ
644661,258277,878,VL,attack,11229,RRQ,defense,force,RRQ,RRQ,RRQ,VL
644662,258279,4050,FS,defense,5448,ZETA,attack,eco,FS,FS,FS,ZETA
644662,258280,5448,ZETA,attack,4050,FS,defense,eco,ZETA,FS,FS,ZETA
644663,258282,17,GEN,defense,624,PRX,attack,eco,GEN,PRX,PRX,PRX
644663,258283,17,GEN,defense,624,PRX,attack,eco,GEN,PRX,PRX,PRX
644663,258284,17,GEN,defense,624,PRX,attack,eco,GEN,PRX,GEN,PRX
644665,258285,4050,FS,defense,11229,VL,attack,eco,FS,VL,FS,FS
644665,265130,4050,FS,defense,11229,VL,attack,eco,FS,FS,FS,FS
644666,258288,624,PRX,attack,6199,TS,defense,eco,PRX,TS,PRX,PRX
644666,258289,6199,TS,defense,624,PRX,attack,eco,TS,PRX,PRX,TS
644667,258291,918,GE,attack,8185,KRX,defense,eco,KRX,KRX,KRX,KRX
644667,258292,918,GE,attack,8185,KRX,defense,eco,GE,KRX,GE,KRX
644668,258294,278,DFM,attack,5448,ZETA,defense,eco,DFM,DFM,DFM,DFM
644668,258295,278,DFM,attack,5448,ZETA,defense,eco,DFM,DFM,DFM,DFM
644668,258296,278,DFM,attack,5448,ZETA,defense,eco,DFM,DFM,DFM,DFM
644669,258297,878,RRQ,defense,14,T1,attack,force,T1,T1,RRQ,RRQ
644669,258298,878,RRQ,defense,14,T1,attack,eco,T1,T1,T1,T1
644670,258300,11060,NS,defense,17,GEN,attack,eco,NS,GEN,GEN,GEN
644670,258301,11060,NS,defense,17,GEN,attack,eco,NS,GEN,NS,NS
644671,258303,4050,FS,attack,878,RRQ,defense,eco,FS,FS,FS,FS
644671,258304,4050,FS,attack,878,RRQ,defense,eco,FS,FS,FS,RRQ
644671,258305,4050,FS,attack,878,RRQ,defense,force,RRQ,RRQ,RRQ,RRQ
644672,258306,918,PRX,defense,624,GE,attack,eco,PRX,PRX,PRX,PRX
644672,258307,624,GE,attack,918,PRX,defense,eco,GE,PRX,GE,GE
644673,258309,17,GEN,defense,8185,KRX,attack,eco,GEN,GEN,GEN,GEN
644673,258310,8185,KRX,attack,17,GEN,defense,eco,KRX,KRX,KRX,KRX
644673,258311,8185,KRX,attack,17,GEN,defense,eco,KRX,GEN,KRX,GEN
644674,258312,11229,VL,attack,278,DFM,defense,eco,VL,DFM,VL,VL
644674,258313,278,DFM,defense,11229,VL,attack,eco,DFM,VL,DFM,VL
644674,258314,278,DFM,defense,11229,VL,attack,eco,DFM,VL,DFM,DFM
644675,258315,14,T1,defense,5448,ZETA,attack,eco,T1,ZETA,T1,ZETA
644675,258316,5448,ZETA,attack,14,T1,defense,eco,T1,T1,T1,T1
644676,258318,11060,NS,defense,6199,TS,attack,eco,NS,NS,NS,TS
644676,258319,11060,NS,defense,6199,TS,attack,eco,TS,TS,NS,NS
644676,258320,6199,TS,attack,11060,NS,defense,eco,TS,NS,NS,TS
644677,258321,6199,GEN,defense,17,TS,attack,eco,GEN,TS,TS,GEN
644677,258322,17,TS,attack,6199,GEN,defense,eco,TS,TS,GEN,GEN
644677,258323,17,TS,attack,6199,GEN,defense,eco,TS,TS,TS,TS
644678,258324,5448,ZETA,attack,11229,VL,defense,eco,ZETA,VL,ZETA,ZETA
644678,258325,5448,ZETA,attack,11229,VL,defense,eco,ZETA,VL,ZETA,ZETA
644678,258326,11229,VL,defense,5448,ZETA,attack,eco,VL,VL,ZETA,ZETA
644679,258327,14,T1,defense,4050,FS,attack,eco,T1,FS,T1,FS
644679,258328,4050,FS,attack,14,T1,defense,eco,FS,T1,T1,T1
644679,258329,4050,FS,attack,14,T1,defense,eco,FS,T1,T1,FS
644680,258330,918,GE,attack,11060,NS,defense,eco,GE,NS,GE,GE
644680,258331,918,GE,attack,11060,NS,defense,force,GE,NS,NS,NS
644680,258332,11060,NS,defense,918,GE,attack,eco,NS,GE,NS,NS
644681,258333,624,PRX,defense,8185,KRX,attack,eco,PRX,KRX,KRX,PRX
644681,258334,8185,KRX,attack,624,PRX,defense,eco,KRX,PRX,PRX,PRX
644682,258336,878,DFM,attack,278,RRQ,defense,eco,DFM,RRQ,RRQ,RRQ
644682,258337,878,DFM,attack,278,RRQ,defense,eco,DFM,RRQ,DFM,DFM
644682,258338,878,DFM,attack,278,RRQ,defense,eco,DFM,RRQ,DFM,RRQ
666488,266840,918,RRQ,defense,878,GE,attack,eco,RRQ,GE,RRQ,GE
666488,266841,918,RRQ,defense,878,GE,attack,eco,RRQ,GE,GE,GE
666489,266843,4050,KRX,defense,8185,FS,attack,eco,KRX,FS,KRX,FS
666489,266844,8185,FS,attack,4050,KRX,defense,eco,FS,KRX,KRX,FS
666490,266846,624,GE,attack,918,PRX,defense,eco,GE,PRX,GE,GE
666490,266847,624,GE,attack,918,PRX,defense,eco,PRX,PRX,GE,GE
666490,266848,624,GE,attack,918,PRX,defense,eco,GE,PRX,GE,GE
666491,266849,14,T1,defense,4050,FS,attack,eco,T1,FS,FS,FS
666491,266850,4050,FS,attack,14,T1,defense,eco,FS,FS,T1,FS
666494,266860,878,DFM,attack,278,RRQ,defense,eco,DFM,DFM,DFM,DFM
666494,266861,878,DFM,attack,278,RRQ,defense,eco,DFM,RRQ,RRQ,RRQ
666494,266862,878,DFM,attack,278,RRQ,defense,eco,DFM,RRQ,RRQ,RRQ
666495,266863,8185,NS,attack,11060,KRX,defense,eco,NS,NS,NS,KRX
666495,266864,11060,KRX,defense,8185,NS,attack,eco,KRX,NS,KRX,NS
666495,266865,11060,KRX,defense,8185,NS,attack,eco,KRX,KRX,KRX,KRX
666496,266866,14,T1,defense,878,RRQ,attack,eco,T1,T1,T1,RRQ
666496,266867,14,T1,defense,878,RRQ,attack,eco,RRQ,RRQ,T1,T1
666496,266868,878,RRQ,attack,14,T1,defense,eco,T1,T1,T1,T1
666497,266869,8185,PRX,defense,624,KRX,attack,eco,PRX,PRX,KRX,KRX
666497,266870,624,KRX,attack,8185,PRX,defense,eco,PRX,KRX,PRX,KRX
666497,266871,8185,PRX,defense,624,KRX,attack,eco,PRX,PRX,PRX,PRX
666492,266852,918,FS,attack,4050,GE,defense,eco,FS,GE,FS,FS
666492,266853,918,FS,attack,4050,GE,defense,eco,FS,FS,FS,FS
666498,266872,624,PRX,attack,14,T1,defense,eco,PRX,T1,PRX,T1
666498,266873,14,T1,defense,624,PRX,attack,eco,T1,PRX,T1,T1
666498,266874,14,T1,defense,624,PRX,attack,eco,T1,PRX,PRX,PRX
666499,266875,624,PRX,attack,918,GE,defense,eco,PRX,GE,PRX,PRX
666499,266876,624,PRX,attack,918,GE,defense,eco,PRX,PRX,GE,PRX
666499,266877,918,GE,defense,624,PRX,attack,eco,GE,GE,GE,GE
666493,266855,4050,FS,defense,624,PRX,attack,eco,FS,PRX,PRX,FS
666493,266856,4050,FS,defense,624,PRX,attack,eco,FS,PRX,FS,FS
666493,266857,624,PRX,attack,4050,FS,defense,force,FS,PRX,PRX,FS
625788,254143,12694,EDG,attack,1120,M8,defense,eco,M8,M8,EDG,M8
625788,254144,12694,EDG,attack,1120,M8,defense,eco,EDG,M8,M8,EDG
625791,254152,1034,NRG,attack,13581,XLG,defense,eco,NRG,NRG,NRG,NRG
625791,254153,1034,NRG,attack,13581,XLG,defense,eco,NRG,XLG,NRG,NRG
625790,254149,624,G2,defense,11058,PRX,attack,eco,G2,G2,PRX,PRX
625790,254150,624,G2,defense,11058,PRX,attack,eco,G2,PRX,PRX,PRX
625789,254146,474,TL,attack,14,T1,defense,eco,T1,TL,T1,TL
625789,254147,14,T1,defense,474,TL,attack,force,TL,TL,TL,T1
626529,254342,1034,NRG,attack,624,PRX,defense,eco,NRG,NRG,PRX,PRX
626529,254343,624,PRX,defense,1034,NRG,attack,eco,PRX,NRG,NRG,NRG
626529,254344,1034,NRG,attack,624,PRX,defense,eco,NRG,PRX,NRG,PRX
626530,254345,474,TL,attack,12694,M8,defense,eco,TL,M8,TL,TL
626530,254346,12694,M8,defense,474,TL,attack,eco,M8,M8,M8,M8
626532,254348,14,T1,attack,1120,EDG,defense,eco,T1,T1,T1,EDG
626532,254349,1120,EDG,defense,14,T1,attack,eco,EDG,T1,T1,T1
626533,254351,13581,XLG,defense,11058,G2,attack,eco,XLG,G2,XLG,G2
626533,254352,13581,XLG,defense,11058,G2,attack,eco,XLG,G2,G2,G2
626535,254357,474,TL,attack,1034,NRG,defense,eco,TL,NRG,TL,TL
626535,254358,1034,NRG,defense,474,TL,attack,eco,NRG,TL,TL,TL
626534,254354,14,T1,attack,11058,G2,defense,eco,T1,T1,G2,G2
626534,254355,11058,G2,defense,14,T1,attack,eco,T1,G2,T1,T1
626539,254366,2406,PRX,attack,624,FUR,defense,eco,PRX,FUR,PRX,PRX
626539,254367,2406,PRX,attack,624,FUR,defense,eco,PRX,FUR,FUR,FUR
626539,254368,2406,PRX,attack,624,FUR,defense,eco,PRX,FUR,PRX,FUR
626537,254360,11060,M8,attack,12694,NS,defense,eco,M8,M8,M8,NS
626537,254361,12694,NS,defense,11060,M8,attack,force,M8,M8,M8,M8
626540,254369,1034,NRG,attack,397,BBL,defense,eco,NRG,BBL,NRG,NRG
626540,254370,397,BBL,defense,1034,NRG,attack,eco,BBL,NRG,BBL,BBL
626540,254371,397,BBL,defense,1034,NRG,attack,eco,BBL,NRG,NRG,NRG
626538,254363,11058,G2,attack,1119,AG,defense,eco,G2,G2,G2,G2
626538,254364,11058,G2,attack,1119,AG,defense,eco,G2,G2,AG,AG
626546,254389,397,BBL,attack,2406,FUR,defense,eco,BBL,FUR,FUR,BBL
626546,254390,397,BBL,attack,2406,FUR,defense,eco,BBL,BBL,BBL,BBL
626546,254391,397,BBL,attack,2406,FUR,defense,eco,BBL,BBL,BBL,FUR
626545,254386,12694,M8,defense,1119,AG,attack,eco,M8,AG,M8,M8
626545,254387,1119,AG,attack,12694,M8,defense,eco,AG,AG,AG,AG
626545,254388,1119,AG,attack,12694,M8,defense,eco,AG,M8,M8,M8
626541,256753,11060,G2,attack,11058,NS,defense,eco,G2,NS,NS,G2
626541,254373,11058,NS,defense,11060,G2,attack,eco,NS,G2,NS,NS
626541,254374,11060,G2,attack,11058,NS,defense,eco,G2,NS,G2,G2
626542,254375,1034,NRG,attack,624,PRX,defense,eco,NRG,PRX,PRX,PRX
626542,254376,624,PRX,defense,1034,NRG,attack,eco,PRX,NRG,NRG,PRX
626548,254395,397,G2,defense,11058,BBL,attack,eco,G2,G2,G2,G2
626548,256892,397,G2,defense,11058,BBL,attack,eco,G2,BBL,G2,BBL
626547,254392,624,AG,attack,1119,PRX,defense,eco,AG,AG,AG,PRX
626547,254393,1119,PRX,defense,624,AG,attack,eco,PRX,AG,AG,AG
626547,254394,624,AG,attack,1119,PRX,defense,eco,AG,PRX,PRX,PRX
626543,254378,11060,NS,defense,1034,NRG,attack,eco,NS,NS,NRG,NRG
626543,254379,11060,NS,defense,1034,NRG,attack,eco,NS,NS,NS,NRG
626549,254398,624,PRX,defense,11058,G2,attack,eco,G2,G2,G2,PRX
626549,254399,624,PRX,defense,11058,G2,attack,eco,PRX,PRX,PRX,PRX
626549,254400,624,PRX,defense,11058,G2,attack,eco,PRX,PRX,PRX,PRX
626550,254401,1034,NRG,defense,624,PRX,attack,eco,NRG,NRG,NRG,PRX
626550,254402,624,PRX,attack,1034,NRG,defense,eco,PRX,NRG,PRX,NRG
626550,254403,1034,NRG,defense,624,PRX,attack,eco,NRG,PRX,PRX,PRX
626550,254404,624,PRX,attack,1034,NRG,defense,eco,PRX,PRX,PRX,PRX
626544,254381,624,PRX,attack,11060,NS,defense,eco,NS,PRX,PRX,NS
626544,254382,11060,NS,defense,624,PRX,attack,eco,NS,NS,NS,NS
626544,254383,11060,NS,defense,624,PRX,attack,eco,NS,PRX,NS,NS
596399,244778,5248,EG,attack,427,ENVY,defense,eco,EG,EG,EG,ENVY
596399,244779,427,ENVY,defense,5248,EG,attack,eco,ENVY,EG,EG,EG
596399,244780,427,ENVY,defense,5248,EG,attack,force,ENVY,ENVY,ENVY,ENVY
596398,244775,188,C9,attack,6961,LOUD,defense,eco,C9,LOUD,LOUD,LOUD
596398,244776,6961,LOUD,defense,188,C9,attack,eco,LOUD,C9,C9,C9
596400,244781,2406,FUR,attack,2355,KRÜ,defense,eco,FUR,KRÜ,KRÜ,KRÜ
596400,244782,2406,FUR,attack,2355,KRÜ,defense,eco,FUR,KRÜ,KRÜ,FUR
596400,244783,2406,FUR,attack,2355,KRÜ,defense,eco,KRÜ,KRÜ,FUR,FUR
596401,244784,120,LEV,attack,2359,100T,defense,eco,100T,100T,100T,100T
596401,244785,120,LEV,attack,2359,100T,defense,eco,100T,100T,100T,100T
596401,244786,120,LEV,attack,2359,100T,defense,eco,100T,100T,100T,100T
596402,244787,1034,NRG,defense,188,C9,attack,eco,NRG,NRG,NRG,C9
596402,244788,1034,NRG,defense,188,C9,attack,eco,NRG,NRG,NRG,NRG
596403,244790,7386,MIBR,defense,427,ENVY,attack,eco,MIBR,ENVY,MIBR,MIBR
596403,244791,427,ENVY,attack,7386,MIBR,defense,eco,ENVY,MIBR,MIBR,MIBR
596404,244793,2406,FUR,attack,2,SEN,defense,eco,FUR,FUR,FUR,FUR
596404,244794,2,SEN,defense,2406,FUR,attack,eco,SEN,SEN,SEN,FUR
596405,244796,120,G2,defense,11058,100T,attack,eco,G2,100T,G2,G2
596405,244797,11058,100T,attack,120,G2,defense,eco,100T,G2,100T,100T
596405,244798,120,G2,defense,11058,100T,attack,eco,G2,G2,G2,G2
596409,244810,6961,LOUD,defense,120,100T,attack,eco,LOUD,100T,LOUD,LOUD
596409,249108,6961,LOUD,defense,120,100T,attack,eco,LOUD,100T,100T,100T
596409,244812,120,100T,attack,6961,LOUD,defense,eco,100T,100T,100T,LOUD
596410,244813,2,SEN,attack,5248,EG,defense,eco,SEN,EG,EG,SEN
596410,244814,5248,EG,defense,2,SEN,attack,eco,EG,SEN,EG,EG
596411,244816,2355,KRÜ,defense,427,ENVY,attack,eco,KRÜ,ENVY,ENVY,ENVY
596411,244817,427,ENVY,attack,2355,KRÜ,defense,eco,ENVY,ENVY,ENVY,KRÜ
596411,244818,2355,KRÜ,defense,427,ENVY,attack,eco,KRÜ,KRÜ,KRÜ,ENVY
596412,244819,2359,LEV,defense,188,C9,attack,eco,LEV,C9,C9,C9
596412,244820,2359,LEV,defense,188,C9,attack,eco,LEV,LEV,C9,C9
596413,244822,120,100T,defense,2,SEN,attack,eco,100T,SEN,SEN,100T
596413,244823,2,SEN,attack,120,100T,defense,eco,SEN,100T,100T,100T
596414,244825,188,C9,attack,427,ENVY,defense,eco,C9,C9,C9,C9
596414,244826,427,ENVY,defense,188,C9,attack,eco,ENVY,C9,ENVY,C9
596414,244827,188,C9,attack,427,ENVY,defense,eco,C9,C9,ENVY,C9
596406,244799,1034,NRG,defense,7386,MIBR,attack,eco,NRG,NRG,NRG,NRG
596406,244800,1034,NRG,defense,7386,MIBR,attack,eco,NRG,NRG,NRG,MIBR
596406,244801,7386,MIBR,attack,1034,NRG,defense,eco,MIBR,MIBR,MIBR,NRG
596407,244802,2406,FUR,defense,11058,G2,attack,eco,FUR,G2,FUR,FUR
596407,244803,11058,G2,attack,2406,FUR,defense,eco,G2,FUR,G2,G2
596407,244804,2406,FUR,defense,11058,G2,attack,eco,FUR,FUR,FUR,FUR
596419,244842,5248,EG,attack,6961,LOUD,defense,eco,EG,EG,EG,EG
596419,244843,6961,LOUD,defense,5248,EG,attack,eco,LOUD,EG,LOUD,LOUD
596420,244845,2355,LEV,attack,2359,KRÜ,defense,eco,LEV,KRÜ,LEV,LEV
596420,244846,2355,LEV,attack,2359,KRÜ,defense,eco,LEV,KRÜ,KRÜ,KRÜ
596415,244828,1034,NRG,defense,120,100T,attack,eco,NRG,100T,NRG,100T
596415,244829,120,100T,attack,1034,NRG,defense,eco,100T,NRG,100T,NRG
596416,244831,11058,C9,attack,188,G2,defense,eco,C9,G2,C9,C9
596416,244832,11058,C9,attack,188,G2,defense,force,C9,G2,C9,C9
596421,244848,5248,EG,attack,427,ENVY,defense,eco,EG,EG,EG,EG
596421,244849,427,ENVY,defense,5248,EG,attack,eco,ENVY,EG,EG,EG
596422,244851,2359,LEV,attack,2,SEN,defense,eco,SEN,SEN,SEN,SEN
596422,244852,2,SEN,defense,2359,LEV,attack,eco,SEN,LEV,LEV,LEV
596423,244854,5248,100T,defense,120,EG,attack,eco,100T,100T,100T,100T
596423,244855,5248,100T,defense,120,EG,attack,eco,100T,100T,100T,EG
596424,244857,188,LEV,attack,2359,C9,defense,eco,LEV,C9,C9,C9
596424,244858,2359,C9,defense,188,LEV,attack,eco,C9,C9,C9,LEV
596417,244834,11058,G2,attack,1034,NRG,defense,eco,NRG,G2,G2,G2
596417,244835,11058,G2,attack,1034,NRG,defense,eco,G2,G2,G2,NRG
596425,244860,120,C9,attack,188,100T,defense,eco,C9,100T,100T,100T
596425,244861,120,C9,attack,188,100T,defense,eco,C9,100T,C9,C9
596425,244862,120,C9,attack,188,100T,defense,eco,C9,100T,100T,100T
596408,244805,2406,FUR,attack,7386,MIBR,defense,eco,FUR,FUR,MIBR,MIBR
596408,244806,2406,FUR,attack,7386,MIBR,defense,eco,FUR,FUR,FUR,FUR
596408,244807,2406,FUR,attack,7386,MIBR,defense,eco,FUR,MIBR,FUR,MIBR
596408,244808,7386,MIBR,defense,2406,FUR,attack,eco,MIBR,MIBR,MIBR,MIBR
596408,244809,2406,FUR,attack,7386,MIBR,defense,eco,FUR,MIBR,MIBR,MIBR
596426,244863,1034,NRG,defense,120,100T,attack,eco,NRG,NRG,NRG,NRG
596426,244864,1034,NRG,defense,120,100T,attack,eco,NRG,100T,100T,100T
596418,244837,7386,MIBR,defense,11058,G2,attack,eco,MIBR,G2,G2,G2
596418,244838,11058,G2,attack,7386,MIBR,defense,eco,G2,G2,G2,MIBR
596418,244839,7386,MIBR,defense,11058,G2,attack,eco,G2,G2,G2,G2
596427,244866,1034,NRG,attack,7386,MIBR,defense,eco,NRG,MIBR,MIBR,MIBR
596427,244867,1034,NRG,attack,7386,MIBR,defense,eco,NRG,NRG,MIBR,MIBR
596427,244868,1034,NRG,attack,7386,MIBR,defense,force,MIBR,MIBR,MIBR,MIBR
596427,244869,1034,NRG,attack,7386,MIBR,defense,eco,NRG,NRG,NRG,NRG
596427,244870,1034,NRG,attack,7386,MIBR,defense,eco,NRG,NRG,NRG,NRG
594740,244304,4915,NAVI,defense,8877,KC,attack,eco,NAVI,KC,NAVI,NAVI
594740,244305,4915,NAVI,defense,8877,KC,attack,eco,NAVI,NAVI,KC,NAVI
594741,244307,12694,M8,attack,1184,FUT,defense,eco,M8,M8,M8,FUT
594741,244308,12694,M8,attack,1184,FUT,defense,eco,M8,FUT,M8,M8
594742,244310,3478,BBL,attack,397,PCF,defense,eco,BBL,BBL,BBL,PCF
594742,244311,3478,BBL,attack,397,PCF,defense,eco,BBL,BBL,BBL,PCF
594742,244312,397,PCF,defense,3478,BBL,attack,eco,PCF,BBL,BBL,BBL
594743,244313,18019,VIT,attack,2059,ULF,defense,eco,VIT,VIT,VIT,VIT
594743,244314,18019,VIT,attack,2059,ULF,defense,eco,VIT,VIT,VIT,VIT
594744,244316,1001,NAVI,attack,4915,TH,defense,eco,NAVI,TH,NAVI,TH
594744,244317,4915,TH,defense,1001,NAVI,attack,eco,TH,NAVI,TH,TH
594744,244318,1001,NAVI,attack,4915,TH,defense,eco,NAVI,TH,NAVI,NAVI
594745,244319,12694,GX,defense,14419,M8,attack,eco,GX,GX,GX,M8
594745,244320,12694,GX,defense,14419,M8,attack,eco,GX,GX,GX,M8
594746,244322,397,FNC,defense,2593,BBL,attack,eco,FNC,FNC,FNC,FNC
594746,244323,2593,BBL,attack,397,FNC,defense,eco,BBL,FNC,FNC,FNC
594747,244325,2059,TL,defense,474,VIT,attack,eco,TL,VIT,VIT,VIT
594747,244326,2059,TL,defense,474,VIT,attack,eco,TL,TL,TL,VIT
594747,244327,2059,TL,defense,474,VIT,attack,eco,VIT,VIT,VIT,TL
594751,244339,8877,KC,defense,474,TL,attack,eco,KC,KC,TL,KC
594751,244340,474,TL,attack,8877,KC,defense,eco,TL,TL,TL,KC
594751,244341,8877,KC,defense,474,TL,attack,eco,TL,KC,KC,KC
594752,244342,2593,FNC,attack,1184,FUT,defense,eco,FNC,FNC,FNC,FNC
594752,244343,2593,FNC,attack,1184,FUT,defense,eco,FNC,FUT,FNC,FNC
594752,244344,2593,FNC,attack,1184,FUT,defense,eco,FUT,FUT,FUT,FUT
594753,244345,14419,GX,attack,3478,PCF,defense,eco,GX,GX,GX,PCF
594753,244346,14419,GX,attack,3478,PCF,defense,eco,GX,PCF,PCF,PCF
594753,244347,14419,GX,attack,3478,PCF,defense,eco,GX,GX,GX,PCF
594754,244348,1001,TH,attack,18019,ULF,defense,eco,TH,TH,TH,TH
594754,244349,18019,ULF,defense,1001,TH,attack,eco,ULF,TH,ULF,ULF
594748,244328,4915,M8,attack,12694,NAVI,defense,eco,M8,M8,M8,NAVI
594748,244329,4915,M8,attack,12694,NAVI,defense,eco,M8,M8,M8,NAVI
594749,244331,397,BBL,defense,2059,VIT,attack,eco,BBL,BBL,BBL,VIT
594749,244332,397,BBL,defense,2059,VIT,attack,eco,BBL,BBL,VIT,BBL
594755,244351,474,FNC,attack,2593,TL,defense,eco,FNC,TL,FNC,TL
594755,244352,474,FNC,attack,2593,TL,defense,eco,FNC,FNC,TL,FNC
594756,244354,14419,GX,defense,1001,TH,attack,force,GX,GX,TH,GX
594756,244355,1001,TH,attack,14419,GX,defense,eco,GX,GX,GX,GX
594761,244371,8877,KC,defense,1184,FUT,attack,eco,KC,KC,FUT,KC
594761,244372,1184,FUT,attack,8877,KC,defense,eco,FUT,KC,FUT,FUT
594761,244373,8877,KC,defense,1184,FUT,attack,eco,KC,FUT,KC,KC
594762,244374,3478,ULF,attack,18019,PCF,defense,eco,ULF,ULF,ULF,PCF
594762,244375,3478,ULF,attack,18019,PCF,defense,eco,ULF,PCF,ULF,ULF
594757,244357,2593,FNC,attack,4915,NAVI,defense,eco,FNC,NAVI,FNC,FNC
594757,244358,4915,NAVI,defense,2593,FNC,attack,eco,NAVI,NAVI,FNC,FNC
594757,244359,2593,FNC,attack,4915,NAVI,defense,eco,FNC,FNC,FNC,FNC
594758,244360,14419,VIT,defense,2059,GX,attack,eco,VIT,VIT,VIT,VIT
594758,244361,2059,GX,attack,14419,VIT,defense,eco,GX,GX,GX,VIT
594763,252723,1001,KC,attack,8877,TH,defense,eco,KC,TH,KC,KC
594763,244378,1001,KC,attack,8877,TH,defense,eco,KC,TH,TH,TH
594763,244379,8877,TH,defense,1001,KC,attack,eco,TH,TH,TH,KC
594764,244380,474,ULF,attack,18019,TL,defense,eco,ULF,ULF,TL,TL
594764,252724,18019,TL,defense,474,ULF,attack,eco,TL,TL,TL,TL
594764,244382,18019,TL,defense,474,ULF,attack,eco,TL,ULF,ULF,TL
594765,244383,1001,NAVI,defense,4915,TH,attack,eco,NAVI,NAVI,TH,TH
594765,244384,4915,TH,attack,1001,NAVI,defense,eco,TH,NAVI,TH,TH
594766,244386,474,GX,defense,14419,TL,attack,eco,TL,TL,TL,TL
594766,244387,474,GX,defense,14419,TL,attack,eco,GX,GX,GX,GX
594766,244388,474,GX,defense,14419,TL,attack,eco,GX,TL,TL,GX
594767,244389,474,TH,defense,1001,TL,attack,eco,TH,TH,TL,TH
594767,244390,1001,TL,attack,474,TH,defense,eco,TL,TL,TL,TL
594759,244363,2059,FNC,defense,2593,VIT,attack,eco,FNC,FNC,FNC,VIT
594759,244364,2059,FNC,defense,2593,VIT,attack,eco,FNC,VIT,FNC,VIT
594750,244334,12694,BBL,attack,397,M8,defense,eco,BBL,BBL,BBL,M8
594750,244335,397,M8,defense,12694,BBL,attack,eco,M8,BBL,M8,M8
594750,244336,12694,BBL,attack,397,M8,defense,eco,BBL,BBL,BBL,M8
594750,244337,397,M8,defense,12694,BBL,attack,eco,M8,M8,M8,M8
594750,244338,397,M8,defense,12694,BBL,attack,eco,M8,BBL,BBL,BBL
594768,244392,2059,VIT,defense,474,TL,attack,eco,VIT,VIT,VIT,VIT
594768,244393,474,TL,attack,2059,VIT,defense,eco,TL,VIT,TL,TL
594768,244394,474,TL,attack,2059,VIT,defense,eco,TL,VIT,TL,TL
594760,244366,12694,M8,defense,2593,FNC,attack,eco,M8,FNC,M8,M8
594760,244367,12694,M8,defense,2593,FNC,attack,force,M8,M8,FNC,M8
594760,244368,12694,M8,defense,2593,FNC,attack,eco,FNC,M8,FNC,FNC
594760,244369,12694,M8,defense,2593,FNC,attack,eco,M8,FNC,M8,M8
594760,244370,2593,FNC,attack,12694,M8,defense,eco,FNC,M8,M8,M8
594769,244395,2593,FNC,defense,474,TL,attack,eco,FNC,TL,TL,TL
594769,244396,2593,FNC,defense,474,TL,attack,eco,FNC,FNC,TL,TL
594769,244397,2593,FNC,defense,474,TL,attack,eco,FNC,TL,FNC,TL
595630,244560,6199,NS,defense,11060,TS,attack,eco,NS,TS,NS,NS
595630,244561,11060,TS,attack,6199,NS,defense,eco,TS,TS,NS,TS
595631,244563,4050,ZETA,defense,5448,FS,attack,eco,ZETA,FS,FS,FS
595631,244564,5448,FS,attack,4050,ZETA,defense,eco,FS,ZETA,FS,FS
595632,248947,11229,VL,defense,918,GE,attack,eco,GE,GE,GE,GE
595632,244567,918,GE,attack,11229,VL,defense,eco,GE,GE,GE,GE
595633,244569,17,DFM,defense,278,GEN,attack,eco,DFM,GEN,DFM,DFM
595633,244570,17,DFM,defense,278,GEN,attack,eco,DFM,DFM,GEN,DFM
595634,249401,11060,NS,attack,14,T1,defense,eco,NS,T1,NS,NS
595634,244573,11060,NS,attack,14,T1,defense,eco,NS,T1,T1,T1
595634,244574,11060,NS,attack,14,T1,defense,eco,NS,NS,NS,T1
595635,244575,4050,KRX,defense,8185,FS,attack,eco,KRX,KRX,KRX,KRX
595635,244576,8185,FS,attack,4050,KRX,defense,eco,FS,FS,FS,KRX
595635,244577,8185,FS,attack,4050,KRX,defense,eco,FS,FS,FS,KRX
595636,244578,624,GE,attack,918,PRX,defense,eco,GE,GE,PRX,PRX
595636,244579,918,PRX,defense,624,GE,attack,eco,PRX,GE,GE,PRX
595636,244580,624,GE,attack,918,PRX,defense,eco,GE,PRX,GE,GE
595637,244581,278,RRQ,defense,878,DFM,attack,eco,RRQ,DFM,DFM,DFM
595637,244582,278,RRQ,defense,878,DFM,attack,eco,RRQ,RRQ,RRQ,RRQ
595641,244595,278,DFM,attack,6199,TS,defense,eco,DFM,DFM,DFM,DFM
595641,251314,6199,TS,defense,278,DFM,attack,eco,TS,TS,DFM,DFM
595642,244598,5448,ZETA,defense,918,GE,attack,eco,ZETA,GE,GE,GE
595642,244599,918,GE,attack,5448,ZETA,defense,eco,GE,ZETA,GE,ZETA
595643,244601,8185,KRX,attack,11229,VL,defense,eco,VL,KRX,KRX,VL
595643,244602,8185,KRX,attack,11229,VL,defense,eco,KRX,KRX,KRX,KRX
595643,244603,11229,VL,defense,8185,KRX,attack,eco,VL,KRX,KRX,KRX
595644,244604,17,GEN,defense,14,T1,attack,eco,GEN,T1,T1,T1
595644,244605,14,T1,attack,17,GEN,defense,eco,T1,T1,T1,GEN
595644,244606,14,T1,attack,17,GEN,defense,eco,T1,T1,T1,GEN
595638,244584,4050,NS,defense,11060,FS,attack,eco,NS,FS,NS,NS
595638,244585,4050,NS,defense,11060,FS,attack,eco,NS,NS,NS,NS
595639,244587,878,RRQ,attack,624,PRX,defense,eco,RRQ,RRQ,RRQ,RRQ
595639,244588,878,RRQ,attack,624,PRX,defense,eco,RRQ,RRQ,RRQ,RRQ
595645,244607,278,GE,attack,918,DFM,defense,eco,GE,GE,GE,GE
595645,244608,278,GE,attack,918,DFM,defense,eco,GE,DFM,GE,DFM
595645,244609,918,DFM,defense,278,GE,attack,eco,DFM,GE,DFM,DFM
595646,244610,14,T1,attack,8185,KRX,defense,eco,T1,KRX,T1,T1
595646,244611,8185,KRX,defense,14,T1,attack,eco,KRX,T1,T1,T1
595651,244627,5448,TS,defense,6199,ZETA,attack,eco,TS,TS,TS,ZETA
595651,244628,6199,ZETA,attack,5448,TS,defense,eco,ZETA,ZETA,ZETA,ZETA
595651,244629,6199,ZETA,attack,5448,TS,defense,eco,ZETA,TS,ZETA,TS
595652,244630,11229,GEN,attack,17,VL,defense,eco,VL,GEN,VL,GEN
595652,244631,11229,GEN,attack,17,VL,defense,eco,GEN,GEN,GEN,VL
595652,244632,11229,GEN,attack,17,VL,defense,eco,GEN,GEN,GEN,GEN
595647,244613,278,FS,defense,4050,DFM,attack,eco,FS,FS,FS,DFM
595647,244614,278,FS,defense,4050,DFM,attack,eco,FS,DFM,DFM,DFM
595647,244615,4050,DFM,attack,278,FS,defense,eco,DFM,DFM,FS,DFM
595648,244616,14,T1,attack,624,PRX,defense,eco,T1,PRX,PRX,PRX
595648,244617,14,T1,attack,624,PRX,defense,eco,T1,T1,T1,PRX
595648,244618,624,PRX,defense,14,T1,attack,eco,PRX,T1,T1,T1
595653,244633,5448,KRX,defense,8185,ZETA,attack,eco,KRX,ZETA,KRX,KRX
595653,244634,8185,ZETA,attack,5448,KRX,defense,eco,ZETA,ZETA,ZETA,KRX
595653,244635,8185,ZETA,attack,5448,KRX,defense,eco,ZETA,ZETA,ZETA,KRX
595654,244636,17,GE,defense,918,GEN,attack,eco,GEN,GEN,GEN,GE
595654,244637,918,GEN,attack,17,GE,defense,eco,GEN,GEN,GEN,GE
595654,244638,17,GE,defense,918,GEN,attack,eco,GE,GE,GE,GEN
595655,244639,8185,KRX,attack,4050,FS,defense,eco,KRX,FS,FS,KRX
595655,244640,4050,FS,defense,8185,KRX,attack,eco,FS,FS,KRX,FS
595656,244642,918,PRX,defense,624,GE,attack,eco,PRX,GE,GE,GE
595656,244643,624,GE,attack,918,PRX,defense,eco,GE,PRX,GE,PRX
595656,244644,918,PRX,defense,624,GE,attack,eco,PRX,PRX,GE,GE
595657,244645,8185,PRX,attack,624,KRX,defense,eco,PRX,PRX,PRX,KRX
595657,244646,624,KRX,defense,8185,PRX,attack,eco,KRX,KRX,KRX,PRX
595657,244647,624,KRX,defense,8185,PRX,attack,eco,KRX,KRX,KRX,PRX
595649,244619,278,DFM,defense,14,T1,attack,eco,DFM,T1,T1,DFM
595649,244620,14,T1,attack,278,DFM,defense,eco,T1,T1,DFM,T1
595640,244590,878,NS,defense,11060,RRQ,attack,eco,RRQ,RRQ,NS,NS
595640,244591,878,NS,defense,11060,RRQ,attack,eco,NS,RRQ,NS,NS
595640,244592,878,NS,defense,11060,RRQ,attack,eco,NS,NS,NS,RRQ
595640,244593,878,NS,defense,11060,RRQ,attack,eco,NS,NS,NS,NS
595640,244594,11060,RRQ,attack,878,NS,defense,eco,NS,NS,NS,NS
595658,244648,624,DFM,defense,278,PRX,attack,eco,DFM,PRX,PRX,PRX
595658,244649,278,PRX,attack,624,DFM,defense,eco,PRX,PRX,PRX,DFM
595650,244622,14,T1,attack,878,RRQ,defense,eco,T1,T1,RRQ,T1
595650,244623,14,T1,attack,878,RRQ,defense,eco,T1,RRQ,T1,T1
595650,244624,14,T1,attack,878,RRQ,defense,eco,T1,T1,T1,RRQ
595659,244651,624,RRQ,defense,878,PRX,attack,eco,RRQ,PRX,RRQ,RRQ
595659,244652,624,RRQ,defense,878,PRX,attack,eco,RRQ,PRX,RRQ,RRQ
595659,244653,878,PRX,attack,624,RRQ,defense,eco,PRX,PRX,PRX,RRQ
595659,244654,878,PRX,attack,624,RRQ,defense,eco,RRQ,RRQ,RRQ,RRQ
542195,233397,624,XLG,attack,13581,PRX,defense,eco,XLG,PRX,XLG,PRX
542195,233398,13581,PRX,defense,624,XLG,attack,eco,PRX,XLG,PRX,XLG
542196,233400,2,GX,defense,14419,SEN,attack,eco,GX,SEN,GX,SEN
542196,233401,2,GX,defense,14419,SEN,attack,eco,SEN,GX,GX,GX
542196,233402,14419,SEN,attack,2,GX,defense,eco,SEN,SEN,SEN,SEN
542207,233430,1120,EDG,attack,1034,NRG,defense,eco,EDG,EDG,NRG,EDG
542207,233431,1120,EDG,attack,1034,NRG,defense,eco,EDG,NRG,NRG,NRG
542205,233427,474,KRX,attack,8185,TL,defense,eco,KRX,KRX,KRX,TL
542205,233428,474,KRX,attack,8185,TL,defense,eco,TL,TL,KRX,KRX
542212,233445,11981,DRG,defense,14,T1,attack,eco,DRG,T1,T1,T1
542212,233446,14,T1,attack,11981,DRG,defense,eco,T1,T1,DRG,T1
542211,233442,11058,TH,attack,1001,G2,defense,eco,G2,G2,TH,TH
542211,233443,1001,G2,defense,11058,TH,attack,eco,G2,G2,G2,G2
542200,233412,7386,MIBR,attack,12010,BLG,defense,eco,MIBR,BLG,BLG,MIBR
542200,233413,7386,MIBR,attack,12010,BLG,defense,eco,BLG,MIBR,MIBR,BLG
542201,233415,878,FNC,attack,2593,RRQ,defense,eco,FNC,RRQ,FNC,RRQ
542201,233416,2593,RRQ,defense,878,FNC,attack,eco,RRQ,FNC,FNC,FNC
542197,233403,14419,PRX,defense,624,GX,attack,eco,PRX,PRX,GX,GX
542197,233404,14419,PRX,defense,624,GX,attack,eco,PRX,GX,PRX,GX
542197,233405,14419,PRX,defense,624,GX,attack,eco,PRX,GX,PRX,PRX
542208,233433,8185,KRX,defense,1034,NRG,attack,eco,KRX,KRX,KRX,NRG
542208,233434,8185,KRX,defense,1034,NRG,attack,eco,KRX,KRX,KRX,KRX
542208,233435,8185,KRX,defense,1034,NRG,attack,eco,KRX,KRX,KRX,KRX
542213,233448,14,T1,attack,1001,TH,defense,eco,TH,TH,TH,TH
542213,233449,14,T1,attack,1001,TH,defense,eco,T1,T1,TH,TH
542202,233418,2593,FNC,attack,7386,MIBR,defense,eco,FNC,MIBR,MIBR,MIBR
542202,233419,7386,MIBR,defense,2593,FNC,attack,eco,MIBR,MIBR,MIBR,FNC
542202,233420,2593,FNC,attack,7386,MIBR,defense,eco,FNC,MIBR,FNC,FNC
542209,233436,1120,EDG,attack,474,TL,defense,eco,EDG,EDG,EDG,EDG
542209,233437,474,TL,defense,1120,EDG,attack,eco,TL,EDG,TL,TL
542209,233438,1120,EDG,attack,474,TL,defense,eco,TL,TL,TL,EDG
542198,233406,2,SEN,attack,13581,XLG,defense,eco,SEN,XLG,SEN,XLG
542198,233407,2,SEN,attack,13581,XLG,defense,eco,SEN,XLG,XLG,XLG
542198,233408,13581,XLG,defense,2,SEN,attack,eco,XLG,SEN,SEN,SEN
542203,233421,878,BLG,defense,12010,RRQ,attack,eco,BLG,RRQ,BLG,RRQ
542203,233422,12010,RRQ,attack,878,BLG,defense,eco,RRQ,BLG,BLG,BLG
542203,233423,878,BLG,defense,12010,RRQ,attack,eco,BLG,RRQ,RRQ,RRQ
542214,233451,11058,DRG,attack,11981,G2,defense,eco,G2,G2,DRG,DRG
542214,233452,11981,G2,defense,11058,DRG,attack,eco,G2,DRG,G2,G2
542210,233439,8185,TL,attack,474,KRX,defense,eco,TL,KRX,TL,KRX
542210,233440,474,KRX,defense,8185,TL,attack,eco,KRX,TL,TL,TL
542199,233409,14419,XLG,attack,13581,GX,defense,eco,XLG,XLG,XLG,GX
542199,233410,13581,GX,defense,14419,XLG,attack,eco,GX,XLG,XLG,GX
542215,233454,11058,G2,attack,14,T1,defense,eco,G2,G2,G2,T1
542215,233455,11058,G2,attack,14,T1,defense,eco,G2,T1,G2,G2
542204,233424,7386,MIBR,defense,878,RRQ,attack,eco,MIBR,MIBR,MIBR,RRQ
542204,233425,7386,MIBR,defense,878,RRQ,attack,eco,MIBR,MIBR,RRQ,MIBR
542265,233460,11058,G2,attack,624,PRX,defense,eco,PRX,PRX,G2,G2
542265,233461,624,PRX,defense,11058,G2,attack,eco,PRX,PRX,G2,G2
542265,233462,624,PRX,defense,11058,G2,attack,eco,PRX,G2,G2,G2
542264,233457,8185,FNC,defense,2593,KRX,attack,eco,KRX,KRX,KRX,KRX
542264,233458,8185,FNC,defense,2593,KRX,attack,eco,FNC,KRX,FNC,FNC
542264,233459,2593,KRX,attack,8185,FNC,defense,eco,KRX,FNC,FNC,FNC
542266,233463,7386,MIBR,attack,1001,TH,defense,eco,MIBR,TH,MIBR,MIBR
542266,233464,7386,MIBR,attack,1001,TH,defense,eco,MIBR,MIBR,TH,MIBR
542267,233466,1034,NRG,defense,14419,GX,attack,eco,NRG,GX,NRG,NRG
542267,233467,14419,GX,attack,1034,NRG,defense,eco,GX,NRG,NRG,NRG
542273,233483,11058,KRX,defense,8185,G2,attack,force,G2,G2,KRX,G2
542273,233484,11058,KRX,defense,8185,G2,attack,eco,KRX,G2,KRX,KRX
542273,233485,11058,KRX,defense,8185,G2,attack,eco,KRX,G2,KRX,KRX
542274,233486,1001,GX,attack,14419,TH,defense,eco,TH,TH,TH,TH
542274,233487,1001,GX,attack,14419,TH,defense,eco,TH,TH,GX,TH
542274,233488,1001,GX,attack,14419,TH,defense,eco,GX,TH,GX,TH
542268,233469,2593,PRX,attack,624,FNC,defense,eco,PRX,PRX,PRX,FNC
542268,233470,2593,PRX,attack,624,FNC,defense,eco,FNC,FNC,PRX,PRX
542268,233471,624,FNC,defense,2593,PRX,attack,eco,PRX,PRX,PRX,PRX
542269,233472,1034,NRG,attack,7386,MIBR,defense,eco,NRG,NRG,NRG,MIBR
542269,233473,7386,MIBR,defense,1034,NRG,attack,eco,MIBR,NRG,MIBR,MIBR
542269,233474,7386,MIBR,defense,1034,NRG,attack,eco,MIBR,NRG,MIBR,MIBR
542277,233492,624,TH,attack,1001,PRX,defense,eco,TH,TH,TH,TH
542277,233493,1001,PRX,defense,624,TH,attack,eco,PRX,PRX,TH,PRX
542277,233494,624,TH,attack,1001,PRX,defense,eco,TH,PRX,TH,TH
542276,233489,8185,KRX,attack,7386,MIBR,defense,eco,KRX,KRX,KRX,KRX
542276,233490,7386,MIBR,defense,8185,KRX,attack,eco,MIBR,KRX,MIBR,KRX
542276,233491,8185,KRX,attack,7386,MIBR,defense,force,KRX,MIBR,MIBR,KRX
542270,233475,1034,NRG,attack,2593,FNC,defense,eco,NRG,FNC,NRG,NRG
542270,233476,1034,NRG,attack,2593,FNC,defense,eco,NRG,FNC,NRG,NRG
542278,233495,624,PRX,attack,8185,KRX,defense,eco,PRX,PRX,PRX,KRX
542278,233496,8185,KRX,defense,624,PRX,attack,eco,KRX,PRX,PRX,PRX
542279,233498,8185,KRX,attack,2593,FNC,defense,eco,KRX,FNC,KRX,KRX
542279,233499,2593,FNC,defense,8185,KRX,attack,eco,FNC,FNC,FNC,FNC
542279,233500,8185,KRX,attack,2593,FNC,defense,eco,KRX,KRX,KRX,KRX
542279,233501,2593,FNC,defense,8185,KRX,attack,eco,FNC,FNC,FNC,KRX
542272,233478,2593,FNC,attack,1034,NRG,defense,eco,FNC,NRG,NRG,NRG
542272,233479,1034,NRG,defense,2593,FNC,attack,eco,NRG,NRG,FNC,NRG
542272,233480,1034,NRG,defense,2593,FNC,attack,eco,NRG,NRG,FNC,NRG
542272,233481,1034,NRG,defense,2593,FNC,attack,eco,NRG,NRG,FNC,FNC
542272,233482,2593,FNC,attack,1034,NRG,defense,eco,FNC,NRG,NRG,NRG
509801,224713,188,FUR,attack,2406,C9,defense,force,C9,C9,C9,C9
509801,224714,2406,C9,defense,188,FUR,attack,force,FUR,C9,C9,C9
509802,224716,2359,LEV,defense,6961,LOUD,attack,eco,LOUD,LOUD,LEV,LOUD
509802,224717,6961,LOUD,attack,2359,LEV,defense,eco,LOUD,LEV,LOUD,LEV
509802,224718,2359,LEV,defense,6961,LOUD,attack,eco,LOUD,LOUD,LOUD,LOUD
509803,224719,15072,EG,defense,5248,2G,attack,eco,EG,2G,EG,2G
509803,224720,15072,EG,defense,5248,2G,attack,force,EG,EG,2G,EG
509803,224721,5248,2G,attack,15072,EG,defense,eco,2G,2G,EG,2G
509804,224722,7386,MIBR,defense,2355,KRÜ,attack,eco,MIBR,KRÜ,KRÜ,KRÜ
509804,224723,2355,KRÜ,attack,7386,MIBR,defense,eco,KRÜ,KRÜ,KRÜ,MIBR
509804,224724,2355,KRÜ,attack,7386,MIBR,defense,eco,KRÜ,KRÜ,KRÜ,MIBR
509805,224725,120,100T,defense,1034,NRG,attack,eco,100T,NRG,NRG,100T
509805,224726,120,100T,defense,1034,NRG,attack,force,100T,100T,100T,100T
509806,224728,2,SEN,defense,11058,G2,attack,eco,SEN,G2,SEN,SEN
509806,224729,11058,G2,attack,2,SEN,defense,eco,G2,G2,G2,SEN
509806,224730,11058,G2,attack,2,SEN,defense,eco,G2,G2,SEN,G2
509807,224731,15072,2G,defense,11058,G2,attack,force,G2,G2,2G,2G
509807,224732,11058,G2,attack,15072,2G,defense,eco,G2,2G,G2,G2
509808,224734,2,FUR,defense,2406,SEN,attack,eco,FUR,SEN,SEN,SEN
509808,224735,2406,SEN,attack,2,FUR,defense,eco,SEN,SEN,SEN,SEN
509809,224737,120,KRÜ,attack,2355,100T,defense,eco,KRÜ,100T,100T,100T
509809,224738,120,KRÜ,attack,2355,100T,defense,eco,KRÜ,100T,100T,100T
509810,224740,6961,LOUD,attack,1034,NRG,defense,eco,LOUD,NRG,LOUD,NRG
509810,224741,6961,LOUD,attack,1034,NRG,defense,eco,LOUD,NRG,NRG,NRG
509811,224743,188,EG,attack,5248,C9,defense,eco,EG,C9,C9,EG
509811,224744,188,EG,attack,5248,C9,defense,eco,EG,EG,EG,C9
509812,224746,2359,LEV,attack,7386,MIBR,defense,eco,LEV,MIBR,LEV,LEV
509812,224747,2359,LEV,attack,7386,MIBR,defense,eco,LEV,MIBR,LEV,LEV
509813,224749,2406,2G,defense,15072,FUR,attack,eco,FUR,FUR,2G,2G
509813,224750,15072,FUR,attack,2406,2G,defense,eco,FUR,2G,2G,2G
509813,224751,2406,2G,defense,15072,FUR,attack,eco,2G,FUR,FUR,2G
509814,224752,2359,LEV,defense,1034,NRG,attack,eco,LEV,NRG,NRG,NRG
509814,224753,2359,LEV,defense,1034,NRG,attack,eco,LEV,NRG,LEV,NRG
509814,224754,1034,NRG,attack,2359,LEV,defense,eco,NRG,NRG,NRG,LEV
509815,224755,2,SEN,defense,188,C9,attack,force,C9,SEN,SEN,SEN
509815,224756,2,SEN,defense,188,C9,attack,eco,SEN,C9,SEN,C9
509816,224758,7386,MIBR,defense,120,100T,attack,eco,MIBR,MIBR,100T,MIBR
509816,224759,120,100T,attack,7386,MIBR,defense,eco,100T,MIBR,100T,100T
509817,224761,11058,G2,defense,5248,EG,attack,eco,G2,EG,G2,EG
509817,224762,5248,EG,attack,11058,G2,defense,eco,G2,G2,G2,G2
509817,224763,11058,G2,defense,5248,EG,attack,eco,G2,EG,EG,EG
509818,224764,2355,KRÜ,attack,6961,LOUD,defense,eco,KRÜ,LOUD,KRÜ,KRÜ
509818,224765,6961,LOUD,defense,2355,KRÜ,attack,eco,LOUD,KRÜ,LOUD,KRÜ
509818,224766,2355,KRÜ,attack,6961,LOUD,defense,eco,KRÜ,KRÜ,KRÜ,KRÜ
509819,224767,188,C9,defense,15072,2G,attack,eco,C9,C9,C9,C9
509819,224768,188,C9,defense,15072,2G,attack,eco,C9,2G,C9,C9
509820,224770,7386,MIBR,defense,1034,NRG,attack,eco,MIBR,MIBR,MIBR,MIBR
509820,224771,1034,NRG,attack,7386,MIBR,defense,eco,NRG,NRG,NRG,MIBR
509821,224773,2,SEN,defense,5248,EG,attack,eco,SEN,EG,EG,SEN
509821,224774,2,SEN,defense,5248,EG,attack,eco,SEN,EG,SEN,SEN
509822,224776,2359,LEV,defense,2355,KRÜ,attack,eco,LEV,KRÜ,KRÜ,KRÜ
509822,224777,2359,LEV,defense,2355,KRÜ,attack,eco,LEV,KRÜ,LEV,LEV
509822,224778,2359,LEV,defense,2355,KRÜ,attack,eco,LEV,KRÜ,LEV,LEV
509823,224779,11058,G2,attack,2406,FUR,defense,eco,G2,FUR,G2,G2
509823,224780,11058,G2,attack,2406,FUR,defense,eco,G2,G2,FUR,G2
509824,224782,6961,LOUD,defense,120,100T,attack,eco,LOUD,LOUD,LOUD,100T
509824,224783,120,100T,attack,6961,LOUD,defense,eco,100T,100T,100T,LOUD
509824,224784,120,100T,attack,6961,LOUD,defense,eco,LOUD,LOUD,LOUD,LOUD
509825,224785,1034,NRG,attack,2355,KRÜ,defense,eco,NRG,NRG,NRG,KRÜ
509825,224786,1034,NRG,attack,2355,KRÜ,defense,eco,NRG,KRÜ,KRÜ,KRÜ
509825,224787,1034,NRG,attack,2355,KRÜ,defense,eco,NRG,NRG,NRG,KRÜ
509826,224788,2359,LEV,attack,120,100T,defense,eco,LEV,LEV,LEV,100T
509826,224789,2359,LEV,attack,120,100T,defense,eco,LEV,100T,100T,100T
509826,224790,2359,LEV,attack,120,100T,defense,eco,LEV,100T,LEV,LEV
509827,224791,2406,EG,attack,5248,FUR,defense,eco,EG,FUR,FUR,FUR
509827,224792,5248,FUR,defense,2406,EG,attack,eco,FUR,EG,FUR,FUR
509829,224794,15072,2G,defense,2,SEN,attack,eco,2G,SEN,SEN,SEN
509829,224795,2,SEN,attack,15072,2G,defense,eco,SEN,SEN,SEN,SEN
509829,224796,2,SEN,attack,15072,2G,defense,eco,SEN,2G,SEN,SEN
509830,224797,11058,G2,defense,188,C9,attack,eco,G2,G2,C9,G2
509830,224798,11058,G2,defense,188,C9,attack,eco,G2,C9,G2,G2
509831,224800,6961,LOUD,attack,7386,MIBR,defense,eco,LOUD,MIBR,LOUD,LOUD
509831,224801,6961,LOUD,attack,7386,MIBR,defense,eco,MIBR,LOUD,MIBR,MIBR
530902,231348,188,LEV,defense,2359,C9,attack,eco,LEV,C9,LEV,LEV
530902,231349,2359,C9,attack,188,LEV,defense,eco,C9,LEV,C9,C9
530902,231350,2359,C9,attack,188,LEV,defense,eco,C9,LEV,LEV,C9
530903,231351,120,G2,defense,11058,100T,attack,eco,100T,100T,G2,G2
530903,231352,11058,100T,attack,120,G2,defense,eco,G2,G2,G2,G2
530906,231360,2,SEN,defense,188,C9,attack,eco,SEN,SEN,SEN,SEN
530906,231361,188,C9,attack,2,SEN,defense,eco,C9,SEN,C9,SEN
530906,231362,188,C9,attack,2,SEN,defense,force,C9,SEN,SEN,SEN
530907,231363,11058,G2,attack,1034,NRG,defense,eco,G2,NRG,NRG,NRG
530907,231364,1034,NRG,defense,11058,G2,attack,eco,G2,G2,NRG,NRG
530907,231365,1034,NRG,defense,11058,G2,attack,eco,NRG,G2,G2,G2
530904,231354,2359,LEV,defense,2355,KRÜ,attack,eco,LEV,KRÜ,KRÜ,KRÜ
530904,231355,2355,KRÜ,attack,2359,LEV,defense,eco,KRÜ,LEV,KRÜ,KRÜ
530904,231356,2359,LEV,defense,2355,KRÜ,attack,eco,LEV,KRÜ,KRÜ,LEV
530905,231357,120,100T,defense,5248,EG,attack,eco,100T,100T,EG,EG
530905,231358,120,100T,defense,5248,EG,attack,eco,EG,EG,100T,EG
530908,231366,2359,LEV,attack,1034,NRG,defense,eco,LEV,NRG,NRG,NRG
530908,231367,1034,NRG,defense,2359,LEV,attack,eco,NRG,NRG,NRG,LEV
530909,231369,120,C9,defense,188,100T,attack,eco,C9,C9,100T,C9
530909,231370,120,C9,defense,188,100T,attack,eco,100T,100T,C9,100T
530910,231372,11058,SEN,defense,2,G2,attack,eco,SEN,G2,SEN,G2
530910,231373,2,G2,attack,11058,SEN,defense,eco,G2,G2,G2,G2
530911,233203,188,C9,attack,1034,NRG,defense,eco,C9,C9,C9,C9
530911,231376,1034,NRG,defense,188,C9,attack,force,C9,C9,NRG,NRG
530911,231377,188,C9,attack,1034,NRG,defense,eco,NRG,NRG,C9,NRG
530912,231378,1034,NRG,attack,2,SEN,defense,eco,NRG,NRG,NRG,NRG
530912,231379,1034,NRG,attack,2,SEN,defense,force,NRG,NRG,SEN,SEN
530912,231380,2,SEN,defense,1034,NRG,attack,eco,SEN,NRG,SEN,SEN
530912,231381,1034,NRG,attack,2,SEN,defense,eco,NRG,NRG,SEN,NRG
530913,231383,1034,NRG,attack,11058,G2,defense,eco,NRG,G2,NRG,NRG
530913,231384,11058,G2,defense,1034,NRG,attack,eco,G2,NRG,NRG,NRG
530913,231385,1034,NRG,attack,11058,G2,defense,eco,NRG,G2,G2,G2
511543,226424,11479,APK,attack,4915,NAVI,defense,eco,APK,NAVI,NAVI,NAVI
511543,226425,11479,APK,attack,4915,NAVI,defense,eco,APK,APK,APK,APK
511543,226426,4915,NAVI,defense,11479,APK,attack,eco,NAVI,APK,NAVI,NAVI
511544,226427,2059,VIT,defense,14419,GX,attack,eco,VIT,GX,GX,GX
511544,226428,2059,VIT,defense,14419,GX,attack,eco,VIT,GX,GX,VIT
511545,226430,12694,M8,attack,1184,FUT,defense,eco,M8,FUT,M8,M8
511545,226431,1184,FUT,defense,12694,M8,attack,force,FUT,FUT,M8,M8
511545,226432,1184,FUT,defense,12694,M8,attack,eco,FUT,M8,FUT,M8
511546,226433,474,TL,defense,7035,MKOI,attack,eco,TL,MKOI,TL,MKOI
511546,226434,474,TL,defense,7035,MKOI,attack,eco,TL,MKOI,MKOI,MKOI
511546,226435,7035,MKOI,attack,474,TL,defense,eco,MKOI,MKOI,MKOI,TL
511547,226436,1001,BBL,attack,397,TH,defense,eco,BBL,BBL,BBL,BBL
511547,226437,397,TH,defense,1001,BBL,attack,eco,TH,BBL,TH,TH
511547,226438,397,TH,defense,1001,BBL,attack,eco,TH,BBL,TH,BBL
511548,226439,2593,KC,attack,8877,FNC,defense,eco,KC,FNC,FNC,FNC
511548,226440,8877,FNC,defense,2593,KC,attack,eco,KC,FNC,KC,KC
511548,226441,8877,FNC,defense,2593,KC,attack,eco,FNC,FNC,FNC,FNC
511549,226442,11479,KC,attack,8877,APK,defense,eco,KC,KC,APK,KC
511549,226443,11479,KC,attack,8877,APK,defense,eco,KC,APK,KC,KC
511549,226444,8877,APK,defense,11479,KC,attack,eco,KC,KC,APK,APK
511550,226445,14419,BBL,attack,397,GX,defense,force,BBL,BBL,GX,GX
511550,226446,14419,BBL,attack,397,GX,defense,eco,GX,GX,BBL,GX
511550,226447,14419,BBL,attack,397,GX,defense,eco,BBL,GX,BBL,BBL
511551,226448,474,NAVI,attack,4915,TL,defense,eco,NAVI,TL,NAVI,NAVI
511551,226449,4915,TL,defense,474,NAVI,attack,eco,TL,NAVI,TL,TL
511552,226451,12694,M8,defense,1001,TH,attack,eco,M8,M8,M8,TH
511552,226452,12694,M8,defense,1001,TH,attack,eco,M8,TH,M8,TH
511552,226453,1001,TH,attack,12694,M8,defense,eco,TH,M8,M8,TH
511553,226454,2059,VIT,attack,1184,FUT,defense,force,VIT,VIT,VIT,VIT
511553,226455,2059,VIT,attack,1184,FUT,defense,eco,VIT,VIT,VIT,FUT
511554,226457,7035,FNC,attack,2593,MKOI,defense,eco,FNC,FNC,MKOI,MKOI
511554,226458,7035,FNC,attack,2593,MKOI,defense,eco,FNC,MKOI,MKOI,MKOI
511562,226460,14419,GX,attack,1184,FUT,defense,eco,GX,FUT,FUT,FUT
511562,226461,14419,GX,attack,1184,FUT,defense,eco,GX,GX,FUT,GX
511562,226462,14419,GX,attack,1184,FUT,defense,eco,GX,GX,GX,FUT
511563,226463,12694,BBL,attack,397,M8,defense,eco,M8,BBL,BBL,M8
511563,226464,397,M8,defense,12694,BBL,attack,eco,M8,BBL,M8,M8
511564,226466,11479,TL,defense,474,APK,attack,eco,TL,APK,APK,APK
511564,226467,11479,TL,defense,474,APK,attack,eco,TL,APK,TL,TL
511564,226468,11479,TL,defense,474,APK,attack,eco,TL,TL,TL,TL
511565,226469,7035,MKOI,defense,8877,KC,attack,eco,MKOI,MKOI,MKOI,MKOI
511565,226470,8877,KC,attack,7035,MKOI,defense,eco,KC,KC,KC,MKOI
511565,226471,8877,KC,attack,7035,MKOI,defense,eco,KC,MKOI,MKOI,MKOI
511566,230237,4915,NAVI,defense,2593,FNC,attack,eco,NAVI,NAVI,NAVI,FNC
511566,226473,2593,FNC,attack,4915,NAVI,defense,eco,FNC,NAVI,NAVI,NAVI
511566,226474,4915,NAVI,defense,2593,FNC,attack,eco,NAVI,NAVI,NAVI,NAVI
511567,226475,1001,VIT,defense,2059,TH,attack,eco,VIT,TH,VIT,TH
511567,226476,1001,VIT,defense,2059,TH,attack,eco,VIT,VIT,VIT,VIT
511568,226478,1184,TH,attack,1001,FUT,defense,eco,TH,FUT,TH,FUT
511568,226479,1001,FUT,defense,1184,TH,attack,eco,FUT,TH,TH,TH
511569,226481,7035,MKOI,defense,11479,APK,attack,eco,MKOI,APK,MKOI,MKOI
511569,226482,7035,MKOI,defense,11479,APK,attack,eco,MKOI,MKOI,APK,APK
511569,226483,7035,MKOI,defense,11479,APK,attack,eco,MKOI,APK,APK,MKOI
511570,226484,12694,M8,defense,14419,GX,attack,eco,M8,GX,M8,M8
511570,226485,12694,M8,defense,14419,GX,attack,eco,M8,M8,M8,GX
511570,226486,14419,GX,attack,12694,M8,defense,eco,GX,M8,GX,GX
511571,226487,4915,KC,attack,8877,NAVI,defense,eco,KC,NAVI,NAVI,NAVI
511571,226488,8877,NAVI,defense,4915,KC,attack,eco,NAVI,NAVI,NAVI,NAVI
511572,226490,397,BBL,attack,2059,VIT,defense,force,BBL,VIT,VIT,BBL
511572,226491,2059,VIT,defense,397,BBL,attack,eco,VIT,VIT,VIT,VIT
511572,226492,397,BBL,attack,2059,VIT,defense,force,BBL,BBL,BBL,BBL
511573,226493,474,TL,defense,2593,FNC,attack,eco,FNC,FNC,TL,TL
511573,226494,474,TL,defense,2593,FNC,attack,eco,TL,TL,TL,TL
511575,226496,7035,MKOI,defense,4915,NAVI,attack,eco,MKOI,NAVI,MKOI,NAVI
511575,226497,7035,MKOI,defense,4915,NAVI,attack,eco,NAVI,NAVI,MKOI,NAVI
511575,226498,4915,NAVI,attack,7035,MKOI,defense,eco,NAVI,NAVI,NAVI,NAVI
511576,226499,11479,FNC,attack,2593,APK,defense,force,APK,FNC,APK,FNC
511576,226500,11479,FNC,attack,2593,APK,defense,eco,APK,APK,APK,FNC
511577,226502,14419,GX,defense,1001,TH,attack,eco,GX,TH,TH,TH
511577,226503,1001,TH,attack,14419,GX,defense,eco,TH,TH,GX,TH
511579,226505,2059,VIT,attack,12694,M8,defense,eco,VIT,VIT,VIT,M8
511579,226506,2059,VIT,attack,12694,M8,defense,eco,VIT,M8,M8,VIT
511579,226507,12694,M8,defense,2059,VIT,attack,eco,M8,VIT,M8,M8
511580,226508,1184,BBL,attack,397,FUT,defense,eco,BBL,FUT,BBL,BBL
511580,226509,1184,BBL,attack,397,FUT,defense,eco,BBL,FUT,BBL,BBL
511581,226511,8877,KC,attack,474,TL,defense,eco,KC,KC,KC,TL
511581,226512,474,TL,defense,8877,KC,attack,eco,TL,KC,TL,TL
511581,226513,8877,KC,attack,474,TL,defense,eco,TL,TL,TL,TL
530924,231388,2593,FNC,defense,397,BBL,attack,eco,FNC,FNC,FNC,FNC
530924,231389,397,BBL,attack,2593,FNC,defense,eco,FNC,FNC,BBL,BBL
530924,231390,397,BBL,attack,2593,FNC,defense,eco,FNC,FNC,FNC,FNC
530925,231391,14419,NAVI,attack,4915,GX,defense,eco,NAVI,NAVI,GX,NAVI
530925,231392,4915,GX,defense,14419,NAVI,attack,eco,GX,NAVI,NAVI,GX
530925,231393,4915,GX,defense,14419,NAVI,attack,eco,GX,GX,GX,GX
530928,231400,1001,BBL,attack,397,TH,defense,eco,TH,TH,BBL,BBL
530928,231401,1001,BBL,attack,397,TH,defense,eco,BBL,TH,BBL,TH
530929,231403,14419,TL,defense,474,GX,attack,eco,TL,TL,TL,TL
530929,231404,14419,TL,defense,474,GX,attack,eco,TL,GX,GX,GX
530929,231405,474,GX,attack,14419,TL,defense,eco,GX,TL,GX,GX
530926,231394,8877,FNC,defense,2593,KC,attack,eco,FNC,KC,KC,KC
530926,231395,2593,KC,attack,8877,FNC,defense,eco,KC,KC,KC,FNC
530926,232628,8877,FNC,defense,2593,KC,attack,eco,FNC,FNC,FNC,KC
530927,231397,4915,VIT,attack,2059,NAVI,defense,eco,VIT,NAVI,VIT,VIT
530927,231398,2059,NAVI,defense,4915,VIT,attack,eco,VIT,NAVI,NAVI,NAVI
530930,231406,2593,GX,defense,14419,FNC,attack,eco,GX,FNC,GX,GX
530930,231407,2593,GX,defense,14419,FNC,attack,eco,GX,GX,GX,GX
530931,231409,1001,NAVI,attack,4915,TH,defense,eco,NAVI,NAVI,TH,NAVI
530931,231410,1001,NAVI,attack,4915,TH,defense,eco,NAVI,NAVI,NAVI,TH
530932,231412,474,TL,attack,397,BBL,defense,force,TL,TL,TL,TL
530932,231413,474,TL,attack,397,BBL,defense,eco,BBL,BBL,BBL,TL
530932,231414,397,BBL,defense,474,TL,attack,eco,BBL,BBL,TL,TL
530933,231415,14419,NAVI,attack,4915,GX,defense,eco,NAVI,NAVI,NAVI,GX
530933,231416,4915,GX,defense,14419,NAVI,attack,eco,GX,NAVI,NAVI,NAVI
530933,231417,4915,GX,defense,14419,NAVI,attack,eco,GX,NAVI,GX,GX
530934,231418,14419,GX,attack,397,BBL,defense,eco,GX,BBL,GX,GX
530934,231419,14419,GX,attack,397,BBL,defense,eco,GX,BBL,GX,GX
530934,233349,14419,GX,attack,397,BBL,defense,eco,GX,BBL,BBL,GX
530935,231423,14419,GX,attack,474,TL,defense,eco,GX,GX,GX,TL
530935,231424,14419,GX,attack,474,TL,defense,eco,GX,TL,TL,TL
530935,231425,474,TL,defense,14419,GX,attack,eco,TL,GX,GX,TL
508815,223654,8304,TLN,attack,466,BME,defense,eco,TLN,TLN,TLN,BME
508815,223655,8304,TLN,attack,466,BME,defense,force,TLN,TLN,TLN,TLN
508816,223657,6199,TS,attack,11060,NS,defense,eco,TS,NS,TS,TS
508816,223658,6199,TS,attack,11060,NS,defense,eco,TS,NS,NS,NS
508816,223659,11060,NS,defense,6199,TS,attack,eco,NS,NS,NS,TS
508817,223660,624,PRX,attack,14,T1,defense,eco,PRX,PRX,PRX,T1
508817,223661,14,T1,defense,624,PRX,attack,eco,T1,PRX,T1,PRX
508818,227727,17,GEN,attack,8185,KRX,defense,eco,GEN,KRX,GEN,GEN
508818,223664,17,GEN,attack,8185,KRX,defense,eco,GEN,GEN,KRX,GEN
508819,227752,918,GE,attack,878,RRQ,defense,eco,RRQ,GE,GE,RRQ
508819,223667,878,RRQ,defense,918,GE,attack,eco,RRQ,GE,GE,GE
508820,223669,278,DFM,attack,5448,ZETA,defense,eco,DFM,ZETA,DFM,DFM
508820,223670,5448,ZETA,defense,278,DFM,attack,eco,ZETA,ZETA,ZETA,ZETA
508820,223671,5448,ZETA,defense,278,DFM,attack,force,DFM,DFM,ZETA,ZETA
508821,223672,11060,NS,attack,8185,KRX,defense,eco,KRX,KRX,KRX,KRX
508821,227984,11060,NS,attack,8185,KRX,defense,eco,NS,NS,NS,NS
508821,227985,8185,KRX,defense,11060,NS,attack,eco,KRX,KRX,KRX,KRX
508822,223673,466,BME,defense,14,T1,attack,eco,BME,T1,T1,T1
508822,223674,466,BME,defense,14,T1,attack,eco,BME,T1,BME,BME
508823,223676,6199,TS,attack,918,GE,defense,eco,TS,TS,GE,GE
508823,223677,918,GE,defense,6199,TS,attack,force,GE,GE,GE,GE
508823,223678,6199,TS,attack,918,GE,defense,eco,TS,GE,TS,TS
508824,228042,624,PRX,defense,278,DFM,attack,eco,PRX,PRX,PRX,DFM
508824,223680,624,PRX,defense,278,DFM,attack,eco,PRX,DFM,PRX,PRX
508825,223682,8304,TLN,defense,5448,ZETA,attack,eco,TLN,TLN,TLN,TLN
508825,223683,8304,TLN,defense,5448,ZETA,attack,eco,TLN,TLN,TLN,TLN
508826,228313,17,RRQ,defense,878,GEN,attack,eco,RRQ,GEN,GEN,RRQ
508826,223686,878,GEN,attack,17,RRQ,defense,eco,GEN,RRQ,GEN,GEN
508826,223687,878,GEN,attack,17,RRQ,defense,eco,GEN,GEN,GEN,GEN
508828,223688,17,GE,attack,918,GEN,defense,eco,GE,GE,GE,GE
508828,223689,918,GEN,defense,17,GE,attack,eco,GEN,GEN,GEN,GEN
508828,223690,17,GE,attack,918,GEN,defense,eco,GE,GEN,GEN,GEN
508829,229069,8304,TLN,defense,278,DFM,attack,eco,TLN,DFM,TLN,DFM
508829,223692,278,DFM,attack,8304,TLN,defense,force,DFM,TLN,DFM,DFM
508829,223693,8304,TLN,defense,278,DFM,attack,eco,TLN,DFM,TLN,TLN
508830,223694,14,T1,defense,5448,ZETA,attack,eco,T1,ZETA,ZETA,ZETA
508830,223695,14,T1,defense,5448,ZETA,attack,eco,ZETA,ZETA,T1,T1
508831,223697,11060,RRQ,defense,878,NS,attack,force,RRQ,RRQ,RRQ,NS
508831,223698,878,NS,attack,11060,RRQ,defense,eco,NS,RRQ,RRQ,RRQ
508831,223699,11060,RRQ,defense,878,NS,attack,eco,RRQ,RRQ,RRQ,NS
508832,229399,6199,TS,attack,8185,KRX,defense,force,KRX,KRX,KRX,KRX
508832,223701,8185,KRX,defense,6199,TS,attack,eco,KRX,KRX,KRX,KRX
508833,223703,466,BME,defense,624,PRX,attack,eco,BME,PRX,BME,PRX
508833,223704,624,PRX,attack,466,BME,defense,eco,PRX,PRX,PRX,PRX
508834,223706,6199,TS,attack,17,GEN,defense,eco,GEN,GEN,GEN,GEN
508834,223707,6199,TS,attack,17,GEN,defense,eco,GEN,GEN,TS,GEN
508835,223709,8304,TLN,defense,14,T1,attack,eco,TLN,TLN,TLN,T1
508835,223710,8304,TLN,defense,14,T1,attack,eco,TLN,T1,TLN,T1
508836,223712,278,DFM,attack,466,BME,defense,eco,BME,BME,BME,BME
508836,223713,278,DFM,attack,466,BME,defense,eco,DFM,DFM,DFM,DFM
508837,223715,8185,KRX,attack,878,RRQ,defense,force,KRX,RRQ,KRX,RRQ
508837,223716,878,RRQ,defense,8185,KRX,attack,eco,KRX,KRX,RRQ,KRX
508838,223718,918,NS,defense,11060,GE,attack,eco,NS,GE,NS,GE
508838,223719,918,NS,defense,11060,GE,attack,eco,NS,NS,NS,NS
508839,223721,624,ZETA,attack,5448,PRX,defense,eco,ZETA,PRX,PRX,ZETA
508839,223722,624,ZETA,attack,5448,PRX,defense,eco,ZETA,ZETA,ZETA,ZETA
508840,223724,17,GEN,defense,11060,NS,attack,eco,GEN,NS,GEN,GEN
508840,223725,11060,NS,attack,17,GEN,defense,eco,GEN,GEN,NS,GEN
508841,223727,8304,TLN,defense,624,PRX,attack,eco,PRX,PRX,PRX,PRX
508841,223728,624,PRX,attack,8304,TLN,defense,eco,PRX,TLN,TLN,TLN
508842,223730,8185,KRX,defense,918,GE,attack,eco,GE,GE,GE,GE
508842,223731,8185,KRX,defense,918,GE,attack,eco,KRX,GE,KRX,KRX
508843,223733,5448,ZETA,attack,466,BME,defense,eco,ZETA,BME,ZETA,ZETA
508843,223734,466,BME,defense,5448,ZETA,attack,eco,BME,ZETA,ZETA,ZETA
508843,223735,466,BME,defense,5448,ZETA,attack,eco,BME,ZETA,ZETA,BME
508844,223736,878,TS,attack,6199,RRQ,defense,eco,TS,RRQ,RRQ,RRQ
508844,223737,6199,RRQ,defense,878,TS,attack,force,RRQ,RRQ,RRQ,RRQ
508844,223738,6199,RRQ,defense,878,TS,attack,eco,RRQ,RRQ,RRQ,RRQ
508845,223739,278,DFM,attack,14,T1,defense,eco,DFM,T1,T1,T1
508845,223740,278,DFM,attack,14,T1,defense,eco,DFM,T1,T1,T1
530354,231305,11060,TLN,defense,8304,NS,attack,eco,TLN,TLN,NS,TLN
530354,231306,8304,NS,attack,11060,TLN,defense,eco,NS,NS,NS,TLN
530355,231308,14,T1,attack,878,RRQ,defense,eco,RRQ,RRQ,RRQ,RRQ
530355,231309,878,RRQ,defense,14,T1,attack,eco,T1,T1,RRQ,RRQ
530355,231310,14,T1,attack,878,RRQ,defense,eco,T1,RRQ,RRQ,RRQ
530356,231311,8185,TLN,attack,8304,KRX,defense,eco,TLN,TLN,TLN,KRX
530356,231312,8185,TLN,attack,8304,KRX,defense,eco,TLN,KRX,KRX,TLN
530356,231313,8185,TLN,attack,8304,KRX,defense,eco,TLN,TLN,TLN,TLN
530357,231314,624,PRX,defense,14,T1,attack,eco,PRX,T1,T1,T1
530357,231315,624,PRX,defense,14,T1,attack,eco,PRX,PRX,PRX,T1
530358,231317,278,NS,defense,11060,DFM,attack,eco,NS,NS,DFM,NS
530358,231318,11060,DFM,attack,278,NS,defense,eco,DFM,NS,DFM,DFM
530359,231320,17,RRQ,defense,878,GEN,attack,eco,RRQ,GEN,GEN,GEN
530359,231321,878,GEN,attack,17,RRQ,defense,eco,GEN,GEN,GEN,GEN
530359,231322,878,GEN,attack,17,RRQ,defense,eco,RRQ,GEN,GEN,RRQ
530360,231894,14,T1,defense,11060,NS,attack,eco,T1,T1,NS,T1
530360,231324,11060,NS,attack,14,T1,defense,eco,NS,T1,T1,NS
530361,231326,8185,RRQ,attack,878,KRX,defense,eco,RRQ,KRX,KRX,RRQ
530361,231327,878,KRX,defense,8185,RRQ,attack,eco,RRQ,KRX,RRQ,KRX
530362,231329,8304,TLN,defense,624,PRX,attack,eco,TLN,PRX,TLN,PRX
530362,231330,624,PRX,attack,8304,TLN,defense,eco,PRX,TLN,TLN,PRX
530363,232077,14,T1,defense,878,RRQ,attack,eco,T1,RRQ,RRQ,RRQ
530363,231333,14,T1,defense,878,RRQ,attack,eco,T1,RRQ,T1,T1
530363,231334,14,T1,defense,878,RRQ,attack,eco,T1,T1,T1,RRQ
530364,231335,8304,TLN,defense,878,RRQ,attack,eco,TLN,TLN,RRQ,RRQ
530364,231336,8304,TLN,defense,878,RRQ,attack,eco,TLN,RRQ,TLN,TLN
530364,231337,878,RRQ,attack,8304,TLN,defense,eco,RRQ,TLN,RRQ,TLN
530364,231338,8304,TLN,defense,878,RRQ,attack,eco,TLN,RRQ,RRQ,TLN
530364,231339,878,RRQ,attack,8304,TLN,defense,eco,RRQ,RRQ,RRQ,RRQ
530365,233353,624,PRX,defense,878,RRQ,attack,eco,PRX,RRQ,RRQ,PRX
530365,231341,624,PRX,defense,878,RRQ,attack,eco,PRX,PRX,PRX,PRX
530365,231342,624,PRX,defense,878,RRQ,attack,eco,PRX,RRQ,PRX,RRQ
530365,231343,624,PRX,defense,878,RRQ,attack,eco,PRX,RRQ,PRX,PRX
490309,217256,1001,PRX,attack,624,TH,defense,eco,PRX,TH,PRX,PRX
490309,217257,1001,PRX,attack,624,TH,defense,eco,PRX,TH,PRX,PRX
490307,217250,12010,BLG,defense,474,TL,attack,eco,BLG,TL,TL,TL
490307,217251,474,TL,attack,12010,BLG,defense,eco,TL,BLG,BLG,BLG
490307,217252,474,TL,attack,12010,BLG,defense,eco,TL,BLG,TL,TL
490308,217253,2,WOL,attack,13790,SEN,defense,eco,WOL,WOL,WOL,SEN
490308,217254,13790,SEN,defense,2,WOL,attack,force,SEN,WOL,SEN,SEN
490306,217247,17,GEN,defense,7386,MIBR,attack,eco,GEN,GEN,GEN,GEN
490306,217248,17,GEN,defense,7386,MIBR,attack,eco,GEN,MIBR,GEN,GEN
490311,217262,12010,BLG,defense,2,SEN,attack,eco,BLG,BLG,SEN,SEN
490311,217263,12010,BLG,defense,2,SEN,attack,eco,BLG,SEN,SEN,SEN
490311,217264,2,SEN,attack,12010,BLG,defense,eco,BLG,BLG,SEN,SEN
490310,217259,624,GEN,attack,17,PRX,defense,eco,GEN,GEN,GEN,GEN
490310,217260,624,GEN,attack,17,PRX,defense,eco,GEN,PRX,GEN,GEN
490312,217265,1001,WOL,attack,13790,TH,defense,eco,WOL,WOL,WOL,TH
490312,217266,1001,WOL,attack,13790,TH,defense,eco,WOL,WOL,WOL,WOL
490313,217268,474,TL,defense,7386,MIBR,attack,eco,TL,MIBR,MIBR,MIBR
490313,217269,474,TL,defense,7386,MIBR,attack,eco,TL,MIBR,MIBR,MIBR
490315,221383,13790,WOL,attack,12010,BLG,defense,eco,BLG,BLG,WOL,WOL
490315,217275,12010,BLG,defense,13790,WOL,attack,eco,BLG,WOL,BLG,WOL
490314,217271,474,TL,attack,624,PRX,defense,eco,TL,TL,PRX,PRX
490314,217272,474,TL,attack,624,PRX,defense,eco,TL,PRX,PRX,PRX
490314,217273,624,PRX,defense,474,TL,attack,eco,PRX,PRX,PRX,PRX
498622,221150,624,G2,defense,11058,PRX,attack,eco,G2,PRX,PRX,G2
498622,221151,11058,PRX,attack,624,G2,defense,force,G2,G2,PRX,G2
498621,221147,2,SEN,attack,13581,XLG,defense,eco,SEN,XLG,SEN,SEN
498621,221148,13581,XLG,defense,2,SEN,attack,eco,XLG,SEN,SEN,SEN
498623,221153,878,WOL,attack,13790,RRQ,defense,eco,WOL,WOL,WOL,RRQ
498623,221154,13790,RRQ,defense,878,WOL,attack,eco,RRQ,WOL,RRQ,RRQ
498624,221156,2593,GEN,attack,17,FNC,defense,eco,GEN,FNC,FNC,FNC
498624,221157,2593,GEN,attack,17,FNC,defense,eco,GEN,FNC,GEN,GEN
498624,221158,17,FNC,defense,2593,GEN,attack,eco,GEN,GEN,GEN,GEN
498629,221173,11058,G2,attack,13581,XLG,defense,eco,G2,XLG,G2,G2
498629,221174,13581,XLG,defense,11058,G2,attack,eco,XLG,G2,G2,G2
498630,221176,2593,RRQ,defense,878,FNC,attack,eco,RRQ,FNC,FNC,FNC
498630,221177,2593,RRQ,defense,878,FNC,attack,eco,RRQ,RRQ,RRQ,FNC
498630,221178,878,FNC,attack,2593,RRQ,defense,eco,FNC,RRQ,FNC,FNC
498626,221162,17,GEN,attack,13790,WOL,defense,eco,GEN,GEN,GEN,GEN
498626,221163,17,GEN,attack,13790,WOL,defense,eco,GEN,GEN,GEN,WOL
498625,221159,2,PRX,attack,624,SEN,defense,eco,PRX,PRX,PRX,PRX
498625,221160,624,SEN,defense,2,PRX,attack,eco,SEN,SEN,SEN,PRX
498631,221179,17,G2,attack,11058,GEN,defense,eco,G2,GEN,G2,G2
498631,221180,11058,GEN,defense,17,G2,attack,eco,GEN,G2,G2,G2
498631,221181,11058,GEN,defense,17,G2,attack,eco,GEN,G2,GEN,GEN
498632,221182,2,SEN,defense,2593,FNC,attack,eco,SEN,SEN,SEN,FNC
498632,221183,2593,FNC,attack,2,SEN,defense,eco,FNC,SEN,FNC,FNC
498632,221184,2,SEN,defense,2593,FNC,attack,eco,SEN,SEN,FNC,SEN
498627,221165,13790,WOL,attack,624,PRX,defense,eco,WOL,PRX,WOL,WOL
498627,221166,13790,WOL,attack,624,PRX,defense,eco,WOL,WOL,PRX,WOL
498633,221185,2593,FNC,attack,11058,G2,defense,eco,FNC,G2,G2,G2
498633,221186,11058,G2,defense,2593,FNC,attack,eco,G2,FNC,G2,FNC
498634,221188,13790,FNC,attack,2593,WOL,defense,eco,FNC,FNC,FNC,FNC
498634,221189,13790,FNC,attack,2593,WOL,defense,eco,FNC,WOL,FNC,FNC
498634,221190,13790,FNC,attack,2593,WOL,defense,eco,FNC,WOL,WOL,WOL
498634,221191,2593,WOL,defense,13790,FNC,attack,eco,WOL,FNC,FNC,FNC
498628,221168,2593,FNC,attack,624,PRX,defense,eco,FNC,FNC,FNC,PRX
498628,221169,624,PRX,defense,2593,FNC,attack,eco,PRX,PRX,PRX,FNC
498628,221170,2593,FNC,attack,624,PRX,defense,eco,FNC,PRX,PRX,PRX
498628,221171,624,PRX,defense,2593,FNC,attack,force,FNC,FNC,PRX,PRX
459826,207147,2059,VIT,defense,14419,GX,attack,eco,VIT,VIT,VIT,VIT
459826,207148,2059,VIT,defense,14419,GX,attack,eco,VIT,VIT,VIT,VIT
459827,207150,8877,BBL,defense,397,KC,attack,eco,BBL,KC,BBL,KC
459827,207151,8877,BBL,defense,397,KC,attack,eco,KC,KC,KC,BBL
459827,207152,8877,BBL,defense,397,KC,attack,eco,BBL,KC,KC,BBL
459828,207153,1001,TH,defense,11479,APK,attack,eco,TH,TH,TH,APK
459828,207154,1001,TH,defense,11479,APK,attack,eco,TH,APK,TH,TH
459828,207155,11479,APK,attack,1001,TH,defense,eco,APK,TH,APK,APK
459829,207156,7035,MKOI,attack,1184,FUT,defense,eco,MKOI,FUT,FUT,FUT
459829,207157,1184,FUT,defense,7035,MKOI,attack,eco,FUT,MKOI,MKOI,MKOI
459830,207159,2593,FNC,defense,4915,NAVI,attack,eco,FNC,NAVI,NAVI,FNC
459830,207160,2593,FNC,defense,4915,NAVI,attack,eco,FNC,NAVI,NAVI,FNC
459831,207162,12694,M8,attack,474,TL,defense,eco,M8,TL,TL,TL
459831,207163,474,TL,defense,12694,M8,attack,eco,TL,M8,TL,M8
459831,207164,12694,M8,attack,474,TL,defense,eco,M8,M8,M8,TL
459832,207165,397,BBL,attack,474,TL,defense,eco,TL,TL,TL,TL
459832,207166,397,BBL,attack,474,TL,defense,eco,BBL,TL,TL,BBL
459832,207167,474,TL,defense,397,BBL,attack,eco,TL,TL,TL,TL
459833,207168,11479,NAVI,attack,4915,APK,defense,eco,APK,APK,NAVI,APK
459833,207169,4915,APK,defense,11479,NAVI,attack,force,APK,NAVI,APK,NAVI
459833,207170,11479,NAVI,attack,4915,APK,defense,eco,NAVI,NAVI,NAVI,APK
459834,207171,1184,M8,attack,12694,FUT,defense,eco,FUT,FUT,FUT,FUT
459834,207172,12694,FUT,defense,1184,M8,attack,eco,FUT,M8,M8,M8
459834,207173,12694,FUT,defense,1184,M8,attack,eco,FUT,M8,FUT,FUT
459835,207174,14419,TH,defense,1001,GX,attack,eco,TH,GX,GX,TH
459835,207175,14419,TH,defense,1001,GX,attack,eco,TH,TH,TH,TH
459835,207176,14419,TH,defense,1001,GX,attack,eco,TH,GX,TH,GX
459836,207177,2059,FNC,attack,2593,VIT,defense,eco,FNC,FNC,FNC,FNC
459836,207178,2593,VIT,defense,2059,FNC,attack,eco,VIT,FNC,FNC,FNC
459836,207179,2593,VIT,defense,2059,FNC,attack,eco,VIT,VIT,VIT,VIT
459837,207180,7035,MKOI,defense,8877,KC,attack,eco,MKOI,KC,KC,KC
459837,207181,7035,MKOI,defense,8877,KC,attack,eco,MKOI,KC,KC,KC
459839,207183,397,MKOI,defense,7035,BBL,attack,force,MKOI,MKOI,MKOI,BBL
459839,207184,7035,BBL,attack,397,MKOI,defense,eco,BBL,BBL,MKOI,BBL
459840,207186,4915,NAVI,defense,14419,GX,attack,eco,NAVI,GX,NAVI,NAVI
459840,207187,4915,NAVI,defense,14419,GX,attack,eco,NAVI,NAVI,NAVI,NAVI
459840,207188,4915,NAVI,defense,14419,GX,attack,eco,NAVI,NAVI,NAVI,NAVI
459841,207189,1184,TL,defense,474,FUT,attack,eco,TL,TL,TL,FUT
459841,207190,474,FUT,attack,1184,TL,defense,eco,FUT,FUT,TL,TL
459842,207192,1001,VIT,defense,2059,TH,attack,eco,VIT,VIT,VIT,TH
459842,207193,1001,VIT,defense,2059,TH,attack,eco,VIT,TH,TH,TH
459843,207195,2593,FNC,attack,11479,APK,defense,eco,FNC,FNC,FNC,FNC
459843,207196,2593,FNC,attack,11479,APK,defense,eco,FNC,APK,APK,FNC
459844,207198,8877,M8,attack,12694,KC,defense,eco,M8,KC,M8,M8
459844,207199,12694,KC,defense,8877,M8,attack,eco,KC,KC,KC,KC
459845,207201,11479,VIT,defense,2059,APK,attack,eco,VIT,VIT,APK,VIT
459845,207202,2059,APK,attack,11479,VIT,defense,eco,APK,APK,APK,VIT
459846,212701,7035,TL,defense,474,MKOI,attack,eco,TL,TL,TL,TL
459846,212700,7035,TL,defense,474,MKOI,attack,eco,TL,MKOI,TL,TL
459847,207207,12694,BBL,attack,397,M8,defense,eco,BBL,BBL,BBL,M8
459847,207208,12694,BBL,attack,397,M8,defense,eco,BBL,M8,BBL,BBL
459848,207210,2593,FNC,attack,14419,GX,defense,eco,FNC,GX,GX,GX
459848,207211,14419,GX,defense,2593,FNC,attack,eco,GX,FNC,FNC,FNC
459848,207212,2593,FNC,attack,14419,GX,defense,eco,FNC,GX,GX,GX
459849,212913,8877,FUT,attack,1184,KC,defense,eco,KC,KC,FUT,KC
459849,207214,1184,KC,defense,8877,FUT,attack,eco,KC,FUT,KC,KC
459849,207215,1184,KC,defense,8877,FUT,attack,eco,KC,FUT,FUT,FUT
459850,207216,4915,TH,attack,1001,NAVI,defense,eco,TH,TH,NAVI,TH
459850,207217,4915,TH,attack,1001,NAVI,defense,eco,TH,NAVI,TH,TH
459852,207219,1184,FUT,attack,397,BBL,defense,eco,FUT,BBL,FUT,BBL
459852,207220,1184,FUT,attack,397,BBL,defense,eco,FUT,BBL,BBL,BBL
459853,207222,11479,GX,defense,14419,APK,attack,eco,GX,APK,APK,APK
459853,207223,14419,APK,attack,11479,GX,defense,eco,GX,GX,GX,GX
459854,207225,7035,MKOI,attack,12694,M8,defense,eco,MKOI,M8,M8,M8
459854,207226,7035,MKOI,attack,12694,M8,defense,eco,MKOI,M8,MKOI,MKOI
459854,207227,7035,MKOI,attack,12694,M8,defense,eco,MKOI,MKOI,M8,M8
459855,207228,4915,NAVI,attack,2059,VIT,defense,eco,NAVI,VIT,NAVI,NAVI
459855,207229,2059,VIT,defense,4915,NAVI,attack,eco,VIT,NAVI,NAVI,NAVI
459856,207232,474,TL,attack,8877,KC,defense,eco,KC,TL,TL,TL
459856,207233,474,TL,attack,8877,KC,defense,eco,TL,TL,TL,KC
459857,215378,1001,TH,attack,2593,FNC,defense,eco,TH,TH,TH,FNC
459857,207235,2593,FNC,defense,1001,TH,attack,eco,FNC,TH,FNC,FNC
482503,215379,4915,NAVI,attack,397,BBL,defense,force,NAVI,BBL,BBL,NAVI
482503,215380,4915,NAVI,attack,397,BBL,defense,eco,NAVI,BBL,BBL,BBL
482504,216517,2593,FUT,attack,1184,FNC,defense,eco,FNC,FNC,FNC,FNC
482504,215383,1184,FNC,defense,2593,FUT,attack,eco,FNC,FNC,FNC,FNC
482505,215385,4915,KC,attack,8877,NAVI,defense,eco,KC,KC,KC,NAVI
482505,215386,8877,NAVI,defense,4915,KC,attack,eco,NAVI,KC,NAVI,NAVI
482505,216537,8877,NAVI,defense,4915,KC,attack,eco,NAVI,KC,NAVI,KC
482506,216584,1184,FUT,defense,2059,VIT,attack,eco,FUT,VIT,FUT,FUT
482506,215389,2059,VIT,attack,1184,FUT,defense,eco,VIT,FUT,FUT,FUT
482507,216644,397,TH,defense,1001,BBL,attack,eco,TH,TH,TH,BBL
482507,215392,1001,BBL,attack,397,TH,defense,eco,BBL,TH,BBL,BBL
482508,215394,474,TL,defense,2593,FNC,attack,eco,TL,FNC,TL,FNC
482508,215395,2593,FNC,attack,474,TL,defense,eco,FNC,TL,FNC,FNC
482508,215396,2593,FNC,attack,474,TL,defense,eco,FNC,TL,TL,TL
482510,216645,397,BBL,attack,1184,FUT,defense,force,BBL,FUT,BBL,BBL
482510,215402,397,BBL,attack,1184,FUT,defense,force,BBL,FUT,BBL,FUT
482509,215397,4915,TL,defense,474,NAVI,attack,force,TL,NAVI,NAVI,NAVI
482509,215398,4915,TL,defense,474,NAVI,attack,eco,TL,NAVI,NAVI,TL
482509,215399,4915,TL,defense,474,NAVI,attack,eco,NAVI,NAVI,TL,NAVI
482515,215416,1001,FNC,attack,2593,TH,defense,eco,TH,TH,TH,FNC
482515,217080,2593,TH,defense,1001,FNC,attack,eco,TH,FNC,TH,FNC
482511,215403,397,TL,defense,474,BBL,attack,eco,TL,BBL,BBL,BBL
482511,215404,474,BBL,attack,397,TL,defense,eco,BBL,TL,BBL,BBL
482511,215405,397,TL,defense,474,BBL,attack,eco,TL,BBL,TL,TL
482512,215406,1001,TH,defense,474,TL,attack,eco,TH,TH,TH,TL
482512,215407,474,TL,attack,1001,TH,defense,eco,TL,TL,TL,TL
482512,215408,1001,TH,defense,474,TL,attack,eco,TH,TH,TH,TH
482513,215411,2593,FNC,defense,1001,TH,attack,eco,FNC,FNC,FNC,FNC
482513,215412,2593,FNC,defense,1001,TH,attack,eco,FNC,FNC,FNC,FNC
482513,215413,1001,TH,attack,2593,FNC,defense,eco,TH,TH,TH,FNC
458805,206150,918,DFM,defense,278,GE,attack,eco,DFM,GE,GE,GE
458805,206151,918,DFM,defense,278,GE,attack,eco,DFM,DFM,GE,GE
458806,206153,14,T1,defense,5448,ZETA,attack,force,T1,ZETA,ZETA,ZETA
458806,206154,5448,ZETA,attack,14,T1,defense,eco,ZETA,T1,ZETA,ZETA
458806,206155,14,T1,defense,5448,ZETA,attack,eco,T1,T1,T1,T1
458807,206156,624,PRX,attack,8185,KRX,defense,eco,PRX,PRX,PRX,PRX
458807,206157,8185,KRX,defense,624,PRX,attack,eco,KRX,KRX,KRX,KRX
458807,206158,624,PRX,attack,8185,KRX,defense,force,KRX,KRX,PRX,KRX
458808,206159,8304,TS,attack,6199,TLN,defense,eco,TS,TLN,TS,TS
458808,206160,6199,TLN,defense,8304,TS,attack,eco,TLN,TS,TLN,TLN
458808,206161,8304,TS,attack,6199,TLN,defense,force,TLN,TLN,TS,TS
458809,206162,17,BME,attack,466,GEN,defense,eco,BME,BME,GEN,BME
458809,206163,17,BME,attack,466,GEN,defense,eco,BME,BME,BME,GEN
458810,206165,11060,RRQ,attack,878,NS,defense,eco,RRQ,RRQ,RRQ,RRQ
458810,206166,11060,RRQ,attack,878,NS,defense,force,RRQ,RRQ,NS,RRQ
458810,206167,11060,RRQ,attack,878,NS,defense,eco,RRQ,NS,NS,NS
458811,206168,6199,ZETA,attack,5448,TS,defense,eco,ZETA,TS,TS,ZETA
458811,206169,5448,TS,defense,6199,ZETA,attack,eco,TS,ZETA,ZETA,ZETA
458812,206171,11060,NS,attack,14,T1,defense,eco,NS,T1,NS,T1
458812,206172,11060,NS,attack,14,T1,defense,eco,NS,T1,T1,NS
458813,206174,17,GEN,defense,624,PRX,attack,force,PRX,PRX,PRX,PRX
458813,206175,624,PRX,attack,17,GEN,defense,eco,PRX,PRX,PRX,GEN
458813,206176,17,GEN,defense,624,PRX,attack,eco,GEN,PRX,GEN,GEN
458814,206177,8185,KRX,defense,278,DFM,attack,eco,KRX,KRX,DFM,KRX
458814,206178,8185,KRX,defense,278,DFM,attack,eco,KRX,KRX,KRX,DFM
458815,206180,878,RRQ,attack,8304,TLN,defense,force,RRQ,RRQ,TLN,RRQ
458815,206181,878,RRQ,attack,8304,TLN,defense,eco,RRQ,TLN,TLN,RRQ
458816,206183,918,BME,defense,466,GE,attack,eco,BME,GE,BME,BME
458816,206184,918,BME,defense,466,GE,attack,eco,BME,GE,GE,BME
458817,206186,17,GEN,defense,278,DFM,attack,eco,GEN,GEN,GEN,GEN
458817,206187,278,DFM,attack,17,GEN,defense,eco,DFM,GEN,GEN,GEN
458818,206189,5448,RRQ,defense,878,ZETA,attack,eco,RRQ,ZETA,RRQ,ZETA
458818,210878,5448,RRQ,defense,878,ZETA,attack,eco,RRQ,ZETA,ZETA,ZETA
458819,211027,624,PRX,defense,466,BME,attack,eco,PRX,BME,BME,PRX
458819,206193,624,PRX,defense,466,BME,attack,eco,PRX,PRX,PRX,PRX
458819,206194,466,BME,attack,624,PRX,defense,eco,BME,PRX,BME,PRX
458820,206195,11060,NS,attack,8304,TLN,defense,eco,NS,NS,NS,NS
458820,206196,11060,NS,attack,8304,TLN,defense,eco,NS,TLN,NS,NS
458820,206197,8304,TLN,defense,11060,NS,attack,eco,TLN,TLN,TLN,TLN
458821,211411,8185,KRX,defense,918,GE,attack,eco,KRX,KRX,KRX,GE
458821,211440,918,GE,attack,8185,KRX,defense,force,GE,GE,GE,GE
458822,206201,6199,TS,attack,14,T1,defense,eco,TS,T1,T1,T1
458822,206202,6199,TS,attack,14,T1,defense,eco,TS,T1,TS,TS
458822,206203,6199,TS,attack,14,T1,defense,eco,TS,T1,TS,TS
458823,206204,6199,TS,attack,11060,NS,defense,eco,TS,NS,TS,TS
458823,206205,6199,TS,attack,11060,NS,defense,eco,TS,NS,NS,NS
458824,206207,466,BME,attack,8185,KRX,defense,eco,BME,BME,BME,KRX
458824,206208,466,BME,attack,8185,KRX,defense,eco,KRX,KRX,KRX,KRX
458824,206209,8185,KRX,defense,466,BME,attack,eco,KRX,BME,KRX,BME
458825,206210,878,RRQ,attack,14,T1,defense,eco,RRQ,T1,T1,T1
458825,206211,14,T1,defense,878,RRQ,attack,eco,T1,RRQ,T1,T1
458825,206212,14,T1,defense,878,RRQ,attack,eco,T1,RRQ,T1,RRQ
458826,206213,17,GEN,defense,918,GE,attack,eco,GEN,GE,GEN,GEN
458826,206214,17,GEN,defense,918,GE,attack,eco,GEN,GEN,GEN,GEN
458827,206216,5448,ZETA,attack,8304,TLN,defense,eco,ZETA,ZETA,ZETA,TLN
458827,206217,8304,TLN,defense,5448,ZETA,attack,eco,ZETA,ZETA,TLN,TLN
458828,206219,624,PRX,attack,278,DFM,defense,eco,PRX,DFM,DFM,PRX
458828,206220,624,PRX,attack,278,DFM,defense,force,PRX,PRX,PRX,PRX
458828,206221,278,DFM,defense,624,PRX,attack,eco,DFM,DFM,DFM,PRX
458830,206222,918,PRX,defense,624,GE,attack,force,GE,PRX,PRX,GE
458830,206223,918,PRX,defense,624,GE,attack,force,GE,GE,PRX,GE
458831,206225,14,T1,defense,8304,TLN,attack,eco,T1,TLN,T1,TLN
458831,206226,8304,TLN,attack,14,T1,defense,eco,TLN,T1,TLN,T1
458832,206228,17,KRX,defense,8185,GEN,attack,eco,KRX,GEN,GEN,GEN
458832,206229,17,KRX,defense,8185,GEN,attack,eco,KRX,GEN,KRX,GEN
458832,206230,8185,GEN,attack,17,KRX,defense,eco,GEN,GEN,GEN,GEN
458833,206231,11060,ZETA,attack,5448,NS,defense,eco,NS,NS,NS,NS
458833,206232,5448,NS,defense,11060,ZETA,attack,eco,NS,ZETA,NS,ZETA
458833,206233,11060,ZETA,attack,5448,NS,defense,eco,ZETA,NS,ZETA,ZETA
458834,206234,278,BME,attack,466,DFM,defense,eco,BME,DFM,DFM,BME
458834,206235,278,BME,attack,466,DFM,defense,eco,BME,BME,DFM,BME
458835,206237,6199,TS,attack,878,RRQ,defense,eco,TS,RRQ,TS,RRQ
458835,206238,6199,TS,attack,878,RRQ,defense,eco,TS,TS,TS,RRQ
458835,206239,6199,TS,attack,878,RRQ,defense,eco,TS,RRQ,RRQ,TS
473833,212502,8304,GEN,attack,17,TLN,defense,eco,GEN,TLN,GEN,TLN
473833,212503,17,TLN,defense,8304,GEN,attack,eco,TLN,GEN,GEN,GEN
473833,212504,8304,GEN,attack,17,TLN,defense,eco,GEN,GEN,GEN,GEN
473834,212505,8185,KRX,defense,14,T1,attack,eco,T1,T1,T1,T1
473834,212506,14,T1,attack,8185,KRX,defense,eco,T1,KRX,KRX,KRX
473837,212514,466,GEN,attack,17,BME,defense,eco,GEN,GEN,GEN,GEN
473837,212515,466,GEN,attack,17,BME,defense,eco,GEN,GEN,GEN,GEN
473838,212517,8185,RRQ,defense,878,KRX,attack,eco,RRQ,RRQ,KRX,KRX
473838,212518,878,KRX,attack,8185,RRQ,defense,eco,KRX,RRQ,RRQ,RRQ
473838,212519,8185,RRQ,defense,878,KRX,attack,eco,RRQ,KRX,RRQ,RRQ
473835,212508,11060,NS,attack,8304,TLN,defense,force,TLN,TLN,TLN,TLN
473835,212509,11060,NS,attack,8304,TLN,defense,eco,NS,TLN,NS,NS
473835,212510,11060,NS,attack,8304,TLN,defense,eco,NS,NS,NS,TLN
473836,212511,14,T1,defense,624,PRX,attack,eco,T1,T1,T1,T1
473836,212512,624,PRX,attack,14,T1,defense,eco,PRX,T1,PRX,PRX
473836,212513,624,PRX,attack,14,T1,defense,eco,PRX,PRX,PRX,PRX
473839,212520,8304,KRX,defense,8185,TLN,attack,eco,KRX,TLN,KRX,KRX
473839,212521,8304,KRX,defense,8185,TLN,attack,eco,KRX,KRX,KRX,TLN
473840,212523,466,PRX,attack,624,BME,defense,eco,PRX,PRX,BME,PRX
473840,212524,466,PRX,attack,624,BME,defense,eco,PRX,BME,PRX,BME
473841,212526,17,GEN,defense,878,RRQ,attack,eco,GEN,GEN,GEN,GEN
473841,212527,878,RRQ,attack,17,GEN,defense,eco,RRQ,GEN,RRQ,GEN
473842,212529,624,KRX,defense,8185,PRX,attack,eco,KRX,PRX,PRX,KRX
473842,212530,624,KRX,defense,8185,PRX,attack,eco,KRX,PRX,KRX,PRX
473843,212532,624,PRX,attack,878,RRQ,defense,eco,PRX,PRX,PRX,RRQ
473843,212533,878,RRQ,defense,624,PRX,attack,eco,RRQ,PRX,PRX,RRQ
473843,212534,878,RRQ,defense,624,PRX,attack,eco,RRQ,PRX,RRQ,RRQ
473843,212535,624,PRX,attack,878,RRQ,defense,force,PRX,RRQ,RRQ,PRX
473843,212536,878,RRQ,defense,624,PRX,attack,eco,RRQ,RRQ,RRQ,RRQ
473844,212537,17,GEN,defense,878,RRQ,attack,eco,GEN,GEN,GEN,GEN
473844,212538,878,RRQ,attack,17,GEN,defense,eco,RRQ,RRQ,RRQ,RRQ
473844,212539,17,GEN,defense,878,RRQ,attack,eco,GEN,RRQ,GEN,RRQ
473844,212540,17,GEN,defense,878,RRQ,attack,eco,GEN,GEN,RRQ,RRQ
459517,206933,1034,NRG,attack,188,C9,defense,eco,NRG,C9,NRG,NRG
459517,206934,1034,NRG,attack,188,C9,defense,eco,C9,C9,C9,NRG
459517,206935,188,C9,defense,1034,NRG,attack,eco,C9,C9,C9,C9
459518,206936,6961,LOUD,attack,2355,KRÜ,defense,eco,LOUD,LOUD,LOUD,LOUD
459518,206937,2355,KRÜ,defense,6961,LOUD,attack,eco,KRÜ,LOUD,KRÜ,KRÜ
459518,206938,2355,KRÜ,defense,6961,LOUD,attack,eco,LOUD,LOUD,KRÜ,LOUD
459519,206939,2406,FUR,attack,11058,G2,defense,eco,FUR,FUR,FUR,FUR
459519,206940,11058,G2,defense,2406,FUR,attack,eco,FUR,FUR,FUR,G2
459520,206942,7386,MIBR,defense,2359,LEV,attack,eco,MIBR,LEV,MIBR,MIBR
459520,206943,7386,MIBR,defense,2359,LEV,attack,eco,MIBR,LEV,LEV,LEV
459521,206945,15072,2G,defense,5248,EG,attack,eco,EG,EG,2G,2G
459521,206946,5248,EG,attack,15072,2G,defense,eco,EG,EG,EG,EG
459522,206948,2,SEN,defense,120,100T,attack,eco,100T,100T,SEN,SEN
459522,206949,120,100T,attack,2,SEN,defense,eco,100T,100T,100T,SEN
459522,206950,2,SEN,defense,120,100T,attack,eco,SEN,SEN,SEN,SEN
459523,206951,2406,FUR,attack,1034,NRG,defense,eco,FUR,NRG,FUR,FUR
459523,206952,1034,NRG,defense,2406,FUR,attack,eco,NRG,NRG,FUR,NRG
459523,206953,1034,NRG,defense,2406,FUR,attack,eco,NRG,NRG,NRG,NRG
459524,206954,2,SEN,defense,2355,KRÜ,attack,eco,SEN,KRÜ,KRÜ,SEN
459524,206955,2355,KRÜ,attack,2,SEN,defense,eco,KRÜ,SEN,SEN,SEN
459525,206957,120,EG,attack,5248,100T,defense,eco,EG,EG,100T,100T
459525,206958,5248,100T,defense,120,EG,attack,eco,100T,EG,100T,EG
459526,206960,7386,MIBR,attack,11058,G2,defense,eco,MIBR,G2,G2,MIBR
459526,206961,11058,G2,defense,7386,MIBR,attack,eco,G2,G2,G2,MIBR
459526,206962,11058,G2,defense,7386,MIBR,attack,eco,G2,MIBR,G2,G2
459527,206963,6961,LOUD,defense,15072,2G,attack,eco,LOUD,LOUD,LOUD,2G
459527,206964,15072,2G,attack,6961,LOUD,defense,eco,2G,2G,2G,2G
459528,206966,188,LEV,defense,2359,C9,attack,eco,LEV,C9,C9,C9
459528,206967,2359,C9,attack,188,LEV,defense,eco,C9,C9,C9,C9
459529,206969,2,SEN,attack,5248,EG,defense,eco,SEN,SEN,EG,SEN
459529,206970,2,SEN,attack,5248,EG,defense,eco,SEN,EG,SEN,EG
459530,206972,6961,LOUD,attack,120,100T,defense,eco,LOUD,LOUD,LOUD,LOUD
459530,206973,120,100T,defense,6961,LOUD,attack,eco,LOUD,LOUD,LOUD,LOUD
459530,206974,6961,LOUD,attack,120,100T,defense,eco,LOUD,LOUD,LOUD,100T
459531,206975,2355,2G,defense,15072,KRÜ,attack,eco,2G,KRÜ,KRÜ,KRÜ
459531,206976,2355,2G,defense,15072,KRÜ,attack,eco,2G,KRÜ,2G,2G
459531,206977,15072,KRÜ,attack,2355,2G,defense,eco,KRÜ,KRÜ,KRÜ,KRÜ
459532,206978,11058,G2,defense,1034,NRG,attack,eco,G2,G2,G2,G2
459532,206979,1034,NRG,attack,11058,G2,defense,force,G2,G2,G2,G2
459533,206981,2359,LEV,attack,2406,FUR,defense,eco,LEV,LEV,LEV,LEV
459533,206982,2359,LEV,attack,2406,FUR,defense,eco,LEV,FUR,LEV,LEV
459534,206984,7386,MIBR,attack,188,C9,defense,eco,MIBR,MIBR,MIBR,C9
459534,206985,7386,MIBR,attack,188,C9,defense,eco,MIBR,C9,MIBR,MIBR
459534,206986,188,C9,defense,7386,MIBR,attack,force,C9,MIBR,MIBR,MIBR
459535,206987,120,2G,attack,15072,100T,defense,eco,2G,100T,2G,2G
459535,206988,120,2G,attack,15072,100T,defense,eco,2G,2G,100T,100T
459536,206990,2359,LEV,attack,11058,G2,defense,eco,LEV,G2,G2,G2
459536,206991,11058,G2,defense,2359,LEV,attack,eco,G2,G2,G2,LEV
459536,206992,2359,LEV,attack,11058,G2,defense,eco,LEV,G2,G2,G2
459537,206993,188,C9,attack,2406,FUR,defense,eco,C9,FUR,C9,C9
459537,206994,188,C9,attack,2406,FUR,defense,eco,C9,C9,C9,C9
459538,206996,6961,LOUD,attack,2,SEN,defense,eco,SEN,SEN,SEN,LOUD
459538,206997,2,SEN,defense,6961,LOUD,attack,eco,SEN,LOUD,LOUD,SEN
459538,211889,6961,LOUD,attack,2,SEN,defense,eco,SEN,SEN,SEN,SEN
459539,206999,5248,EG,attack,2355,KRÜ,defense,eco,EG,KRÜ,EG,EG
459539,207000,5248,EG,attack,2355,KRÜ,defense,eco,EG,EG,EG,EG
459540,207002,1034,NRG,defense,7386,MIBR,attack,eco,NRG,NRG,NRG,MIBR
459540,207003,1034,NRG,defense,7386,MIBR,attack,eco,MIBR,MIBR,MIBR,NRG
459541,207005,11058,C9,attack,188,G2,defense,eco,C9,G2,C9,G2
459541,207006,11058,C9,attack,188,G2,defense,eco,C9,C9,C9,G2
459541,207007,188,G2,defense,11058,C9,attack,eco,G2,G2,G2,C9
459542,207008,7386,MIBR,defense,2406,FUR,attack,eco,MIBR,FUR,FUR,FUR
459542,207009,7386,MIBR,defense,2406,FUR,attack,eco,MIBR,FUR,FUR,FUR
459542,207010,7386,MIBR,defense,2406,FUR,attack,eco,MIBR,FUR,MIBR,FUR
459543,207011,2,2G,attack,15072,SEN,defense,eco,2G,SEN,SEN,SEN
459543,207012,15072,SEN,defense,2,2G,attack,eco,SEN,SEN,SEN,2G
459544,207014,2355,100T,attack,120,KRÜ,defense,eco,100T,KRÜ,KRÜ,KRÜ
459544,207015,2355,100T,attack,120,KRÜ,defense,eco,100T,KRÜ,KRÜ,100T
459545,207017,5248,EG,defense,6961,LOUD,attack,eco,EG,LOUD,EG,EG
459545,207018,6961,LOUD,attack,5248,EG,defense,eco,LOUD,EG,LOUD,LOUD
459545,207019,6961,LOUD,attack,5248,EG,defense,eco,LOUD,EG,LOUD,LOUD
459546,207020,1034,NRG,attack,2359,LEV,defense,eco,NRG,LEV,LEV,NRG
459546,207021,1034,NRG,attack,2359,LEV,defense,eco,NRG,LEV,LEV,LEV
475897,213487,7386,MIBR,defense,120,100T,attack,eco,MIBR,MIBR,MIBR,100T
475897,213488,7386,MIBR,defense,120,100T,attack,eco,MIBR,MIBR,100T,MIBR
475898,213490,2,C9,attack,188,SEN,defense,eco,SEN,C9,SEN,SEN
475898,213491,188,SEN,defense,2,C9,attack,eco,SEN,SEN,SEN,C9
475903,213507,120,100T,defense,1034,NRG,attack,eco,100T,NRG,100T,NRG
475903,213508,1034,NRG,attack,120,100T,defense,eco,NRG,100T,NRG,NRG
475904,213510,188,EG,attack,5248,C9,defense,eco,C9,EG,EG,EG
475904,213511,5248,C9,defense,188,EG,attack,eco,C9,EG,C9,C9
475899,213493,7386,MIBR,attack,2355,KRÜ,defense,eco,MIBR,KRÜ,KRÜ,MIBR
475899,213494,7386,MIBR,attack,2355,KRÜ,defense,eco,MIBR,MIBR,MIBR,MIBR
475900,213496,11058,SEN,attack,2,G2,defense,force,SEN,SEN,G2,G2
475900,213497,2,G2,defense,11058,SEN,attack,eco,G2,SEN,SEN,SEN
475900,213498,11058,SEN,attack,2,G2,defense,force,G2,G2,SEN,SEN
475906,213516,5248,KRÜ,defense,2355,EG,attack,eco,KRÜ,KRÜ,KRÜ,EG
475906,213517,2355,EG,attack,5248,KRÜ,defense,eco,EG,KRÜ,EG,EG
475905,213513,11058,100T,attack,120,G2,defense,force,G2,G2,100T,G2
475905,213514,11058,100T,attack,120,G2,defense,eco,100T,100T,100T,G2
475905,213515,120,G2,defense,11058,100T,attack,eco,G2,100T,G2,G2
475901,213499,2,SEN,attack,7386,MIBR,defense,eco,SEN,SEN,SEN,SEN
475901,213500,2,SEN,attack,7386,MIBR,defense,eco,MIBR,MIBR,SEN,MIBR
475907,213519,11058,EG,attack,5248,G2,defense,eco,EG,G2,G2,G2
475907,213520,11058,EG,attack,5248,G2,defense,force,EG,G2,G2,G2
475907,213521,11058,EG,attack,5248,G2,defense,eco,EG,G2,EG,EG
475908,213522,7386,MIBR,defense,11058,G2,attack,force,MIBR,MIBR,G2,MIBR
475908,213523,11058,G2,attack,7386,MIBR,defense,eco,G2,MIBR,G2,G2
475908,213524,7386,MIBR,defense,11058,G2,attack,eco,MIBR,G2,G2,MIBR
475908,215607,11058,G2,attack,7386,MIBR,defense,eco,G2,MIBR,G2,MIBR
475902,213502,11058,G2,attack,2,SEN,defense,eco,G2,SEN,G2,SEN
475902,213503,2,SEN,defense,11058,G2,attack,eco,G2,G2,G2,G2
475902,213504,2,SEN,defense,11058,G2,attack,eco,SEN,SEN,SEN,SEN
475902,213505,11058,G2,attack,2,SEN,defense,eco,G2,SEN,SEN,SEN
448598,202495,1120,TL,attack,474,EDG,defense,eco,TL,EDG,EDG,EDG
448598,202496,1120,TL,attack,474,EDG,defense,eco,TL,EDG,TL,EDG
448600,202501,2,KRX,defense,8185,SEN,attack,eco,KRX,SEN,KRX,KRX
448600,202502,8185,SEN,attack,2,KRX,defense,eco,SEN,KRX,KRX,KRX
448599,202498,2059,VIT,defense,14,T1,attack,eco,VIT,T1,T1,T1
448599,202499,2059,VIT,defense,14,T1,attack,eco,VIT,VIT,VIT,T1
448597,202492,11058,TE,attack,12685,G2,defense,eco,TE,G2,G2,TE
448597,202493,12685,G2,defense,11058,TE,attack,eco,G2,TE,TE,TE
449000,202765,8185,VIT,attack,2059,KRX,defense,eco,VIT,VIT,KRX,VIT
449000,202766,2059,KRX,defense,8185,VIT,attack,force,VIT,VIT,KRX,VIT
449000,202767,2059,KRX,defense,8185,VIT,attack,eco,KRX,VIT,VIT,KRX
449001,202768,11058,EDG,defense,1120,G2,attack,eco,EDG,G2,EDG,EDG
449001,202769,11058,EDG,defense,1120,G2,attack,eco,EDG,G2,EDG,EDG
449001,202770,11058,EDG,defense,1120,G2,attack,eco,EDG,EDG,EDG,EDG
449002,202771,12685,TE,attack,14,T1,defense,eco,T1,T1,TE,T1
449002,202772,14,T1,defense,12685,TE,attack,eco,T1,T1,T1,TE
449003,202774,474,SEN,attack,2,TL,defense,eco,SEN,TL,SEN,TL
449003,202775,2,TL,defense,474,SEN,attack,eco,TL,SEN,SEN,SEN
449003,202776,2,TL,defense,474,SEN,attack,eco,TL,TL,TL,TL
449004,202777,8185,KRX,attack,14,T1,defense,eco,KRX,KRX,KRX,T1
449004,202778,14,T1,defense,8185,KRX,attack,eco,T1,KRX,T1,KRX
449005,202780,11058,TL,attack,474,G2,defense,eco,TL,G2,TL,G2
449005,202781,11058,TL,attack,474,G2,defense,eco,TL,TL,G2,TL
449008,202783,1120,EDG,defense,14,T1,attack,eco,EDG,EDG,EDG,EDG
449008,202784,14,T1,attack,1120,EDG,defense,eco,T1,EDG,EDG,T1
449008,202785,14,T1,attack,1120,EDG,defense,eco,T1,EDG,EDG,T1
449009,202786,2059,VIT,defense,11058,G2,attack,eco,VIT,VIT,G2,G2
449009,202787,11058,G2,attack,2059,VIT,defense,eco,G2,G2,G2,VIT
449010,202789,11058,EDG,defense,1120,G2,attack,eco,EDG,G2,G2,EDG
449010,202790,11058,EDG,defense,1120,G2,attack,eco,EDG,G2,EDG,G2
449012,202797,2059,VIT,attack,14,T1,defense,eco,T1,T1,T1,T1
449012,202798,14,T1,defense,2059,VIT,attack,force,T1,T1,T1,VIT
449012,202799,2059,VIT,attack,14,T1,defense,eco,T1,T1,VIT,T1
449013,202800,14,T1,attack,1120,EDG,defense,eco,T1,T1,T1,T1
449013,202801,14,T1,attack,1120,EDG,defense,eco,EDG,EDG,EDG,EDG
449013,202802,1120,EDG,defense,14,T1,attack,eco,EDG,T1,EDG,EDG
449013,202803,14,T1,attack,1120,EDG,defense,eco,T1,EDG,T1,EDG
449011,202792,14,T1,attack,11058,G2,defense,force,G2,G2,G2,T1
449011,202793,11058,G2,defense,14,T1,attack,eco,G2,T1,G2,G2
449011,202794,14,T1,attack,11058,G2,defense,eco,T1,T1,T1,T1
449011,202795,14,T1,attack,11058,G2,defense,eco,T1,G2,G2,G2
449011,202796,14,T1,attack,11058,G2,defense,eco,T1,T1,T1,G2
429381,196073,397,GX,attack,14419,BBL,defense,eco,GX,GX,GX,BBL
429381,196074,14419,BBL,defense,397,GX,attack,eco,BBL,BBL,GX,GX
429381,196075,14419,BBL,defense,397,GX,attack,eco,BBL,BBL,GX,BBL
429380,196070,4915,KC,defense,8877,NAVI,attack,eco,KC,NAVI,KC,KC
429380,196071,4915,KC,defense,8877,NAVI,attack,eco,KC,KC,KC,KC
429380,196072,8877,NAVI,attack,4915,KC,defense,eco,NAVI,KC,KC,KC
429379,196067,474,TL,defense,7035,MKOI,attack,eco,MKOI,MKOI,TL,TL
429379,196068,474,TL,defense,7035,MKOI,attack,eco,TL,TL,TL,TL
429379,196069,7035,MKOI,attack,474,TL,defense,eco,MKOI,TL,TL,TL
429382,196076,11479,M8,attack,12694,APK,defense,eco,M8,APK,APK,M8
429382,196077,11479,M8,attack,12694,APK,defense,eco,M8,APK,M8,M8
429385,196085,2593,BBL,attack,397,FNC,defense,eco,BBL,FNC,BBL,FNC
429385,196086,397,FNC,defense,2593,BBL,attack,eco,BBL,FNC,FNC,FNC
429385,196087,397,FNC,defense,2593,BBL,attack,eco,FNC,FNC,BBL,FNC
429384,196082,2059,VIT,defense,8877,KC,attack,eco,VIT,VIT,KC,VIT
429384,196083,8877,KC,attack,2059,VIT,defense,eco,KC,VIT,VIT,VIT
429384,196084,2059,VIT,defense,8877,KC,attack,eco,VIT,VIT,VIT,VIT
429383,196079,1184,FUT,defense,474,TL,attack,eco,FUT,TL,FUT,FUT
429383,196080,1184,FUT,defense,474,TL,attack,eco,FUT,FUT,FUT,FUT
429386,196088,1001,M8,attack,12694,TH,defense,eco,M8,M8,M8,M8
429386,196089,12694,TH,defense,1001,M8,attack,eco,TH,TH,TH,M8
429386,196090,12694,TH,defense,1001,M8,attack,eco,TH,M8,TH,TH
429393,196111,8877,KC,defense,14419,GX,attack,eco,KC,GX,KC,KC
429393,196112,8877,KC,defense,14419,GX,attack,eco,GX,GX,GX,GX
429393,196113,8877,KC,defense,14419,GX,attack,eco,KC,GX,GX,GX
429392,196108,4915,FNC,defense,2593,NAVI,attack,eco,FNC,FNC,FNC,NAVI
429392,196109,4915,FNC,defense,2593,NAVI,attack,eco,FNC,FNC,NAVI,NAVI
429392,196110,2593,NAVI,attack,4915,FNC,defense,eco,NAVI,FNC,FNC,FNC
429394,196114,11479,APK,attack,474,TL,defense,eco,APK,TL,APK,APK
429394,196115,11479,APK,attack,474,TL,defense,eco,APK,APK,APK,APK
429394,196116,474,TL,defense,11479,APK,attack,eco,TL,TL,APK,TL
429391,196105,12694,M8,defense,7035,MKOI,attack,eco,M8,M8,M8,M8
429391,196106,7035,MKOI,attack,12694,M8,defense,eco,MKOI,MKOI,MKOI,MKOI
429391,196107,12694,M8,defense,7035,MKOI,attack,eco,MKOI,MKOI,M8,M8
429388,196094,1001,TH,attack,397,BBL,defense,eco,TH,BBL,BBL,BBL
429388,196095,1001,TH,attack,397,BBL,defense,eco,TH,TH,TH,TH
429387,196091,1184,FUT,defense,2059,VIT,attack,force,FUT,VIT,VIT,VIT
429387,196092,2059,VIT,attack,1184,FUT,defense,eco,VIT,VIT,FUT,VIT
429395,196117,2593,FNC,attack,12694,M8,defense,eco,FNC,FNC,FNC,FNC
429395,196118,12694,M8,defense,2593,FNC,attack,eco,M8,FNC,FNC,FNC
429396,196120,474,TL,attack,14419,GX,defense,eco,TL,TL,TL,GX
429396,196121,474,TL,attack,14419,GX,defense,eco,TL,TL,TL,TL
429397,196123,1184,FUT,defense,2593,FNC,attack,eco,FUT,FNC,FNC,FNC
429397,196124,1184,FUT,defense,2593,FNC,attack,eco,FNC,FNC,FUT,FUT
429398,196126,397,TL,attack,474,BBL,defense,eco,BBL,TL,TL,TL
429398,196127,474,BBL,defense,397,TL,attack,eco,BBL,TL,TL,TL
429398,196128,474,BBL,defense,397,TL,attack,eco,BBL,TL,TL,TL
429389,196097,2059,VIT,defense,1001,TH,attack,eco,VIT,VIT,TH,VIT
429389,196098,2059,VIT,defense,1001,TH,attack,eco,VIT,VIT,VIT,VIT
429400,196129,474,TL,attack,1184,FUT,defense,eco,TL,FUT,TL,TL
429400,196130,474,TL,attack,1184,FUT,defense,eco,TL,FUT,FUT,FUT
429400,196131,1184,FUT,defense,474,TL,attack,eco,TL,TL,FUT,TL
429401,196132,474,TL,attack,1001,TH,defense,eco,TL,TL,TL,TH
429401,196133,1001,TH,defense,474,TL,attack,eco,TL,TL,TL,TL
429401,196134,474,TL,attack,1001,TH,defense,eco,TL,TH,TH,TH
429390,196100,474,TL,attack,2059,VIT,defense,eco,TL,TL,TL,TL
429390,196101,474,TL,attack,2059,VIT,defense,eco,TL,VIT,TL,TL
429390,196102,2059,VIT,defense,474,TL,attack,eco,VIT,VIT,VIT,TL
429390,196103,474,TL,attack,2059,VIT,defense,eco,TL,TL,VIT,VIT
429390,196104,2059,VIT,defense,474,TL,attack,eco,VIT,VIT,VIT,VIT
430514,196410,466,BME,defense,14,T1,attack,force,BME,T1,T1,T1
430514,196411,466,BME,defense,14,T1,attack,eco,BME,BME,BME,T1
430514,196412,466,BME,defense,14,T1,attack,eco,BME,T1,T1,T1
430515,196413,11060,ZETA,defense,5448,NS,attack,eco,ZETA,ZETA,ZETA,NS
430515,196414,5448,NS,attack,11060,ZETA,defense,eco,NS,ZETA,ZETA,NS
430516,196416,918,TS,attack,6199,GE,defense,eco,TS,GE,TS,TS
430516,196417,6199,GE,defense,918,TS,attack,eco,GE,TS,TS,TS
430516,196418,6199,GE,defense,918,TS,attack,eco,GE,GE,TS,TS
430517,196419,878,DFM,defense,278,RRQ,attack,eco,DFM,RRQ,DFM,DFM
430517,196420,278,RRQ,attack,878,DFM,defense,eco,RRQ,DFM,RRQ,RRQ
430517,196421,278,RRQ,attack,878,DFM,defense,eco,RRQ,RRQ,DFM,RRQ
430521,196431,8185,NS,attack,11060,KRX,defense,eco,NS,KRX,KRX,KRX
430521,196432,8185,NS,attack,11060,KRX,defense,eco,NS,KRX,NS,NS
430521,196433,11060,KRX,defense,8185,NS,attack,eco,KRX,NS,KRX,KRX
430518,196422,14,T1,attack,624,PRX,defense,eco,T1,T1,T1,T1
430518,196423,624,PRX,defense,14,T1,attack,eco,T1,T1,T1,PRX
430518,196424,624,PRX,defense,14,T1,attack,eco,PRX,T1,T1,T1
430519,196425,918,TLN,defense,8304,GE,attack,eco,TLN,GE,GE,GE
430519,196426,8304,GE,attack,918,TLN,defense,force,TLN,TLN,GE,TLN
430519,196427,918,TLN,defense,8304,GE,attack,eco,TLN,TLN,GE,TLN
430520,196428,17,RRQ,attack,878,GEN,defense,eco,RRQ,RRQ,RRQ,GEN
430520,196429,17,RRQ,attack,878,GEN,defense,eco,RRQ,GEN,RRQ,RRQ
430520,196430,17,RRQ,attack,878,GEN,defense,eco,RRQ,RRQ,GEN,GEN
430526,196448,466,NS,defense,11060,BME,attack,eco,NS,BME,NS,NS
430526,196449,11060,BME,attack,466,NS,defense,eco,BME,BME,NS,NS
430526,196450,11060,BME,attack,466,NS,defense,force,BME,NS,NS,NS
430529,196457,5448,PRX,defense,624,ZETA,attack,eco,PRX,PRX,ZETA,PRX
430529,196458,5448,PRX,defense,624,ZETA,attack,eco,PRX,ZETA,ZETA,ZETA
430527,196451,878,TS,attack,6199,RRQ,defense,eco,TS,RRQ,TS,TS
430527,196452,6199,RRQ,defense,878,TS,attack,eco,RRQ,RRQ,TS,RRQ
430527,196453,6199,RRQ,defense,878,TS,attack,eco,RRQ,RRQ,RRQ,RRQ
430528,196454,918,DFM,attack,278,GE,defense,eco,DFM,DFM,DFM,DFM
430528,196455,918,DFM,attack,278,GE,defense,eco,DFM,GE,GE,GE
430522,196434,14,T1,defense,8304,TLN,attack,eco,T1,T1,T1,TLN
430522,196435,8304,TLN,attack,14,T1,defense,eco,TLN,T1,TLN,TLN
430522,196436,8304,TLN,attack,14,T1,defense,eco,TLN,T1,T1,T1
430523,196437,8185,GEN,defense,17,KRX,attack,eco,GEN,KRX,GEN,KRX
430523,196438,17,KRX,attack,8185,GEN,defense,force,GEN,GEN,GEN,KRX
430530,196460,878,NS,defense,11060,RRQ,attack,eco,NS,NS,NS,RRQ
430530,196461,11060,RRQ,attack,878,NS,defense,force,NS,NS,NS,RRQ
430530,196462,11060,RRQ,attack,878,NS,defense,eco,RRQ,RRQ,NS,NS
430531,196463,278,DFM,defense,624,PRX,attack,force,DFM,PRX,PRX,PRX
430531,196464,278,DFM,defense,624,PRX,attack,eco,DFM,DFM,DFM,DFM
430532,196466,11060,TLN,defense,8304,NS,attack,eco,TLN,NS,NS,NS
430532,196467,11060,TLN,defense,8304,NS,attack,eco,TLN,NS,TLN,NS
430532,196468,11060,TLN,defense,8304,NS,attack,eco,TLN,NS,TLN,TLN
430533,196469,278,GEN,defense,17,DFM,attack,eco,GEN,GEN,GEN,GEN
430533,196470,17,DFM,attack,278,GEN,defense,eco,DFM,GEN,GEN,GEN
430524,196440,8185,KRX,attack,14,T1,defense,eco,KRX,KRX,KRX,KRX
430524,196441,8185,KRX,attack,14,T1,defense,eco,KRX,T1,KRX,KRX
430524,196442,8185,KRX,attack,14,T1,defense,eco,T1,KRX,KRX,T1
430534,196472,8304,TLN,defense,17,GEN,attack,eco,TLN,TLN,GEN,GEN
430534,196473,17,GEN,attack,8304,TLN,defense,eco,GEN,GEN,GEN,GEN
430535,196475,14,T1,defense,17,GEN,attack,eco,T1,GEN,T1,T1
430535,196476,17,GEN,attack,14,T1,defense,eco,GEN,T1,T1,T1
430535,196477,14,T1,defense,17,GEN,attack,eco,GEN,GEN,GEN,GEN
430535,196478,17,GEN,attack,14,T1,defense,eco,T1,T1,GEN,GEN
430535,196479,14,T1,defense,17,GEN,attack,eco,T1,T1,T1,T1
430525,196443,8185,KRX,defense,14,T1,attack,eco,KRX,KRX,KRX,T1
430525,196444,14,T1,attack,8185,KRX,defense,eco,T1,T1,T1,T1
430525,196445,8185,KRX,defense,14,T1,attack,eco,KRX,KRX,KRX,T1
430525,196446,14,T1,attack,8185,KRX,defense,eco,KRX,KRX,KRX,KRX
430525,196447,14,T1,attack,8185,KRX,defense,eco,KRX,KRX,KRX,KRX
427991,195761,6961,LOUD,attack,5248,EG,defense,eco,LOUD,EG,EG,EG
427991,195762,5248,EG,defense,6961,LOUD,attack,eco,EG,LOUD,LOUD,LOUD
427992,195764,120,100T,attack,7386,MIBR,defense,eco,100T,100T,100T,100T
427992,195765,120,100T,attack,7386,MIBR,defense,eco,100T,MIBR,MIBR,MIBR
427994,195770,15072,2G,defense,2406,FUR,attack,eco,FUR,FUR,FUR,FUR
427994,195771,2406,FUR,attack,15072,2G,defense,eco,FUR,2G,FUR,FUR
427993,195767,188,C9,attack,1034,NRG,defense,eco,C9,C9,NRG,C9
427993,195768,188,C9,attack,1034,NRG,defense,eco,C9,NRG,C9,C9
427995,195773,6961,LOUD,attack,2355,KRÜ,defense,eco,LOUD,LOUD,KRÜ,LOUD
427995,195774,6961,LOUD,attack,2355,KRÜ,defense,eco,LOUD,KRÜ,KRÜ,KRÜ
427996,195776,2,SEN,defense,120,100T,attack,eco,SEN,100T,100T,SEN
427996,195777,120,100T,attack,2,SEN,defense,eco,100T,100T,100T,SEN
427996,195778,2,SEN,defense,120,100T,attack,eco,SEN,100T,100T,SEN
427998,195782,2406,LEV,defense,2359,FUR,attack,eco,LEV,FUR,LEV,LEV
427998,195783,2406,LEV,defense,2359,FUR,attack,eco,LEV,LEV,FUR,LEV
427997,195779,188,G2,defense,11058,C9,attack,eco,G2,C9,G2,G2
427997,195780,188,G2,defense,11058,C9,attack,eco,G2,C9,C9,G2
428003,195799,2406,EG,attack,5248,FUR,defense,eco,EG,FUR,EG,FUR
428003,195800,2406,EG,attack,5248,FUR,defense,eco,EG,EG,EG,FUR
428004,195802,188,C9,defense,7386,MIBR,attack,eco,C9,C9,C9,MIBR
428004,195803,7386,MIBR,attack,188,C9,defense,eco,MIBR,MIBR,MIBR,MIBR
428004,195804,188,C9,defense,7386,MIBR,attack,eco,C9,C9,MIBR,MIBR
428006,195808,15072,KRÜ,defense,2355,2G,attack,eco,KRÜ,KRÜ,KRÜ,2G
428006,195809,15072,KRÜ,defense,2355,2G,attack,eco,KRÜ,KRÜ,KRÜ,KRÜ
428005,195805,120,100T,defense,1034,NRG,attack,eco,100T,NRG,NRG,NRG
428005,195806,1034,NRG,attack,120,100T,defense,eco,NRG,100T,100T,100T
428005,195807,1034,NRG,attack,120,100T,defense,eco,NRG,NRG,NRG,100T
427999,195785,6961,LOUD,defense,2,SEN,attack,eco,LOUD,SEN,SEN,SEN
427999,195786,6961,LOUD,defense,2,SEN,attack,eco,LOUD,SEN,LOUD,LOUD
427999,195787,6961,LOUD,defense,2,SEN,attack,eco,LOUD,LOUD,LOUD,SEN
428000,195788,2359,LEV,attack,11058,G2,defense,eco,LEV,G2,G2,G2
428000,195789,11058,G2,defense,2359,LEV,attack,eco,G2,G2,LEV,LEV
428007,195811,5248,EG,defense,7386,MIBR,attack,eco,EG,MIBR,EG,MIBR
428007,195812,7386,MIBR,attack,5248,EG,defense,force,MIBR,MIBR,EG,MIBR
428008,195814,2355,KRÜ,attack,1034,NRG,defense,force,KRÜ,KRÜ,NRG,NRG
428008,195815,2355,KRÜ,attack,1034,NRG,defense,force,KRÜ,KRÜ,KRÜ,NRG
428008,195816,1034,NRG,defense,2355,KRÜ,attack,eco,KRÜ,KRÜ,KRÜ,KRÜ
428009,195817,7386,MIBR,attack,2359,LEV,defense,eco,MIBR,MIBR,MIBR,LEV
428009,195818,2359,LEV,defense,7386,MIBR,attack,eco,LEV,MIBR,MIBR,MIBR
428009,195819,7386,MIBR,attack,2359,LEV,defense,eco,MIBR,LEV,LEV,MIBR
428010,195820,2355,KRÜ,attack,6961,LOUD,defense,eco,KRÜ,LOUD,KRÜ,KRÜ
428010,195821,2355,KRÜ,attack,6961,LOUD,defense,eco,KRÜ,LOUD,KRÜ,KRÜ
428001,195791,2,G2,attack,11058,SEN,defense,eco,G2,G2,G2,G2
428001,195792,11058,SEN,defense,2,G2,attack,eco,SEN,G2,G2,G2
428011,195823,7386,MIBR,defense,2355,KRÜ,attack,eco,MIBR,MIBR,MIBR,KRÜ
428011,195824,2355,KRÜ,attack,7386,MIBR,defense,eco,KRÜ,MIBR,MIBR,MIBR
428011,195825,7386,MIBR,defense,2355,KRÜ,attack,eco,MIBR,KRÜ,KRÜ,MIBR
428012,195826,2,SEN,defense,7386,MIBR,attack,eco,SEN,MIBR,SEN,SEN
428012,195827,7386,MIBR,attack,2,SEN,defense,eco,SEN,SEN,SEN,SEN
428012,195828,2,SEN,defense,7386,MIBR,attack,eco,SEN,SEN,MIBR,MIBR
428012,195829,2,SEN,defense,7386,MIBR,attack,eco,SEN,SEN,SEN,MIBR
428002,195794,2,SEN,attack,11058,G2,defense,eco,SEN,G2,SEN,SEN
428002,195795,11058,G2,defense,2,SEN,attack,eco,G2,G2,SEN,SEN
428002,195796,11058,G2,defense,2,SEN,attack,eco,G2,SEN,SEN,SEN
428002,195797,11058,G2,defense,2,SEN,attack,eco,G2,SEN,G2,G2
428002,195798,11058,G2,defense,2,SEN,attack,eco,G2,G2,G2,SEN
378662,180369,2,GEN,defense,17,SEN,attack,eco,GEN,SEN,SEN,SEN
378662,180370,2,GEN,defense,17,SEN,attack,eco,GEN,GEN,GEN,SEN
378663,180372,1001,TH,attack,11328,FPX,defense,eco,TH,FPX,TH,TH
378663,180373,11328,FPX,defense,1001,TH,attack,eco,FPX,TH,FPX,TH
378663,180374,1001,TH,attack,11328,FPX,defense,eco,TH,FPX,FPX,TH
378657,180357,8185,KRÜ,attack,2355,KRX,defense,eco,KRÜ,KRX,KRÜ,KRÜ
378657,180358,2355,KRX,defense,8185,KRÜ,attack,eco,KRÜ,KRÜ,KRX,KRX
378657,180359,2355,KRX,defense,8185,KRÜ,attack,eco,KRX,KRX,KRX,KRX
378656,180354,12010,FNC,defense,2593,BLG,attack,eco,BLG,BLG,BLG,FNC
378656,180355,12010,FNC,defense,2593,BLG,attack,eco,FNC,FNC,FNC,BLG
378667,180384,8304,LEV,defense,2359,TLN,attack,eco,LEV,LEV,LEV,TLN
378667,180385,8304,LEV,defense,2359,TLN,attack,eco,LEV,TLN,TLN,TLN
378669,180387,2059,TE,attack,12685,VIT,defense,eco,TE,VIT,TE,TE
378669,180388,2059,TE,attack,12685,VIT,defense,eco,TE,VIT,TE,VIT
378669,180389,12685,VIT,defense,2059,TE,attack,eco,VIT,VIT,TE,VIT
378674,180402,624,G2,defense,11058,PRX,attack,eco,G2,PRX,G2,PRX
378674,180403,624,G2,defense,11058,PRX,attack,force,G2,G2,G2,G2
378673,180399,1184,EDG,defense,1120,FUT,attack,eco,EDG,FUT,EDG,EDG
378673,180400,1184,EDG,defense,1120,FUT,attack,eco,EDG,FUT,EDG,FUT
378664,180375,1001,GEN,defense,17,TH,attack,eco,GEN,TH,GEN,TH
378664,180376,17,TH,attack,1001,GEN,defense,eco,TH,GEN,GEN,GEN
378664,180377,17,TH,attack,1001,GEN,defense,eco,TH,GEN,GEN,TH
378658,180360,8185,FNC,defense,2593,KRX,attack,eco,FNC,KRX,FNC,KRX
378658,180361,8185,FNC,defense,2593,KRX,attack,force,FNC,KRX,KRX,KRX
378670,180390,2359,TE,attack,12685,LEV,defense,eco,TE,LEV,LEV,LEV
378670,180391,2359,TE,attack,12685,LEV,defense,eco,TE,LEV,TE,TE
378670,180392,12685,LEV,defense,2359,TE,attack,eco,TE,TE,LEV,TE
378675,180405,11058,EDG,defense,1120,G2,attack,eco,EDG,EDG,EDG,EDG
378675,180406,11058,EDG,defense,1120,G2,attack,eco,EDG,G2,G2,G2
378675,180407,1120,G2,attack,11058,EDG,defense,eco,G2,EDG,G2,G2
378665,180378,2,FPX,attack,11328,SEN,defense,eco,FPX,FPX,SEN,SEN
378665,180379,11328,SEN,defense,2,FPX,attack,eco,SEN,FPX,FPX,SEN
378659,180363,2355,BLG,defense,12010,KRÜ,attack,eco,BLG,KRÜ,KRÜ,BLG
378659,180364,12010,KRÜ,attack,2355,BLG,defense,eco,KRÜ,KRÜ,KRÜ,KRÜ
378671,180393,2059,VIT,attack,8304,TLN,defense,eco,VIT,VIT,VIT,TLN
378671,180394,2059,VIT,attack,8304,TLN,defense,eco,VIT,TLN,TLN,VIT
378676,180408,624,PRX,attack,1184,FUT,defense,eco,PRX,FUT,FUT,PRX
378676,180409,624,PRX,attack,1184,FUT,defense,eco,PRX,PRX,PRX,PRX
378666,180381,17,SEN,attack,2,GEN,defense,eco,SEN,SEN,GEN,SEN
378666,180382,17,SEN,attack,2,GEN,defense,eco,SEN,SEN,SEN,SEN
378660,180366,2593,KRÜ,attack,2355,FNC,defense,eco,KRÜ,KRÜ,KRÜ,FNC
378660,180367,2355,FNC,defense,2593,KRÜ,attack,eco,FNC,KRÜ,KRÜ,KRÜ
378660,180368,2355,FNC,defense,2593,KRÜ,attack,eco,FNC,FNC,KRÜ,FNC
378672,180396,2359,LEV,defense,2059,VIT,attack,eco,LEV,VIT,LEV,VIT
378672,180397,2359,LEV,defense,2059,VIT,attack,eco,LEV,LEV,LEV,LEV
378677,180411,624,PRX,attack,1120,EDG,defense,eco,PRX,PRX,EDG,PRX
378677,180412,624,PRX,attack,1120,EDG,defense,eco,PRX,EDG,EDG,EDG
378677,180413,1120,EDG,defense,624,PRX,attack,eco,EDG,EDG,EDG,EDG
378822,180414,2,KRX,defense,8185,SEN,attack,eco,KRX,SEN,SEN,SEN
378822,180415,2,KRX,defense,8185,SEN,attack,eco,KRX,SEN,KRX,SEN
378823,180417,1120,EDG,attack,12685,TE,defense,eco,EDG,EDG,EDG,EDG
378823,180418,1120,EDG,attack,12685,TE,defense,eco,EDG,TE,EDG,EDG
378824,180420,2359,G2,defense,11058,LEV,attack,eco,G2,LEV,G2,G2
378824,180421,11058,LEV,attack,2359,G2,defense,eco,LEV,LEV,LEV,G2
378825,180423,2593,TH,defense,1001,FNC,attack,eco,TH,TH,FNC,FNC
378825,180424,2593,TH,defense,1001,FNC,attack,eco,TH,TH,TH,TH
378831,180440,12685,KRX,defense,8185,TE,attack,eco,KRX,TE,KRX,KRX
378831,180441,12685,KRX,defense,8185,TE,attack,eco,KRX,KRX,KRX,KRX
378832,180443,11058,FNC,attack,2593,G2,defense,eco,FNC,FNC,FNC,FNC
378832,180444,2593,G2,defense,11058,FNC,attack,eco,FNC,FNC,FNC,FNC
378826,180426,2,EDG,attack,1120,SEN,defense,eco,EDG,SEN,SEN,SEN
378826,180427,1120,SEN,defense,2,EDG,attack,eco,SEN,EDG,SEN,SEN
378826,180428,2,EDG,attack,1120,SEN,defense,eco,EDG,EDG,SEN,EDG
378827,180429,2359,LEV,defense,1001,TH,attack,eco,LEV,LEV,TH,LEV
378827,180430,1001,TH,attack,2359,LEV,defense,eco,TH,LEV,TH,LEV
378834,180449,2593,FNC,attack,2,SEN,defense,eco,FNC,FNC,SEN,SEN
378834,180450,2593,FNC,attack,2,SEN,defense,eco,FNC,SEN,SEN,FNC
378834,180451,2593,FNC,attack,2,SEN,defense,eco,FNC,SEN,SEN,SEN
378833,180446,1001,KRX,attack,8185,TH,defense,eco,KRX,TH,KRX,KRX
378833,180447,8185,TH,defense,1001,KRX,attack,eco,TH,KRX,TH,TH
378833,180448,8185,TH,defense,1001,KRX,attack,eco,TH,KRX,TH,KRX
378828,180432,1120,LEV,attack,2359,EDG,defense,eco,LEV,EDG,EDG,LEV
378828,180433,2359,EDG,defense,1120,LEV,attack,eco,EDG,LEV,EDG,EDG
378828,182971,1120,LEV,attack,2359,EDG,defense,eco,LEV,EDG,LEV,LEV
378835,180452,1001,SEN,attack,2,TH,defense,eco,SEN,SEN,SEN,TH
378835,180453,2,TH,defense,1001,SEN,attack,eco,TH,SEN,SEN,SEN
378835,180454,2,TH,defense,1001,SEN,attack,eco,TH,TH,TH,SEN
378836,180455,2359,LEV,defense,1001,TH,attack,eco,LEV,LEV,TH,TH
378836,180456,1001,TH,attack,2359,LEV,defense,eco,TH,LEV,TH,TH
378836,180457,2359,LEV,defense,1001,TH,attack,eco,LEV,TH,LEV,TH
378836,180458,1001,TH,attack,2359,LEV,defense,eco,TH,LEV,TH,TH
378829,180435,1120,EDG,defense,1001,TH,attack,eco,EDG,TH,TH,TH
378829,180436,1120,EDG,defense,1001,TH,attack,eco,EDG,EDG,EDG,EDG
378829,180437,1120,EDG,defense,1001,TH,attack,eco,TH,EDG,EDG,TH
378829,180438,1001,TH,attack,1120,EDG,defense,eco,TH,EDG,EDG,TH
378829,180439,1120,EDG,defense,1001,TH,attack,eco,EDG,TH,TH,EDG
353177,173415,7386,MIBR,defense,2359,LEV,attack,eco,MIBR,LEV,MIBR,MIBR
353177,173416,7386,MIBR,defense,2359,LEV,attack,eco,LEV,LEV,LEV,LEV
353178,173418,1034,NRG,attack,2,SEN,defense,eco,NRG,SEN,SEN,SEN
353178,173419,2,SEN,defense,1034,NRG,attack,eco,SEN,SEN,SEN,NRG
353179,173421,120,100T,attack,2406,FUR,defense,eco,100T,100T,100T,FUR
353179,173422,2406,FUR,defense,120,100T,attack,eco,FUR,FUR,FUR,100T
353180,173424,6961,LOUD,defense,5248,EG,attack,force,LOUD,LOUD,LOUD,EG
353180,173425,5248,EG,attack,6961,LOUD,defense,eco,EG,EG,LOUD,LOUD
353180,173426,6961,LOUD,defense,5248,EG,attack,eco,LOUD,EG,LOUD,LOUD
353181,173427,11058,G2,defense,188,C9,attack,eco,G2,C9,C9,C9
353181,173428,188,C9,attack,11058,G2,defense,eco,C9,C9,C9,C9
353181,173429,11058,G2,defense,188,C9,attack,eco,G2,G2,C9,C9
353182,173430,5248,FUR,attack,2406,EG,defense,eco,EG,EG,FUR,EG
353182,173431,2406,EG,defense,5248,FUR,attack,eco,EG,EG,EG,EG
353183,173433,2,KRÜ,attack,2355,SEN,defense,eco,KRÜ,SEN,SEN,SEN
353183,173434,2,KRÜ,attack,2355,SEN,defense,eco,KRÜ,KRÜ,SEN,KRÜ
353184,173436,6961,LOUD,defense,7386,MIBR,attack,eco,LOUD,LOUD,LOUD,MIBR
353184,173437,6961,LOUD,defense,7386,MIBR,attack,eco,LOUD,MIBR,LOUD,LOUD
353184,173438,6961,LOUD,defense,7386,MIBR,attack,eco,MIBR,MIBR,LOUD,LOUD
353185,173439,2359,100T,attack,120,LEV,defense,eco,100T,LEV,LEV,LEV
353185,173440,120,LEV,defense,2359,100T,attack,eco,LEV,LEV,LEV,LEV
353186,173442,11058,G2,attack,1034,NRG,defense,eco,G2,G2,G2,G2
353186,173443,11058,G2,attack,1034,NRG,defense,eco,G2,G2,G2,G2
353187,173445,2,C9,attack,188,SEN,defense,eco,SEN,SEN,SEN,SEN
353187,173446,2,C9,attack,188,SEN,defense,eco,C9,SEN,C9,SEN
353188,173448,5248,LEV,attack,2359,EG,defense,eco,LEV,EG,EG,LEV
353188,173449,5248,LEV,attack,2359,EG,defense,eco,LEV,EG,EG,LEV
353189,173451,6961,LOUD,defense,2406,FUR,attack,eco,LOUD,FUR,LOUD,FUR
353189,173452,6961,LOUD,defense,2406,FUR,attack,eco,LOUD,FUR,FUR,LOUD
353189,173453,6961,LOUD,defense,2406,FUR,attack,force,LOUD,FUR,LOUD,LOUD
353190,173454,7386,MIBR,defense,120,100T,attack,eco,MIBR,100T,100T,100T
353190,173455,120,100T,attack,7386,MIBR,defense,eco,100T,MIBR,100T,100T
353191,173457,2355,KRÜ,attack,1034,NRG,defense,eco,KRÜ,NRG,KRÜ,KRÜ
353191,173458,1034,NRG,defense,2355,KRÜ,attack,eco,NRG,KRÜ,KRÜ,KRÜ
353191,173459,1034,NRG,defense,2355,KRÜ,attack,eco,NRG,NRG,NRG,NRG
353192,173460,2355,G2,defense,11058,KRÜ,attack,force,KRÜ,KRÜ,KRÜ,KRÜ
353192,173461,2355,G2,defense,11058,KRÜ,attack,eco,G2,KRÜ,G2,KRÜ
353192,173462,2355,G2,defense,11058,KRÜ,attack,eco,G2,KRÜ,KRÜ,G2
353193,173463,2359,LEV,attack,6961,LOUD,defense,eco,LEV,LEV,LOUD,LOUD
353193,173464,2359,LEV,attack,6961,LOUD,defense,eco,LEV,LOUD,LEV,LEV
353194,173466,2406,FUR,attack,7386,MIBR,defense,eco,FUR,FUR,FUR,MIBR
353194,173467,7386,MIBR,defense,2406,FUR,attack,eco,MIBR,FUR,FUR,FUR
353195,173469,1034,NRG,defense,188,C9,attack,eco,NRG,NRG,NRG,NRG
353195,173470,188,C9,attack,1034,NRG,defense,eco,C9,NRG,NRG,NRG
353195,173471,188,C9,attack,1034,NRG,defense,eco,C9,NRG,NRG,C9
353196,173472,120,100T,attack,5248,EG,defense,eco,100T,EG,100T,100T
353196,173473,5248,EG,defense,120,100T,attack,eco,EG,100T,EG,100T
353196,173474,120,100T,attack,5248,EG,defense,eco,100T,EG,100T,EG
353197,173475,2355,KRÜ,attack,188,C9,defense,eco,KRÜ,C9,C9,KRÜ
353197,173476,188,C9,defense,2355,KRÜ,attack,eco,C9,KRÜ,KRÜ,KRÜ
353198,173478,5248,EG,defense,7386,MIBR,attack,eco,EG,MIBR,MIBR,MIBR
353198,173479,7386,MIBR,attack,5248,EG,defense,eco,MIBR,MIBR,MIBR,MIBR
353199,173481,2359,LEV,defense,2406,FUR,attack,eco,LEV,LEV,FUR,LEV
353199,173482,2359,LEV,defense,2406,FUR,attack,eco,LEV,FUR,LEV,FUR
353200,173484,120,100T,attack,6961,LOUD,defense,eco,100T,100T,100T,100T
353200,173485,120,100T,attack,6961,LOUD,defense,eco,100T,LOUD,100T,100T
353200,173486,120,100T,attack,6961,LOUD,defense,eco,100T,100T,LOUD,LOUD
353201,173487,2,G2,attack,11058,SEN,defense,eco,G2,G2,SEN,G2
353201,173488,2,G2,attack,11058,SEN,defense,eco,G2,SEN,SEN,G2
371266,178819,2355,C9,attack,188,KRÜ,defense,eco,KRÜ,KRÜ,KRÜ,C9
371266,178820,2355,C9,attack,188,KRÜ,defense,eco,C9,C9,C9,C9
371266,178821,188,KRÜ,defense,2355,C9,attack,eco,KRÜ,C9,KRÜ,KRÜ
371267,178822,120,100T,attack,2,SEN,defense,eco,100T,SEN,SEN,100T
371267,178823,120,100T,attack,2,SEN,defense,eco,100T,100T,SEN,100T
371268,178825,2359,LEV,defense,2355,KRÜ,attack,eco,LEV,LEV,LEV,KRÜ
371268,178826,2359,LEV,defense,2355,KRÜ,attack,eco,LEV,LEV,LEV,LEV
371269,178828,120,100T,attack,11058,G2,defense,eco,100T,G2,G2,G2
371269,178829,11058,G2,defense,120,100T,attack,eco,G2,G2,G2,100T
371270,178831,11058,G2,attack,2359,LEV,defense,eco,G2,LEV,LEV,G2
371270,178832,11058,G2,attack,2359,LEV,defense,eco,G2,G2,LEV,G2
371272,178839,2355,100T,attack,120,KRÜ,defense,eco,100T,KRÜ,100T,100T
371272,178840,120,KRÜ,defense,2355,100T,attack,eco,KRÜ,100T,KRÜ,100T
371272,178841,2355,100T,attack,120,KRÜ,defense,eco,100T,KRÜ,KRÜ,KRÜ
371273,178842,2355,KRÜ,attack,2359,LEV,defense,eco,LEV,LEV,LEV,LEV
371273,178843,2355,KRÜ,attack,2359,LEV,defense,eco,KRÜ,LEV,LEV,LEV
371273,178844,2355,KRÜ,attack,2359,LEV,defense,eco,KRÜ,KRÜ,KRÜ,KRÜ
371273,178845,2359,LEV,defense,2355,KRÜ,attack,eco,LEV,LEV,LEV,LEV
371273,178846,2359,LEV,defense,2355,KRÜ,attack,eco,LEV,LEV,KRÜ,KRÜ
371271,178834,11058,G2,defense,2359,LEV,attack,eco,G2,LEV,G2,LEV
371271,178835,11058,G2,defense,2359,LEV,attack,eco,LEV,G2,LEV,LEV
371271,178836,2359,LEV,attack,11058,G2,defense,eco,LEV,LEV,LEV,LEV
371271,178837,11058,G2,defense,2359,LEV,attack,eco,G2,LEV,LEV,LEV
314340,163239,5448,KRX,attack,8185,ZETA,defense,eco,KRX,KRX,KRX,KRX
314340,163240,8185,ZETA,defense,5448,KRX,attack,eco,ZETA,KRX,KRX,ZETA
314340,163241,5448,KRX,attack,8185,ZETA,defense,eco,KRX,KRX,ZETA,KRX
314341,163242,6387,TS,defense,6199,BLD,attack,eco,TS,BLD,TS,TS
314341,163243,6199,BLD,attack,6387,TS,defense,eco,BLD,BLD,BLD,TS
314341,163244,6387,TS,defense,6199,BLD,attack,eco,TS,BLD,TS,TS
314342,163245,17,GEN,attack,14,T1,defense,eco,GEN,T1,T1,T1
314342,163246,14,T1,defense,17,GEN,attack,eco,T1,GEN,GEN,T1
314342,163247,17,GEN,attack,14,T1,defense,eco,GEN,T1,GEN,T1
314343,163248,8304,PRX,defense,624,TLN,attack,eco,PRX,TLN,PRX,PRX
314343,163249,624,TLN,attack,8304,PRX,defense,eco,PRX,PRX,PRX,PRX
314344,163251,278,DFM,attack,878,RRQ,defense,eco,DFM,RRQ,RRQ,DFM
314344,163252,278,DFM,attack,878,RRQ,defense,eco,DFM,RRQ,RRQ,DFM
314345,163254,6199,TS,defense,918,GE,attack,eco,TS,GE,TS,TS
314345,163255,6199,TS,defense,918,GE,attack,eco,GE,GE,GE,TS
314346,163257,8304,TLN,defense,878,RRQ,attack,eco,RRQ,RRQ,RRQ,RRQ
314346,163258,878,RRQ,attack,8304,TLN,defense,eco,RRQ,RRQ,TLN,TLN
314346,163259,8304,TLN,defense,878,RRQ,attack,eco,TLN,TLN,TLN,TLN
314347,163260,624,PRX,defense,8185,KRX,attack,eco,PRX,KRX,KRX,PRX
314347,163261,8185,KRX,attack,624,PRX,defense,eco,KRX,KRX,PRX,PRX
314347,163262,624,PRX,defense,8185,KRX,attack,eco,PRX,PRX,PRX,PRX
314348,163263,918,GE,defense,6387,BLD,attack,eco,GE,BLD,GE,GE
314348,163264,6387,BLD,attack,918,GE,defense,eco,BLD,GE,GE,BLD
314349,163266,278,DFM,defense,5448,ZETA,attack,eco,DFM,ZETA,ZETA,DFM
314349,163267,278,DFM,defense,5448,ZETA,attack,eco,DFM,DFM,DFM,ZETA
314349,163268,5448,ZETA,attack,278,DFM,defense,eco,ZETA,ZETA,DFM,DFM
314350,163269,8185,KRX,defense,878,RRQ,attack,eco,KRX,KRX,RRQ,KRX
314350,163270,878,RRQ,attack,8185,KRX,defense,eco,RRQ,KRX,KRX,RRQ
314351,163272,6199,TS,defense,14,T1,attack,eco,TS,T1,TS,TS
314351,163273,6199,TS,defense,14,T1,attack,eco,TS,T1,TS,TS
314351,163274,14,T1,attack,6199,TS,defense,eco,T1,TS,TS,TS
314352,163275,278,DFM,attack,8304,TLN,defense,eco,DFM,TLN,TLN,TLN
314352,163276,8304,TLN,defense,278,DFM,attack,eco,TLN,DFM,TLN,TLN
314353,163278,878,ZETA,defense,5448,RRQ,attack,eco,ZETA,ZETA,RRQ,RRQ
314353,163279,5448,RRQ,attack,878,ZETA,defense,eco,RRQ,ZETA,ZETA,RRQ
314354,163281,918,GE,defense,14,T1,attack,eco,GE,T1,GE,T1
314354,163282,918,GE,defense,14,T1,attack,eco,GE,T1,T1,T1
314354,163283,918,GE,defense,14,T1,attack,eco,GE,GE,GE,GE
314355,163284,17,GEN,attack,6387,BLD,defense,eco,GEN,BLD,GEN,BLD
314355,163285,17,GEN,attack,6387,BLD,defense,eco,GEN,GEN,GEN,BLD
314355,163286,17,GEN,attack,6387,BLD,defense,eco,GEN,GEN,BLD,GEN
314356,163287,278,PRX,defense,624,DFM,attack,eco,PRX,DFM,PRX,PRX
314356,163288,624,DFM,attack,278,PRX,defense,eco,DFM,PRX,PRX,PRX
314357,163290,8304,TLN,attack,8185,KRX,defense,eco,TLN,TLN,TLN,TLN
314357,163291,8304,TLN,attack,8185,KRX,defense,eco,TLN,TLN,KRX,KRX
314357,163292,8185,KRX,defense,8304,TLN,attack,eco,KRX,KRX,KRX,KRX
314358,163293,878,RRQ,attack,624,PRX,defense,eco,RRQ,PRX,PRX,PRX
314358,163294,624,PRX,defense,878,RRQ,attack,eco,RRQ,RRQ,PRX,RRQ
314358,163295,624,PRX,defense,878,RRQ,attack,eco,PRX,RRQ,PRX,PRX
314359,163296,918,GEN,defense,17,GE,attack,eco,GEN,GE,GEN,GEN
314359,163297,918,GEN,defense,17,GE,attack,eco,GEN,GE,GE,GE
314360,163299,278,DFM,attack,8185,KRX,defense,eco,DFM,KRX,KRX,DFM
314360,163300,278,DFM,attack,8185,KRX,defense,eco,DFM,KRX,KRX,DFM
314360,178343,8185,KRX,defense,278,DFM,attack,eco,KRX,DFM,KRX,KRX
314361,163302,8304,TLN,attack,5448,ZETA,defense,eco,TLN,ZETA,TLN,ZETA
314361,163303,5448,ZETA,defense,8304,TLN,attack,eco,ZETA,TLN,ZETA,TLN
314361,163304,8304,TLN,attack,5448,ZETA,defense,force,ZETA,ZETA,TLN,ZETA
314362,163305,6199,GEN,defense,17,TS,attack,eco,TS,TS,TS,TS
314362,163306,6199,GEN,defense,17,TS,attack,eco,GEN,GEN,GEN,GEN
314362,163307,6199,GEN,defense,17,TS,attack,eco,GEN,GEN,GEN,GEN
314363,163308,624,ZETA,attack,5448,PRX,defense,eco,PRX,PRX,ZETA,PRX
314363,163309,5448,PRX,defense,624,ZETA,attack,eco,PRX,PRX,PRX,PRX
314363,163310,624,ZETA,attack,5448,PRX,defense,eco,ZETA,PRX,PRX,ZETA
314364,163311,6387,BLD,attack,14,T1,defense,eco,BLD,T1,BLD,T1
314364,163312,14,T1,defense,6387,BLD,attack,force,T1,BLD,T1,BLD
314364,163313,14,T1,defense,6387,BLD,attack,eco,T1,BLD,T1,T1
365316,176169,878,GEN,defense,17,RRQ,attack,eco,GEN,GEN,GEN,GEN
365316,176170,878,GEN,defense,17,RRQ,attack,eco,GEN,RRQ,GEN,GEN
365317,176172,6199,TLN,attack,8304,TS,defense,eco,TLN,TS,TS,TLN
365317,176173,6199,TLN,attack,8304,TS,defense,eco,TLN,TS,TLN,TLN
365318,176175,624,GEN,attack,17,PRX,defense,eco,GEN,GEN,GEN,GEN
365318,176176,17,PRX,defense,624,GEN,attack,eco,GEN,GEN,GEN,GEN
365319,176178,8304,KRX,defense,8185,TLN,attack,eco,KRX,TLN,KRX,KRX
365319,176179,8304,KRX,defense,8185,TLN,attack,eco,KRX,KRX,KRX,TLN
365320,176181,17,GEN,defense,8185,KRX,attack,eco,GEN,KRX,GEN,GEN
365320,176182,8185,KRX,attack,17,GEN,defense,eco,KRX,KRX,KRX,KRX
365320,176183,8185,KRX,attack,17,GEN,defense,eco,KRX,GEN,KRX,KRX
365322,176189,8304,PRX,defense,624,TLN,attack,eco,PRX,TLN,PRX,PRX
365322,176190,8304,PRX,defense,624,TLN,attack,eco,PRX,PRX,PRX,PRX
365323,176192,624,PRX,attack,8185,KRX,defense,eco,PRX,KRX,KRX,KRX
365323,176193,624,PRX,attack,8185,KRX,defense,eco,PRX,KRX,KRX,KRX
365323,176194,8185,KRX,defense,624,PRX,attack,eco,KRX,PRX,KRX,KRX
365323,176195,8185,KRX,defense,624,PRX,attack,eco,KRX,PRX,PRX,PRX
365323,176196,8185,KRX,defense,624,PRX,attack,force,KRX,PRX,KRX,KRX
365321,176184,8185,KRX,attack,17,GEN,defense,eco,KRX,KRX,KRX,KRX
365321,176185,8185,KRX,attack,17,GEN,defense,eco,GEN,GEN,GEN,KRX
365321,176186,17,GEN,defense,8185,KRX,attack,eco,GEN,GEN,KRX,KRX
365321,176187,8185,KRX,attack,17,GEN,defense,eco,KRX,KRX,GEN,GEN
353153,173346,1184,MKOI,attack,7035,FUT,defense,eco,MKOI,FUT,FUT,FUT
353153,173347,1184,MKOI,attack,7035,FUT,defense,eco,MKOI,MKOI,MKOI,MKOI
353153,173348,7035,FUT,defense,1184,MKOI,attack,eco,FUT,FUT,FUT,FUT
353154,173349,2593,FNC,attack,397,BBL,defense,eco,FNC,BBL,BBL,BBL
353154,173350,397,BBL,defense,2593,FNC,attack,eco,BBL,BBL,FNC,BBL
353154,173351,397,BBL,defense,2593,FNC,attack,eco,BBL,BBL,BBL,BBL
353155,173352,1001,TH,defense,4915,NAVI,attack,eco,TH,TH,TH,TH
353155,173353,4915,NAVI,attack,1001,TH,defense,force,TH,TH,TH,TH
353157,173358,14419,M8,attack,12694,GX,defense,eco,M8,M8,M8,M8
353157,173359,14419,M8,attack,12694,GX,defense,eco,M8,M8,GX,GX
353157,173360,14419,M8,attack,12694,GX,defense,eco,M8,GX,M8,M8
353156,173355,2059,TL,attack,474,VIT,defense,eco,TL,VIT,VIT,VIT
353156,173356,474,VIT,defense,2059,TL,attack,eco,TL,VIT,VIT,TL
353159,173364,397,KC,attack,8877,BBL,defense,eco,KC,BBL,BBL,KC
353159,173365,397,KC,attack,8877,BBL,defense,eco,KC,BBL,KC,BBL
353158,173361,4915,NAVI,defense,1184,FUT,attack,eco,NAVI,FUT,FUT,FUT
353158,173362,1184,FUT,attack,4915,NAVI,defense,force,FUT,NAVI,NAVI,FUT
353202,173490,7035,GX,attack,14419,MKOI,defense,eco,GX,MKOI,MKOI,MKOI
353202,173491,14419,MKOI,defense,7035,GX,attack,eco,MKOI,GX,GX,GX
353161,173370,1001,TH,defense,1184,FUT,attack,eco,TH,FUT,TH,TH
353161,173371,1184,FUT,attack,1001,TH,defense,eco,TH,TH,TH,TH
353160,173367,2593,FNC,defense,2059,VIT,attack,eco,FNC,FNC,FNC,FNC
353160,173368,2059,VIT,attack,2593,FNC,defense,eco,VIT,FNC,VIT,VIT
353160,173369,2593,FNC,defense,2059,VIT,attack,eco,FNC,FNC,FNC,FNC
353162,173373,397,TL,attack,474,BBL,defense,eco,TL,BBL,TL,TL
353162,173374,474,BBL,defense,397,TL,attack,eco,BBL,TL,TL,TL
353163,173376,4915,GX,attack,14419,NAVI,defense,eco,GX,GX,NAVI,GX
353163,173377,4915,GX,attack,14419,NAVI,defense,eco,GX,GX,GX,NAVI
353164,173379,7035,MKOI,defense,12694,M8,attack,eco,MKOI,M8,M8,MKOI
353164,173380,7035,MKOI,defense,12694,M8,attack,eco,M8,M8,M8,M8
353165,173382,8877,KC,attack,2593,FNC,defense,eco,KC,FNC,FNC,FNC
353165,173383,8877,KC,attack,2593,FNC,defense,eco,KC,FNC,FNC,FNC
353166,173385,1001,TH,defense,14419,GX,attack,eco,TH,TH,GX,GX
353166,173386,1001,TH,defense,14419,GX,attack,eco,GX,GX,TH,GX
353166,173387,14419,GX,attack,1001,TH,defense,eco,GX,GX,GX,TH
353167,173388,12694,M8,attack,1184,FUT,defense,eco,M8,FUT,FUT,FUT
353167,173389,1184,FUT,defense,12694,M8,attack,eco,FUT,FUT,FUT,FUT
353168,173391,4915,MKOI,defense,7035,NAVI,attack,eco,MKOI,MKOI,MKOI,MKOI
353168,173392,4915,MKOI,defense,7035,NAVI,attack,eco,MKOI,NAVI,NAVI,NAVI
353169,173394,474,KC,attack,8877,TL,defense,eco,TL,TL,TL,TL
353169,173395,8877,TL,defense,474,KC,attack,eco,TL,TL,TL,TL
353170,173397,2059,VIT,attack,397,BBL,defense,eco,VIT,BBL,BBL,VIT
353170,173398,397,BBL,defense,2059,VIT,attack,eco,BBL,BBL,VIT,VIT
353170,173399,397,BBL,defense,2059,VIT,attack,eco,BBL,BBL,BBL,VIT
353171,173400,1001,TH,defense,12694,M8,attack,eco,TH,TH,M8,TH
353171,173401,1001,TH,defense,12694,M8,attack,eco,TH,TH,TH,TH
353171,173402,1001,TH,defense,12694,M8,attack,eco,TH,TH,M8,TH
353172,173403,14419,FUT,defense,1184,GX,attack,eco,FUT,FUT,FUT,FUT
353172,173404,1184,GX,attack,14419,FUT,defense,eco,GX,FUT,FUT,FUT
353173,173406,1001,MKOI,attack,7035,TH,defense,eco,MKOI,MKOI,MKOI,TH
353173,173407,1001,MKOI,attack,7035,TH,defense,eco,MKOI,TH,TH,TH
353173,173408,1001,MKOI,attack,7035,TH,defense,eco,MKOI,TH,MKOI,TH
353174,173409,2593,TL,attack,474,FNC,defense,eco,TL,FNC,FNC,FNC
353174,173410,474,FNC,defense,2593,TL,attack,eco,FNC,FNC,FNC,TL
353175,173412,4915,M8,attack,12694,NAVI,defense,eco,M8,M8,M8,NAVI
353175,173413,12694,NAVI,defense,4915,M8,attack,eco,NAVI,NAVI,M8,NAVI
353175,173414,4915,M8,attack,12694,NAVI,defense,eco,M8,M8,NAVI,M8
353203,173493,2059,VIT,defense,8877,KC,attack,eco,VIT,KC,KC,KC
353203,173494,2059,VIT,defense,8877,KC,attack,eco,VIT,VIT,VIT,VIT
353203,173495,2059,VIT,defense,8877,KC,attack,eco,VIT,KC,VIT,VIT
371278,178847,4915,VIT,defense,2059,NAVI,attack,eco,VIT,VIT,VIT,VIT
371278,178848,4915,VIT,defense,2059,NAVI,attack,eco,VIT,VIT,VIT,VIT
371278,178849,2059,NAVI,attack,4915,VIT,defense,eco,NAVI,VIT,NAVI,NAVI
371279,178850,2593,FNC,defense,8877,KC,attack,eco,FNC,KC,FNC,FNC
371279,178851,2593,FNC,defense,8877,KC,attack,eco,FNC,FNC,FNC,KC
371279,178852,2593,FNC,defense,8877,KC,attack,eco,FNC,KC,FNC,KC
371280,178853,2059,TH,defense,1001,VIT,attack,force,TH,VIT,TH,TH
371280,178854,2059,TH,defense,1001,VIT,attack,eco,TH,VIT,VIT,TH
371280,178855,1001,VIT,attack,2059,TH,defense,eco,VIT,VIT,TH,TH
371281,178856,1184,FUT,defense,2593,FNC,attack,eco,FUT,FUT,FUT,FNC
371281,178857,1184,FUT,defense,2593,FNC,attack,eco,FNC,FNC,FNC,FNC
371282,178859,2593,VIT,defense,2059,FNC,attack,eco,VIT,VIT,VIT,VIT
371282,178860,2593,VIT,defense,2059,FNC,attack,eco,FNC,FNC,FNC,FNC
371284,178867,1184,TH,defense,1001,FUT,attack,eco,TH,FUT,TH,TH
371284,178868,1001,FUT,attack,1184,TH,defense,eco,FUT,TH,FUT,FUT
371285,178870,1001,TH,attack,2059,VIT,defense,force,TH,VIT,TH,TH
371285,178871,2059,VIT,defense,1001,TH,attack,eco,VIT,VIT,VIT,TH
371285,178872,2059,VIT,defense,1001,TH,attack,eco,VIT,TH,VIT,VIT
371285,178873,2059,VIT,defense,1001,TH,attack,eco,VIT,VIT,VIT,VIT
371283,178862,2593,FNC,defense,2059,VIT,attack,eco,FNC,VIT,FNC,FNC
371283,178863,2593,FNC,defense,2059,VIT,attack,eco,FNC,VIT,VIT,FNC
371283,178864,2593,FNC,defense,2059,VIT,attack,eco,FNC,VIT,FNC,FNC
371283,178865,2593,FNC,defense,2059,VIT,attack,eco,FNC,FNC,FNC,FNC
314622,163351,2359,LEV,attack,188,C9,defense,eco,LEV,LEV,C9,LEV
314622,163352,2359,LEV,attack,188,C9,defense,eco,LEV,C9,LEV,LEV
314622,163353,2359,LEV,attack,188,C9,defense,eco,LEV,LEV,C9,LEV
314623,163354,1034,NRG,defense,6961,LOUD,attack,eco,NRG,LOUD,LOUD,LOUD
314623,163355,1034,NRG,defense,6961,LOUD,attack,eco,NRG,NRG,LOUD,NRG
314624,163357,11058,G2,defense,5248,EG,attack,eco,G2,G2,G2,G2
314624,163358,11058,G2,defense,5248,EG,attack,eco,G2,G2,G2,G2
314625,163360,120,SEN,defense,2,100T,attack,eco,SEN,100T,100T,SEN
314625,163361,2,100T,attack,120,SEN,defense,eco,100T,SEN,SEN,SEN
314626,163363,2406,KRÜ,defense,2355,FUR,attack,eco,KRÜ,KRÜ,KRÜ,KRÜ
314626,163364,2355,FUR,attack,2406,KRÜ,defense,eco,FUR,KRÜ,FUR,KRÜ
314626,163365,2355,FUR,attack,2406,KRÜ,defense,eco,FUR,KRÜ,FUR,FUR
314628,163366,11058,100T,attack,120,G2,defense,eco,100T,G2,G2,100T
314628,163367,120,G2,defense,11058,100T,attack,eco,G2,100T,G2,G2
314629,163369,2359,LEV,attack,2,SEN,defense,eco,LEV,LEV,LEV,LEV
314629,163370,2,SEN,defense,2359,LEV,attack,eco,LEV,LEV,SEN,LEV
314630,163372,2355,KRÜ,defense,7386,MIBR,attack,eco,KRÜ,MIBR,KRÜ,KRÜ
314630,163373,2355,KRÜ,defense,7386,MIBR,attack,eco,KRÜ,MIBR,KRÜ,MIBR
314631,163375,2406,FUR,attack,1034,NRG,defense,eco,FUR,NRG,NRG,NRG
314631,163376,2406,FUR,attack,1034,NRG,defense,eco,FUR,FUR,FUR,NRG
314632,163378,188,C9,defense,5248,EG,attack,eco,C9,EG,EG,C9
314632,163379,5248,EG,attack,188,C9,defense,force,C9,C9,EG,C9
314632,163380,188,C9,defense,5248,EG,attack,eco,C9,C9,C9,C9
314634,163381,2,SEN,defense,7386,MIBR,attack,force,SEN,MIBR,SEN,SEN
314634,163382,7386,MIBR,attack,2,SEN,defense,eco,SEN,SEN,SEN,SEN
314635,163384,188,C9,defense,6961,LOUD,attack,eco,C9,LOUD,C9,C9
314635,163385,188,C9,defense,6961,LOUD,attack,eco,C9,C9,C9,LOUD
314635,163386,6961,LOUD,attack,188,C9,defense,force,C9,LOUD,C9,LOUD
314636,163387,5248,KRÜ,defense,2355,EG,attack,eco,KRÜ,KRÜ,KRÜ,EG
314636,163388,5248,KRÜ,defense,2355,EG,attack,eco,KRÜ,EG,EG,EG
314637,163390,2359,LEV,attack,1034,NRG,defense,eco,LEV,LEV,NRG,LEV
314637,163391,2359,LEV,attack,1034,NRG,defense,eco,LEV,LEV,LEV,LEV
314638,163393,11058,FUR,attack,2406,G2,defense,eco,FUR,G2,G2,G2
314638,163394,2406,G2,defense,11058,FUR,attack,eco,G2,FUR,G2,FUR
314639,163396,188,100T,attack,120,C9,defense,eco,100T,100T,100T,C9
314639,163397,188,100T,attack,120,C9,defense,eco,100T,100T,100T,100T
314640,163399,5248,EG,attack,2,SEN,defense,eco,EG,EG,EG,EG
314640,163400,2,SEN,defense,5248,EG,attack,eco,SEN,EG,SEN,SEN
314640,163401,5248,EG,attack,2,SEN,defense,eco,EG,SEN,EG,SEN
314641,163402,7386,MIBR,attack,1034,NRG,defense,eco,MIBR,NRG,MIBR,NRG
314641,163403,1034,NRG,defense,7386,MIBR,attack,eco,NRG,MIBR,NRG,NRG
314642,163405,11058,LEV,attack,2359,G2,defense,force,LEV,LEV,LEV,LEV
314642,163406,11058,LEV,attack,2359,G2,defense,eco,LEV,G2,LEV,LEV
314642,163407,11058,LEV,attack,2359,G2,defense,eco,LEV,LEV,G2,G2
314643,163408,2355,KRÜ,defense,6961,LOUD,attack,force,LOUD,LOUD,LOUD,KRÜ
314643,163409,2355,KRÜ,defense,6961,LOUD,attack,eco,KRÜ,KRÜ,KRÜ,KRÜ
314644,163411,11058,G2,defense,7386,MIBR,attack,eco,G2,MIBR,MIBR,G2
314644,163412,11058,G2,defense,7386,MIBR,attack,eco,G2,G2,G2,G2
314645,163414,6961,LOUD,attack,2,SEN,defense,eco,LOUD,SEN,LOUD,SEN
314645,163415,6961,LOUD,attack,2,SEN,defense,eco,LOUD,LOUD,SEN,SEN
314646,163417,188,FUR,attack,2406,C9,defense,eco,FUR,FUR,FUR,FUR
314646,163418,188,FUR,attack,2406,C9,defense,eco,C9,FUR,C9,C9
314646,163419,188,FUR,attack,2406,C9,defense,eco,FUR,FUR,C9,C9
314647,163420,1034,NRG,defense,5248,EG,attack,eco,NRG,EG,EG,EG
314647,163421,1034,NRG,defense,5248,EG,attack,eco,NRG,EG,EG,NRG
314647,163422,1034,NRG,defense,5248,EG,attack,eco,NRG,NRG,NRG,EG
314648,163423,120,KRÜ,defense,2355,100T,attack,eco,KRÜ,KRÜ,KRÜ,KRÜ
314648,163424,2355,100T,attack,120,KRÜ,defense,eco,100T,KRÜ,100T,100T
314648,163425,120,KRÜ,defense,2355,100T,attack,eco,KRÜ,100T,100T,100T
314650,163426,2,SEN,defense,2406,FUR,attack,eco,SEN,FUR,SEN,SEN
314650,163427,2406,FUR,attack,2,SEN,defense,eco,FUR,SEN,SEN,SEN
314651,163429,120,100T,attack,1034,NRG,defense,eco,NRG,NRG,NRG,NRG
314651,163430,120,100T,attack,1034,NRG,defense,eco,100T,100T,100T,NRG
314652,163432,2355,KRÜ,defense,2359,LEV,attack,eco,KRÜ,LEV,LEV,LEV
314652,163433,2359,LEV,attack,2355,KRÜ,defense,eco,LEV,LEV,KRÜ,KRÜ
314652,163434,2355,KRÜ,defense,2359,LEV,attack,eco,KRÜ,KRÜ,KRÜ,LEV
314653,163435,188,C9,defense,7386,MIBR,attack,eco,C9,C9,C9,C9
314653,163436,188,C9,defense,7386,MIBR,attack,eco,C9,C9,C9,MIBR
314654,163438,11058,G2,defense,6961,LOUD,attack,eco,G2,LOUD,LOUD,LOUD
314654,163439,6961,LOUD,attack,11058,G2,defense,eco,LOUD,LOUD,LOUD,LOUD
337407,168972,188,C9,defense,11058,G2,attack,eco,C9,C9,C9,G2
337407,168973,11058,G2,attack,188,C9,defense,eco,G2,G2,G2,C9
337408,168975,6961,LOUD,attack,120,100T,defense,eco,LOUD,LOUD,100T,100T
337408,168976,120,100T,defense,6961,LOUD,attack,eco,100T,100T,100T,100T
337409,168978,11058,G2,attack,2355,KRÜ,defense,eco,G2,KRÜ,G2,G2
337409,168979,2355,KRÜ,defense,11058,G2,attack,eco,KRÜ,G2,KRÜ,G2
337410,168981,2359,100T,attack,120,LEV,defense,eco,100T,100T,100T,100T
337410,168982,2359,100T,attack,120,LEV,defense,eco,100T,LEV,LEV,LEV
337410,168983,120,LEV,defense,2359,100T,attack,eco,LEV,100T,100T,LEV
337411,168984,120,100T,attack,11058,G2,defense,eco,100T,G2,G2,G2
337411,168985,120,100T,attack,11058,G2,defense,eco,100T,G2,100T,100T
337411,168986,11058,G2,defense,120,100T,attack,eco,G2,100T,100T,100T
337413,168992,2355,LEV,attack,2359,KRÜ,defense,eco,LEV,KRÜ,KRÜ,KRÜ
337413,168993,2359,KRÜ,defense,2355,LEV,attack,eco,KRÜ,LEV,KRÜ,LEV
337413,168994,2355,LEV,attack,2359,KRÜ,defense,eco,LEV,LEV,KRÜ,KRÜ
337414,168995,11058,G2,defense,2359,LEV,attack,eco,G2,LEV,G2,LEV
337414,168996,11058,G2,defense,2359,LEV,attack,eco,G2,G2,G2,G2
337414,168997,11058,G2,defense,2359,LEV,attack,eco,G2,LEV,G2,G2
337414,168998,11058,G2,defense,2359,LEV,attack,eco,G2,G2,G2,G2
337414,168999,11058,G2,defense,2359,LEV,attack,eco,LEV,LEV,G2,G2
337412,168987,120,100T,defense,11058,G2,attack,eco,100T,G2,G2,100T
337412,168988,11058,G2,attack,120,100T,defense,eco,G2,G2,G2,100T
337412,168989,11058,G2,attack,120,100T,defense,eco,100T,100T,G2,G2
318911,164091,14419,KC,defense,8877,GX,attack,eco,KC,GX,KC,GX
318911,164092,14419,KC,defense,8877,GX,attack,eco,KC,KC,KC,GX
318913,164094,474,TL,attack,7035,MKOI,defense,eco,TL,MKOI,MKOI,MKOI
318913,164095,7035,MKOI,defense,474,TL,attack,eco,MKOI,TL,TL,TL
318914,164097,4915,VIT,defense,2059,NAVI,attack,eco,VIT,NAVI,VIT,VIT
318914,164098,4915,VIT,defense,2059,NAVI,attack,eco,VIT,NAVI,NAVI,NAVI
318915,164100,1001,TH,attack,2593,FNC,defense,eco,TH,TH,TH,FNC
318915,164101,2593,FNC,defense,1001,TH,attack,eco,FNC,FNC,FNC,TH
318916,164103,1184,TL,defense,474,FUT,attack,eco,FUT,FUT,FUT,FUT
318916,164104,1184,TL,defense,474,FUT,attack,eco,FUT,FUT,FUT,TL
318917,164106,12694,M8,attack,397,BBL,defense,eco,M8,BBL,M8,M8
318917,164107,397,BBL,defense,12694,M8,attack,eco,BBL,M8,M8,M8
318918,164109,8877,FUT,attack,1184,KC,defense,eco,FUT,KC,KC,FUT
318918,164110,8877,FUT,attack,1184,KC,defense,eco,FUT,KC,FUT,FUT
318918,164111,1184,KC,defense,8877,FUT,attack,eco,KC,FUT,KC,KC
318919,164112,2059,VIT,defense,1001,TH,attack,force,TH,VIT,TH,VIT
318919,164113,2059,VIT,defense,1001,TH,attack,eco,VIT,TH,VIT,VIT
318919,164114,2059,VIT,defense,1001,TH,attack,eco,VIT,TH,TH,TH
318920,164115,474,TL,defense,4915,NAVI,attack,force,TL,NAVI,TL,NAVI
318920,164116,474,TL,defense,4915,NAVI,attack,eco,TL,NAVI,TL,TL
318920,164117,4915,NAVI,attack,474,TL,defense,eco,NAVI,NAVI,NAVI,NAVI
318921,164118,7035,BBL,defense,397,MKOI,attack,eco,MKOI,MKOI,BBL,BBL
318921,164119,7035,BBL,defense,397,MKOI,attack,eco,BBL,BBL,BBL,BBL
318922,164121,2593,GX,attack,14419,FNC,defense,eco,GX,GX,FNC,FNC
318922,164122,2593,GX,attack,14419,FNC,defense,eco,GX,FNC,GX,GX
318922,164123,14419,FNC,defense,2593,GX,attack,eco,FNC,GX,FNC,GX
318923,164124,8877,KC,defense,12694,M8,attack,eco,KC,KC,KC,KC
318923,164125,8877,KC,defense,12694,M8,attack,eco,KC,M8,KC,KC
318924,164127,2593,FNC,attack,12694,M8,defense,eco,FNC,M8,FNC,FNC
318924,164128,12694,M8,defense,2593,FNC,attack,eco,M8,FNC,FNC,FNC
318925,164130,4915,KC,defense,8877,NAVI,attack,eco,KC,NAVI,KC,NAVI
318925,164131,8877,NAVI,attack,4915,KC,defense,eco,NAVI,NAVI,KC,NAVI
318925,164132,8877,NAVI,attack,4915,KC,defense,eco,NAVI,KC,KC,NAVI
318926,164133,1001,TH,attack,397,BBL,defense,force,TH,TH,BBL,TH
318926,164134,1001,TH,attack,397,BBL,defense,eco,TH,TH,TH,TH
318927,164136,2059,FUT,attack,1184,VIT,defense,eco,FUT,FUT,FUT,FUT
318927,164137,1184,VIT,defense,2059,FUT,attack,eco,VIT,VIT,VIT,FUT
318927,164138,1184,VIT,defense,2059,FUT,attack,eco,VIT,FUT,VIT,VIT
318928,164139,474,GX,attack,14419,TL,defense,eco,GX,TL,TL,GX
318928,164140,14419,TL,defense,474,GX,attack,eco,TL,TL,TL,GX
318928,164141,14419,TL,defense,474,GX,attack,eco,TL,GX,GX,TL
318929,164142,7035,MKOI,attack,2593,FNC,defense,eco,MKOI,MKOI,MKOI,FNC
318929,164143,7035,MKOI,attack,2593,FNC,defense,eco,MKOI,FNC,FNC,FNC
318930,164145,474,TH,attack,1001,TL,defense,eco,TH,TL,TH,TH
318930,164146,474,TH,attack,1001,TL,defense,eco,TH,TL,TH,TH
318931,164148,12694,M8,attack,2059,VIT,defense,eco,VIT,VIT,VIT,M8
318931,164149,12694,M8,attack,2059,VIT,defense,eco,M8,M8,VIT,M8
318932,164151,1184,FNC,defense,2593,FUT,attack,eco,FNC,FUT,FNC,FUT
318932,164152,1184,FNC,defense,2593,FUT,attack,eco,FNC,FNC,FUT,FNC
318933,164154,397,NAVI,attack,4915,BBL,defense,eco,NAVI,NAVI,BBL,NAVI
318933,164155,4915,BBL,defense,397,NAVI,attack,eco,BBL,NAVI,NAVI,NAVI
318933,164156,397,NAVI,attack,4915,BBL,defense,eco,NAVI,NAVI,NAVI,BBL
318934,164157,14419,VIT,defense,2059,GX,attack,eco,VIT,GX,VIT,VIT
318934,164158,14419,VIT,defense,2059,GX,attack,eco,GX,GX,VIT,VIT
318934,164159,2059,GX,attack,14419,VIT,defense,eco,GX,VIT,VIT,VIT
318935,164160,8877,MKOI,attack,7035,KC,defense,eco,MKOI,KC,KC,MKOI
318935,164161,8877,MKOI,attack,7035,KC,defense,eco,MKOI,MKOI,MKOI,MKOI
318935,164162,8877,MKOI,attack,7035,KC,defense,eco,MKOI,KC,KC,KC
318936,164163,14419,BBL,defense,397,GX,attack,eco,BBL,GX,GX,GX
318936,164164,397,GX,attack,14419,BBL,defense,eco,GX,BBL,GX,BBL
318937,164166,8877,KC,defense,1001,TH,attack,eco,KC,KC,KC,TH
318937,164167,8877,KC,defense,1001,TH,attack,eco,KC,KC,KC,TH
318937,164168,1001,TH,attack,8877,KC,defense,eco,TH,KC,KC,TH
318938,164169,2059,MKOI,attack,7035,VIT,defense,eco,MKOI,MKOI,MKOI,VIT
318938,164170,2059,MKOI,attack,7035,VIT,defense,force,MKOI,VIT,VIT,VIT
318938,164171,2059,MKOI,attack,7035,VIT,defense,eco,MKOI,VIT,MKOI,MKOI
318939,164172,2593,NAVI,defense,4915,FNC,attack,eco,NAVI,FNC,FNC,FNC
318939,164173,2593,NAVI,defense,4915,FNC,attack,eco,NAVI,NAVI,NAVI,NAVI
318939,164174,4915,FNC,attack,2593,NAVI,defense,eco,FNC,NAVI,NAVI,NAVI
318940,164175,474,TL,defense,12694,M8,attack,eco,TL,M8,TL,TL
318940,164176,474,TL,defense,12694,M8,attack,eco,TL,TL,TL,TL
318941,164178,1184,BBL,defense,397,FUT,attack,eco,BBL,FUT,FUT,FUT
318941,164179,397,FUT,attack,1184,BBL,defense,eco,FUT,FUT,FUT,FUT
341816,169368,2593,TL,attack,474,FNC,defense,eco,TL,FNC,TL,TL
341816,169376,474,FNC,defense,2593,TL,attack,eco,FNC,TL,TL,TL
341816,169377,474,FNC,defense,2593,TL,attack,eco,FNC,FNC,FNC,FNC
341817,169369,4915,TH,attack,1001,NAVI,defense,eco,TH,NAVI,TH,TH
341817,169378,1001,NAVI,defense,4915,TH,attack,eco,TH,TH,NAVI,TH
341818,169370,2593,KC,defense,8877,FNC,attack,eco,KC,FNC,KC,FNC
341818,169380,2593,KC,defense,8877,FNC,attack,eco,KC,KC,KC,KC
341819,169371,1001,FUT,defense,1184,TH,attack,eco,TH,TH,TH,TH
341819,169382,1184,TH,attack,1001,FUT,defense,eco,TH,TH,TH,FUT
341820,169372,1001,FNC,defense,2593,TH,attack,eco,FNC,FNC,FNC,TH
341820,169384,2593,TH,attack,1001,FNC,defense,eco,TH,FNC,TH,TH
341822,169374,8877,KC,defense,1184,FUT,attack,eco,KC,FUT,FUT,FUT
341822,169390,8877,KC,defense,1184,FUT,attack,eco,KC,FUT,FUT,FUT
341823,169375,1184,FUT,attack,2593,FNC,defense,eco,FUT,FNC,FNC,FUT
341823,169392,1184,FUT,attack,2593,FNC,defense,eco,FNC,FNC,FNC,FNC
341823,169393,1184,FUT,attack,2593,FNC,defense,eco,FUT,FNC,FNC,FNC
341823,169394,1184,FUT,attack,2593,FNC,defense,eco,FUT,FUT,FUT,FNC
341821,169373,1001,TH,defense,2593,FNC,attack,eco,TH,FNC,TH,TH
341821,169386,2593,FNC,attack,1001,TH,defense,eco,FNC,TH,TH,TH
341821,169387,1001,TH,defense,2593,FNC,attack,eco,TH,TH,TH,FNC
341821,169388,2593,FNC,attack,1001,TH,defense,eco,FNC,TH,FNC,FNC
341821,169389,2593,FNC,attack,1001,TH,defense,eco,FNC,TH,FNC,FNC
314301,163149,918,ZETA,attack,5448,GE,defense,eco,ZETA,ZETA,ZETA,ZETA
314301,163150,5448,GE,defense,918,ZETA,attack,eco,GE,ZETA,GE,GE
314301,163151,918,ZETA,attack,5448,GE,defense,eco,ZETA,GE,GE,GE
314302,163152,8185,KRX,attack,6199,TS,defense,eco,KRX,KRX,KRX,TS
314302,163153,8185,KRX,attack,6199,TS,defense,eco,KRX,KRX,TS,TS
314303,163155,8304,BLD,defense,6387,TLN,attack,eco,BLD,BLD,BLD,BLD
314303,163156,6387,TLN,attack,8304,BLD,defense,eco,TLN,TLN,TLN,BLD
314303,163157,6387,TLN,attack,8304,BLD,defense,eco,BLD,BLD,TLN,TLN
314304,163158,14,T1,defense,624,PRX,attack,eco,T1,PRX,PRX,PRX
314304,163159,624,PRX,attack,14,T1,defense,eco,PRX,T1,PRX,PRX
314305,163161,878,RRQ,attack,6199,TS,defense,eco,RRQ,RRQ,RRQ,TS
314305,163162,878,RRQ,attack,6199,TS,defense,eco,RRQ,TS,TS,TS
314305,163163,6199,TS,defense,878,RRQ,attack,eco,TS,RRQ,TS,RRQ
314306,163164,918,GE,defense,8185,KRX,attack,eco,GE,KRX,KRX,KRX
314306,163165,8185,KRX,attack,918,GE,defense,eco,KRX,KRX,KRX,GE
314307,163167,17,GEN,defense,8304,TLN,attack,eco,GEN,GEN,GEN,TLN
314307,163168,8304,TLN,attack,17,GEN,defense,eco,GEN,GEN,GEN,GEN
314308,163170,278,DFM,attack,14,T1,defense,eco,DFM,T1,T1,T1
314308,163171,14,T1,defense,278,DFM,attack,force,T1,DFM,DFM,T1
314308,163172,14,T1,defense,278,DFM,attack,eco,T1,DFM,DFM,T1
314309,163173,17,GEN,defense,624,PRX,attack,eco,GEN,PRX,PRX,PRX
314309,163174,17,GEN,defense,624,PRX,attack,force,GEN,GEN,PRX,PRX
314309,163175,624,PRX,attack,17,GEN,defense,eco,PRX,PRX,PRX,PRX
314310,163176,8185,KRX,attack,14,T1,defense,eco,KRX,KRX,KRX,KRX
314310,163177,8185,KRX,attack,14,T1,defense,eco,KRX,KRX,KRX,KRX
314310,163178,8185,KRX,attack,14,T1,defense,eco,KRX,KRX,KRX,KRX
314311,163179,5448,ZETA,attack,6199,TS,defense,eco,ZETA,TS,TS,TS
314311,163180,6199,TS,defense,5448,ZETA,attack,eco,TS,ZETA,TS,ZETA
314311,163181,5448,ZETA,attack,6199,TS,defense,eco,ZETA,TS,TS,TS
314312,163182,878,RRQ,attack,6387,BLD,defense,eco,RRQ,RRQ,RRQ,RRQ
314312,163183,6387,BLD,defense,878,RRQ,attack,eco,BLD,RRQ,RRQ,RRQ
314313,163185,17,DFM,attack,278,GEN,defense,eco,DFM,DFM,GEN,GEN
314313,163186,278,GEN,defense,17,DFM,attack,eco,GEN,DFM,DFM,GEN
314314,163188,8304,GE,defense,918,TLN,attack,eco,GE,GE,TLN,GE
314314,163189,918,TLN,attack,8304,GE,defense,eco,TLN,GE,TLN,TLN
314314,163190,918,TLN,attack,8304,GE,defense,eco,TLN,GE,TLN,GE
314315,163191,878,RRQ,attack,14,T1,defense,eco,RRQ,T1,T1,RRQ
314315,163192,14,T1,defense,878,RRQ,attack,eco,T1,RRQ,T1,T1
314316,163194,6387,BLD,defense,5448,ZETA,attack,eco,BLD,ZETA,BLD,BLD
314316,163195,6387,BLD,defense,5448,ZETA,attack,eco,BLD,ZETA,BLD,ZETA
314316,163196,5448,ZETA,attack,6387,BLD,defense,eco,ZETA,BLD,ZETA,ZETA
314317,163197,17,KRX,attack,8185,GEN,defense,eco,KRX,GEN,GEN,KRX
314317,163198,8185,GEN,defense,17,KRX,attack,eco,GEN,GEN,GEN,KRX
314317,163199,8185,GEN,defense,17,KRX,attack,eco,GEN,KRX,GEN,KRX
314318,163200,278,DFM,attack,6387,BLD,defense,eco,DFM,BLD,BLD,DFM
314318,163201,6387,BLD,defense,278,DFM,attack,eco,BLD,BLD,DFM,BLD
314318,163202,6387,BLD,defense,278,DFM,attack,eco,BLD,BLD,BLD,BLD
314319,163203,878,GE,defense,918,RRQ,attack,eco,GE,RRQ,GE,GE
314319,163204,878,GE,defense,918,RRQ,attack,eco,RRQ,GE,GE,GE
314320,163206,624,PRX,attack,6199,TS,defense,eco,PRX,TS,PRX,TS
314320,163207,6199,TS,defense,624,PRX,attack,eco,TS,TS,TS,TS
314321,163209,14,T1,defense,8304,TLN,attack,eco,T1,TLN,T1,TLN
314321,163210,8304,TLN,attack,14,T1,defense,eco,TLN,T1,TLN,TLN
314322,163212,5448,GEN,defense,17,ZETA,attack,eco,ZETA,ZETA,GEN,ZETA
314322,163213,17,ZETA,attack,5448,GEN,defense,eco,ZETA,GEN,GEN,GEN
314323,163215,278,TS,defense,6199,DFM,attack,eco,TS,TS,TS,TS
314323,163216,278,TS,defense,6199,DFM,attack,eco,TS,DFM,TS,TS
314323,163217,278,TS,defense,6199,DFM,attack,eco,TS,TS,TS,TS
314324,163218,918,PRX,attack,624,GE,defense,eco,PRX,PRX,PRX,PRX
314324,163219,624,GE,defense,918,PRX,attack,eco,GE,GE,GE,PRX
314325,163221,624,PRX,attack,6387,BLD,defense,eco,PRX,PRX,PRX,PRX
314325,163222,624,PRX,attack,6387,BLD,defense,eco,PRX,BLD,BLD,PRX
314326,163224,278,DFM,attack,918,GE,defense,eco,DFM,GE,GE,GE
314326,163225,918,GE,defense,278,DFM,attack,eco,DFM,GE,GE,GE
314326,163226,918,GE,defense,278,DFM,attack,eco,GE,GE,GE,DFM
314327,163227,14,T1,defense,5448,ZETA,attack,eco,T1,ZETA,T1,ZETA
314327,163228,14,T1,defense,5448,ZETA,attack,eco,T1,ZETA,ZETA,ZETA
314327,163229,14,T1,defense,5448,ZETA,attack,eco,T1,ZETA,T1,T1
314328,163230,8304,TLN,attack,6199,TS,defense,eco,TLN,TLN,TLN,TLN
314328,163231,6199,TS,defense,8304,TLN,attack,eco,TS,TLN,TLN,TLN
314328,163232,8304,TLN,attack,6199,TS,defense,eco,TS,TS,TS,TLN
314329,163233,6387,KRX,attack,8185,BLD,defense,eco,KRX,BLD,BLD,BLD
314329,163234,8185,BLD,defense,6387,KRX,attack,eco,KRX,KRX,KRX,KRX
314330,163236,878,GEN,defense,17,RRQ,attack,eco,GEN,GEN,GEN,RRQ
314330,163237,17,RRQ,attack,878,GEN,defense,eco,GEN,GEN,GEN,GEN
314330,163238,17,RRQ,attack,878,GEN,defense,eco,RRQ,GEN,GEN,RRQ
329907,167267,6199,TS,defense,14,T1,attack,eco,TS,T1,T1,T1
329907,167268,6199,TS,defense,14,T1,attack,eco,TS,T1,TS,TS
329908,167270,8304,PRX,defense,624,TLN,attack,eco,PRX,PRX,PRX,PRX
329908,169325,624,TLN,attack,8304,PRX,defense,eco,TLN,PRX,TLN,TLN
329908,167272,8304,PRX,defense,624,TLN,attack,eco,PRX,PRX,PRX,PRX
329909,167273,14,T1,attack,17,GEN,defense,eco,T1,T1,T1,T1
329909,167274,14,T1,attack,17,GEN,defense,eco,T1,T1,T1,GEN
329909,167275,14,T1,attack,17,GEN,defense,eco,T1,GEN,GEN,T1
329910,167276,8185,PRX,attack,624,KRX,defense,eco,PRX,KRX,PRX,KRX
329910,167277,624,KRX,defense,8185,PRX,attack,eco,PRX,PRX,PRX,KRX
329910,167278,624,KRX,defense,8185,PRX,attack,eco,KRX,PRX,PRX,PRX
329912,167282,624,PRX,attack,14,T1,defense,eco,PRX,PRX,PRX,PRX
329912,167283,624,PRX,attack,14,T1,defense,eco,PRX,T1,PRX,PRX
329911,167279,17,KRX,attack,8185,GEN,defense,eco,KRX,KRX,KRX,GEN
329911,167280,17,KRX,attack,8185,GEN,defense,eco,KRX,KRX,KRX,KRX
329911,167281,8185,GEN,defense,17,KRX,attack,eco,GEN,GEN,GEN,GEN
329913,167285,17,GEN,attack,14,T1,defense,eco,GEN,T1,GEN,GEN
329913,167286,17,GEN,attack,14,T1,defense,eco,GEN,GEN,GEN,T1
329913,167287,14,T1,defense,17,GEN,attack,eco,GEN,GEN,T1,T1
329914,167290,624,PRX,defense,17,GEN,attack,eco,PRX,PRX,PRX,GEN
329914,167291,17,GEN,attack,624,PRX,defense,eco,GEN,PRX,PRX,PRX
329914,167292,624,PRX,defense,17,GEN,attack,eco,PRX,GEN,PRX,PRX
329914,167293,624,PRX,defense,17,GEN,attack,eco,PRX,GEN,GEN,PRX
329914,167294,17,GEN,attack,624,PRX,defense,eco,GEN,PRX,GEN,GEN
312765,162326,11328,KC,defense,8877,FPX,attack,eco,KC,KC,KC,KC
312765,162327,8877,FPX,attack,11328,KC,defense,eco,FPX,KC,FPX,FPX
312766,162329,6961,LOUD,attack,17,GEN,defense,force,LOUD,LOUD,LOUD,GEN
312766,162330,6961,LOUD,attack,17,GEN,defense,eco,LOUD,GEN,LOUD,LOUD
312766,162331,17,GEN,defense,6961,LOUD,attack,eco,GEN,LOUD,LOUD,LOUD
312767,162332,624,EDG,defense,1120,PRX,attack,eco,EDG,PRX,PRX,PRX
312767,162333,1120,PRX,attack,624,EDG,defense,eco,PRX,PRX,EDG,PRX
312767,162334,624,EDG,defense,1120,PRX,attack,eco,EDG,EDG,PRX,EDG
312768,162335,2,SEN,defense,1001,TH,attack,eco,TH,TH,SEN,TH
312768,162336,1001,TH,attack,2,SEN,defense,force,TH,TH,TH,TH
312768,162337,1001,TH,attack,2,SEN,defense,eco,TH,SEN,TH,TH
312798,162361,2,SEN,defense,8877,KC,attack,eco,SEN,KC,SEN,SEN
312798,162362,2,SEN,defense,8877,KC,attack,eco,SEN,KC,SEN,SEN
312797,162358,17,EDG,defense,1120,GEN,attack,eco,EDG,EDG,EDG,EDG
312797,162359,17,EDG,defense,1120,GEN,attack,eco,EDG,GEN,EDG,GEN
312797,162360,1120,GEN,attack,17,EDG,defense,eco,GEN,EDG,GEN,GEN
312800,162367,6961,LOUD,attack,11328,FPX,defense,eco,LOUD,FPX,FPX,FPX
312800,162368,6961,LOUD,attack,11328,FPX,defense,eco,LOUD,FPX,FPX,LOUD
312799,162364,1001,PRX,attack,624,TH,defense,eco,TH,TH,TH,PRX
312799,162365,624,TH,defense,1001,PRX,attack,force,PRX,PRX,PRX,PRX
312799,162366,1001,PRX,attack,624,TH,defense,eco,PRX,TH,TH,TH
312803,162373,6961,LOUD,defense,1120,EDG,attack,eco,LOUD,EDG,LOUD,LOUD
312803,162374,6961,LOUD,defense,1120,EDG,attack,eco,EDG,EDG,LOUD,LOUD
312802,162370,8877,PRX,attack,624,KC,defense,eco,PRX,PRX,PRX,PRX
312802,162371,8877,PRX,attack,624,KC,defense,eco,PRX,KC,PRX,KC
312802,162372,624,KC,defense,8877,PRX,attack,eco,KC,PRX,KC,KC
312777,162341,17,PRX,attack,624,GEN,defense,eco,PRX,GEN,GEN,GEN
312777,162342,624,GEN,defense,17,PRX,attack,eco,GEN,PRX,GEN,GEN
312776,162338,2,SEN,defense,6961,LOUD,attack,eco,SEN,SEN,SEN,LOUD
312776,162339,2,SEN,defense,6961,LOUD,attack,eco,SEN,LOUD,SEN,LOUD
312776,162340,6961,LOUD,attack,2,SEN,defense,force,LOUD,LOUD,SEN,SEN
312778,162344,2,GEN,defense,17,SEN,attack,eco,SEN,GEN,SEN,GEN
312778,162345,2,GEN,defense,17,SEN,attack,force,SEN,SEN,SEN,GEN
312778,162346,2,GEN,defense,17,SEN,attack,eco,GEN,GEN,GEN,SEN
312780,162352,624,PRX,defense,6961,LOUD,attack,eco,PRX,LOUD,PRX,PRX
312780,163448,6961,LOUD,attack,624,PRX,defense,eco,PRX,LOUD,PRX,LOUD
312781,162353,2,SEN,defense,624,PRX,attack,eco,SEN,SEN,SEN,PRX
312781,162354,2,SEN,defense,624,PRX,attack,eco,SEN,PRX,SEN,PRX
312781,162355,624,PRX,attack,2,SEN,defense,eco,PRX,SEN,SEN,SEN
312781,162356,624,PRX,attack,2,SEN,defense,eco,SEN,SEN,PRX,SEN
312779,162347,17,GEN,defense,2,SEN,attack,eco,GEN,SEN,GEN,SEN
312779,162348,2,SEN,attack,17,GEN,defense,eco,SEN,GEN,SEN,GEN
312779,162349,2,SEN,attack,17,GEN,defense,eco,SEN,GEN,GEN,SEN
312779,162350,2,SEN,attack,17,GEN,defense,eco,SEN,GEN,SEN,SEN
312779,162351,2,SEN,attack,17,GEN,defense,eco,SEN,GEN,GEN,GEN
295605,153722,2406,FUR,attack,1034,NRG,defense,eco,FUR,NRG,FUR,NRG
295605,153723,1034,NRG,defense,2406,FUR,attack,eco,NRG,FUR,FUR,FUR
295606,153725,188,C9,defense,7386,MIBR,attack,eco,MIBR,MIBR,C9,C9
295606,153726,7386,MIBR,attack,188,C9,defense,eco,MIBR,MIBR,MIBR,MIBR
295606,153727,7386,MIBR,attack,188,C9,defense,force,MIBR,MIBR,C9,MIBR
295610,153737,2,SEN,attack,6961,LOUD,defense,eco,LOUD,LOUD,SEN,SEN
295610,153738,6961,LOUD,defense,2,SEN,attack,eco,LOUD,SEN,SEN,LOUD
295611,153740,120,LEV,defense,2359,100T,attack,eco,LEV,100T,LEV,100T
295611,153741,2359,100T,attack,120,LEV,defense,eco,100T,LEV,100T,100T
295611,153742,120,LEV,defense,2359,100T,attack,eco,LEV,LEV,LEV,LEV
295615,153752,2355,G2,attack,11058,KRÜ,defense,eco,G2,KRÜ,G2,G2
295615,153753,2355,G2,attack,11058,KRÜ,defense,eco,G2,KRÜ,KRÜ,KRÜ
295615,153754,11058,KRÜ,defense,2355,G2,attack,eco,KRÜ,G2,KRÜ,G2
295608,153731,7386,MIBR,attack,2406,FUR,defense,eco,MIBR,MIBR,FUR,MIBR
295608,153732,7386,MIBR,attack,2406,FUR,defense,eco,MIBR,FUR,FUR,FUR
295613,153746,120,SEN,defense,2,100T,attack,eco,SEN,SEN,SEN,100T
295613,153747,2,100T,attack,120,SEN,defense,eco,100T,SEN,SEN,SEN
295613,153748,120,SEN,defense,2,100T,attack,eco,SEN,100T,SEN,SEN
295607,153728,188,C9,attack,1034,NRG,defense,eco,NRG,NRG,NRG,NRG
295607,153729,1034,NRG,defense,188,C9,attack,eco,NRG,C9,C9,C9
295612,153743,2359,LEV,attack,6961,LOUD,defense,eco,LEV,LOUD,LEV,LEV
295612,153744,6961,LOUD,defense,2359,LEV,attack,eco,LOUD,LEV,LEV,LEV
295612,153745,6961,LOUD,defense,2359,LEV,attack,eco,LOUD,LOUD,LOUD,LEV
295617,153758,11058,G2,defense,5248,EG,attack,eco,G2,G2,G2,G2
295617,153759,5248,EG,attack,11058,G2,defense,eco,EG,G2,EG,EG
295609,153734,188,C9,defense,7386,MIBR,attack,eco,C9,C9,C9,MIBR
295609,153735,7386,MIBR,attack,188,C9,defense,eco,C9,C9,C9,C9
295614,153749,2,LEV,defense,2359,SEN,attack,eco,SEN,SEN,SEN,SEN
295614,153750,2,LEV,defense,2359,SEN,attack,eco,LEV,LEV,LEV,LEV
295614,153751,2,LEV,defense,2359,SEN,attack,eco,LEV,LEV,LEV,SEN
295619,153764,2355,G2,defense,11058,KRÜ,attack,eco,G2,KRÜ,G2,KRÜ
295619,153765,11058,KRÜ,attack,2355,G2,defense,eco,KRÜ,G2,G2,KRÜ
307572,161397,2,SEN,attack,7386,MIBR,defense,eco,SEN,SEN,SEN,SEN
307572,161398,7386,MIBR,defense,2,SEN,attack,eco,MIBR,SEN,MIBR,MIBR
307573,161400,11058,G2,defense,7386,MIBR,attack,eco,G2,MIBR,G2,G2
307573,161401,7386,MIBR,attack,11058,G2,defense,eco,MIBR,MIBR,MIBR,MIBR
307573,161402,7386,MIBR,attack,11058,G2,defense,eco,MIBR,MIBR,G2,G2
307574,161403,11058,G2,attack,2,SEN,defense,eco,G2,SEN,SEN,SEN
307574,161404,11058,G2,attack,2,SEN,defense,eco,G2,G2,G2,SEN
307574,161405,11058,G2,attack,2,SEN,defense,eco,G2,SEN,G2,SEN
303087,160718,5248,EG,defense,6961,LOUD,attack,eco,EG,LOUD,EG,LOUD
303087,160719,6961,LOUD,attack,5248,EG,defense,eco,LOUD,LOUD,LOUD,EG
303087,160720,6961,LOUD,attack,5248,EG,defense,eco,LOUD,EG,LOUD,LOUD
303088,160721,1034,NRG,defense,2,SEN,attack,force,NRG,NRG,SEN,SEN
303088,160722,2,SEN,attack,1034,NRG,defense,eco,SEN,NRG,NRG,NRG
303088,160723,2,SEN,attack,1034,NRG,defense,eco,SEN,SEN,SEN,SEN
303086,160715,2,SEN,attack,6961,LOUD,defense,eco,SEN,LOUD,SEN,SEN
303086,160716,2,SEN,attack,6961,LOUD,defense,eco,SEN,SEN,SEN,LOUD
303086,160717,2,SEN,attack,6961,LOUD,defense,eco,LOUD,LOUD,SEN,LOUD
303086,160724,6961,LOUD,defense,2,SEN,attack,eco,LOUD,SEN,LOUD,LOUD
303086,160725,2,SEN,attack,6961,LOUD,defense,eco,SEN,SEN,SEN,SEN
297401,156072,1001,FUT,defense,1184,TH,attack,eco,FUT,FUT,FUT,TH
297401,156073,1184,TH,attack,1001,FUT,defense,eco,TH,FUT,TH,TH
297402,156075,8877,GX,defense,14419,KC,attack,eco,GX,GX,KC,GX
297402,156076,14419,KC,attack,8877,GX,defense,eco,KC,GX,KC,GX
297402,156077,14419,KC,attack,8877,GX,defense,eco,KC,KC,KC,KC
297406,156087,397,BBL,attack,4915,NAVI,defense,force,BBL,NAVI,BBL,NAVI
297406,156088,4915,NAVI,defense,397,BBL,attack,eco,NAVI,NAVI,NAVI,BBL
297406,156089,4915,NAVI,defense,397,BBL,attack,eco,NAVI,NAVI,NAVI,NAVI
297407,156090,474,TL,defense,7035,MKOI,attack,eco,MKOI,MKOI,MKOI,MKOI
297407,156091,7035,MKOI,attack,474,TL,defense,eco,MKOI,MKOI,MKOI,TL
297412,156102,2059,VIT,defense,12694,M8,attack,eco,VIT,M8,VIT,VIT
297412,156103,2059,VIT,defense,12694,M8,attack,force,M8,M8,VIT,VIT
297403,156078,8877,TH,defense,1001,KC,attack,eco,TH,TH,TH,KC
297403,156079,1001,KC,attack,8877,TH,defense,eco,KC,TH,KC,KC
297404,156081,1184,GX,attack,14419,FUT,defense,eco,GX,FUT,FUT,FUT
297404,156082,14419,FUT,defense,1184,GX,attack,eco,FUT,GX,GX,GX
297404,156083,14419,FUT,defense,1184,GX,attack,eco,FUT,FUT,FUT,FUT
297408,156093,474,NAVI,defense,4915,TL,attack,eco,NAVI,TL,NAVI,NAVI
297408,156094,4915,TL,attack,474,NAVI,defense,eco,TL,NAVI,NAVI,NAVI
297409,156096,7035,MKOI,attack,397,BBL,defense,eco,MKOI,MKOI,MKOI,BBL
297409,156097,397,BBL,defense,7035,MKOI,attack,eco,BBL,MKOI,BBL,BBL
297414,156108,2593,VIT,defense,2059,FNC,attack,eco,VIT,FNC,VIT,FNC
297414,156109,2593,VIT,defense,2059,FNC,attack,eco,FNC,FNC,VIT,VIT
297416,156114,2059,M8,attack,12694,VIT,defense,eco,M8,M8,VIT,VIT
297416,156115,2059,M8,attack,12694,VIT,defense,eco,VIT,VIT,VIT,M8
297416,156116,12694,VIT,defense,2059,M8,attack,eco,VIT,VIT,VIT,VIT
297405,156084,1184,KC,defense,8877,FUT,attack,eco,KC,FUT,KC,KC
297405,156085,1184,KC,defense,8877,FUT,attack,eco,FUT,FUT,FUT,FUT
297405,156086,1184,KC,defense,8877,FUT,attack,eco,KC,KC,KC,KC
297410,156099,7035,TL,defense,474,MKOI,attack,eco,TL,MKOI,TL,MKOI
297410,156100,7035,TL,defense,474,MKOI,attack,force,TL,TL,TL,MKOI
297410,156101,474,MKOI,attack,7035,TL,defense,eco,MKOI,TL,MKOI,MKOI
307567,161394,2059,VIT,attack,8877,KC,defense,eco,VIT,KC,KC,VIT
307567,161395,2059,VIT,attack,8877,KC,defense,force,KC,KC,VIT,KC
307565,161391,2059,VIT,attack,7035,MKOI,defense,eco,VIT,VIT,VIT,VIT
307565,161392,2059,VIT,attack,7035,MKOI,defense,eco,MKOI,MKOI,VIT,VIT
307564,161388,8877,KC,defense,7035,MKOI,attack,eco,KC,KC,KC,KC
307564,161389,8877,KC,defense,7035,MKOI,attack,eco,KC,KC,KC,MKOI
303093,160735,1001,TH,defense,4915,NAVI,attack,eco,TH,NAVI,NAVI,NAVI
303093,160736,1001,TH,defense,4915,NAVI,attack,eco,TH,TH,NAVI,TH
303094,160738,2593,FNC,defense,8877,KC,attack,eco,FNC,KC,KC,KC
303094,160739,8877,KC,attack,2593,FNC,defense,eco,KC,FNC,KC,FNC
303095,160741,8877,TH,defense,1001,KC,attack,eco,KC,KC,TH,TH
303095,160742,1001,KC,attack,8877,TH,defense,eco,KC,KC,TH,KC
303095,160743,8877,TH,defense,1001,KC,attack,eco,TH,KC,KC,KC
303095,160744,8877,TH,defense,1001,KC,attack,eco,TH,KC,KC,KC
296735,155129,6387,BLD,attack,14,T1,defense,eco,BLD,T1,BLD,BLD
296735,155130,14,T1,defense,6387,BLD,attack,eco,T1,T1,T1,BLD
296745,155159,17,RRQ,attack,878,GEN,defense,eco,RRQ,RRQ,GEN,RRQ
296745,155160,17,RRQ,attack,878,GEN,defense,eco,RRQ,RRQ,RRQ,RRQ
296745,155161,17,RRQ,attack,878,GEN,defense,eco,RRQ,GEN,GEN,GEN
296730,155114,918,ZETA,defense,5448,GE,attack,force,ZETA,ZETA,GE,GE
296730,155115,918,ZETA,defense,5448,GE,attack,force,GE,ZETA,GE,GE
296731,155117,6199,TLN,attack,8304,TS,defense,eco,TLN,TS,TLN,TLN
296731,155118,6199,TLN,attack,8304,TS,defense,eco,TLN,TS,TS,TLN
296736,155132,278,KRX,defense,8185,DFM,attack,eco,KRX,DFM,KRX,KRX
296736,155133,278,KRX,defense,8185,DFM,attack,eco,KRX,DFM,DFM,KRX
296747,155165,17,GEN,defense,624,PRX,attack,eco,GEN,PRX,GEN,GEN
296747,155166,624,PRX,attack,17,GEN,defense,eco,GEN,GEN,PRX,GEN
296747,155167,624,PRX,attack,17,GEN,defense,eco,PRX,GEN,PRX,PRX
296738,155138,6387,GE,attack,918,BLD,defense,eco,GE,BLD,GE,GE
296738,155139,918,BLD,defense,6387,GE,attack,force,GE,GE,GE,BLD
296738,155140,6387,GE,attack,918,BLD,defense,eco,GE,BLD,GE,GE
296737,155135,5448,ZETA,attack,14,T1,defense,eco,ZETA,T1,T1,ZETA
296737,155136,5448,ZETA,attack,14,T1,defense,eco,T1,T1,T1,T1
296737,155137,14,T1,defense,5448,ZETA,attack,eco,T1,ZETA,ZETA,ZETA
296733,155123,6199,TS,attack,278,DFM,defense,eco,TS,TS,TS,TS
296733,155124,278,DFM,defense,6199,TS,attack,eco,DFM,TS,TS,TS
296732,155120,8185,KRX,defense,8304,TLN,attack,eco,KRX,KRX,TLN,KRX
296732,155121,8185,KRX,defense,8304,TLN,attack,eco,KRX,TLN,TLN,TLN
296749,155171,878,GEN,defense,17,RRQ,attack,eco,GEN,GEN,GEN,RRQ
296749,155172,17,RRQ,attack,878,GEN,defense,eco,RRQ,GEN,RRQ,RRQ
296749,155173,878,GEN,defense,17,RRQ,attack,eco,GEN,GEN,GEN,RRQ
296734,155126,8304,TS,attack,6199,TLN,defense,eco,TS,TLN,TS,TLN
296734,155127,6199,TLN,defense,8304,TS,attack,eco,TLN,TS,TS,TS
296739,155141,918,ZETA,defense,5448,GE,attack,force,ZETA,ZETA,ZETA,ZETA
296739,155142,918,ZETA,defense,5448,GE,attack,eco,ZETA,ZETA,ZETA,ZETA
297254,155762,17,GEN,attack,6199,TS,defense,eco,TS,TS,TS,GEN
297254,155763,6199,TS,defense,17,GEN,attack,eco,TS,TS,TS,GEN
297254,155764,17,GEN,attack,6199,TS,defense,eco,GEN,TS,TS,GEN
297253,155759,5448,TS,attack,6199,ZETA,defense,eco,TS,TS,TS,TS
297253,155760,6199,ZETA,defense,5448,TS,attack,eco,ZETA,TS,ZETA,ZETA
297255,155765,17,GEN,defense,5448,ZETA,attack,eco,GEN,GEN,GEN,ZETA
297255,155766,17,GEN,defense,5448,ZETA,attack,eco,GEN,GEN,GEN,ZETA
297256,155768,14,T1,defense,624,PRX,attack,eco,T1,T1,PRX,PRX
297256,155769,14,T1,defense,624,PRX,attack,force,PRX,PRX,PRX,PRX
297257,155771,8185,KRX,defense,17,GEN,attack,eco,KRX,GEN,KRX,GEN
297257,155772,17,GEN,attack,8185,KRX,defense,eco,GEN,KRX,GEN,GEN
297258,155774,17,PRX,defense,624,GEN,attack,eco,PRX,GEN,GEN,GEN
297258,155775,17,PRX,defense,624,GEN,attack,eco,PRX,PRX,PRX,PRX
297258,155776,624,GEN,attack,17,PRX,defense,force,GEN,GEN,PRX,PRX
297258,155777,624,GEN,attack,17,PRX,defense,eco,GEN,GEN,GEN,PRX
247100,137395,4915,TL,defense,474,NAVI,attack,eco,TL,TL,TL,NAVI
247100,137396,4915,TL,defense,474,NAVI,attack,eco,TL,NAVI,NAVI,NAVI
247101,137398,6961,LOUD,attack,8185,KRX,defense,eco,LOUD,LOUD,LOUD,KRX
247101,137399,8185,KRX,defense,6961,LOUD,attack,eco,LOUD,LOUD,KRX,LOUD
247101,137400,8185,KRX,defense,6961,LOUD,attack,eco,LOUD,LOUD,KRX,KRX
247087,137368,1184,FUT,defense,14,T1,attack,eco,FUT,FUT,T1,T1
247087,137369,1184,FUT,defense,14,T1,attack,force,FUT,T1,T1,T1
247086,137365,11328,FPX,attack,5248,EG,defense,eco,FPX,EG,EG,EG
247086,137366,5248,EG,defense,11328,FPX,attack,eco,EG,FPX,EG,EG
247102,137401,8185,KRX,attack,4915,NAVI,defense,eco,KRX,NAVI,NAVI,NAVI
247102,137402,4915,NAVI,defense,8185,KRX,attack,eco,NAVI,KRX,KRX,KRX
247102,137403,8185,KRX,attack,4915,NAVI,defense,eco,KRX,NAVI,NAVI,NAVI
247094,137383,1034,NRG,defense,12010,BLG,attack,eco,NRG,NRG,NRG,NRG
247094,137384,1034,NRG,defense,12010,BLG,attack,eco,BLG,BLG,BLG,BLG
247093,137380,5448,FNC,defense,2593,ZETA,attack,eco,FNC,FNC,FNC,FNC
247093,137381,5448,FNC,defense,2593,ZETA,attack,eco,FNC,ZETA,ZETA,ZETA
247088,137371,5248,EG,defense,1184,FUT,attack,eco,EG,EG,EG,FUT
247088,137372,5248,EG,defense,1184,FUT,attack,eco,EG,EG,EG,EG
247075,137350,624,KRÜ,attack,2355,PRX,defense,eco,KRÜ,PRX,PRX,PRX
247075,137351,2355,PRX,defense,624,KRÜ,attack,eco,PRX,PRX,PRX,PRX
247076,137353,1120,GIA,attack,2304,EDG,defense,eco,GIA,EDG,GIA,GIA
247076,137354,1120,GIA,attack,2304,EDG,defense,eco,GIA,EDG,GIA,EDG
247076,137355,2304,EDG,defense,1120,GIA,attack,eco,EDG,EDG,EDG,GIA
247095,137386,12010,FNC,defense,2593,BLG,attack,eco,FNC,FNC,BLG,FNC
247095,137387,12010,FNC,defense,2593,BLG,attack,eco,FNC,FNC,FNC,FNC
247103,137404,6961,LOUD,attack,474,TL,defense,eco,LOUD,LOUD,TL,LOUD
247103,137405,6961,LOUD,attack,474,TL,defense,eco,LOUD,LOUD,TL,TL
247089,137374,14,T1,attack,11328,FPX,defense,eco,T1,FPX,FPX,FPX
247089,137375,14,T1,attack,11328,FPX,defense,eco,T1,FPX,T1,FPX
247077,137356,1120,PRX,defense,624,EDG,attack,eco,PRX,EDG,PRX,PRX
247077,137357,624,EDG,attack,1120,PRX,defense,eco,EDG,PRX,EDG,PRX
247078,137359,2304,GIA,attack,2355,KRÜ,defense,eco,GIA,KRÜ,KRÜ,KRÜ
247078,137360,2355,KRÜ,defense,2304,GIA,attack,eco,KRÜ,GIA,KRÜ,GIA
247096,137390,1034,NRG,defense,5448,ZETA,attack,force,NRG,NRG,NRG,ZETA
247104,137407,4915,NAVI,defense,6961,LOUD,attack,eco,LOUD,NAVI,NAVI,LOUD
247104,137408,4915,NAVI,defense,6961,LOUD,attack,eco,NAVI,NAVI,NAVI,LOUD
247104,137409,6961,LOUD,attack,4915,NAVI,defense,eco,LOUD,NAVI,NAVI,LOUD
247090,137377,1184,FUT,defense,14,T1,attack,eco,FUT,FUT,FUT,FUT
247090,137378,14,T1,attack,1184,FUT,defense,eco,T1,FUT,FUT,FUT
247079,137362,2304,EDG,defense,1120,GIA,attack,eco,EDG,EDG,EDG,EDG
247079,137363,2304,EDG,defense,1120,GIA,attack,eco,GIA,GIA,EDG,EDG
247098,137392,12010,BLG,defense,1034,NRG,attack,force,BLG,BLG,NRG,NRG
247098,137393,12010,BLG,defense,1034,NRG,attack,eco,BLG,NRG,NRG,BLG
248270,137618,6961,LOUD,attack,2593,FNC,defense,eco,LOUD,LOUD,LOUD,FNC
248270,137619,6961,LOUD,attack,2593,FNC,defense,eco,LOUD,LOUD,LOUD,LOUD
248271,137621,1184,PRX,defense,624,FUT,attack,eco,FUT,FUT,PRX,PRX
248271,137622,1184,PRX,defense,624,FUT,attack,eco,PRX,PRX,PRX,PRX
248272,137624,8185,BLG,attack,12010,KRX,defense,eco,BLG,BLG,BLG,BLG
248272,137625,12010,KRX,defense,8185,BLG,attack,eco,KRX,KRX,KRX,KRX
248273,137627,5248,EDG,attack,1120,EG,defense,eco,EDG,EDG,EDG,EDG
248273,137628,5248,EDG,attack,1120,EG,defense,eco,EDG,EG,EDG,EDG
248273,137629,5248,EDG,attack,1120,EG,defense,eco,EG,EDG,EG,EG
248278,137644,2593,FNC,defense,1184,FUT,attack,eco,FNC,FNC,FNC,FUT
248278,137645,2593,FNC,defense,1184,FUT,attack,eco,FNC,FNC,FNC,FUT
248279,137647,1120,EDG,attack,12010,BLG,defense,eco,EDG,BLG,EDG,EDG
248279,137648,12010,BLG,defense,1120,EDG,attack,eco,BLG,EDG,BLG,BLG
248279,137649,12010,BLG,defense,1120,EDG,attack,eco,BLG,BLG,BLG,EDG
248274,137630,624,PRX,attack,6961,LOUD,defense,eco,PRX,LOUD,PRX,LOUD
248274,137631,6961,LOUD,defense,624,PRX,attack,eco,LOUD,LOUD,LOUD,LOUD
248274,137632,6961,LOUD,defense,624,PRX,attack,force,PRX,LOUD,LOUD,LOUD
248275,137633,8185,EG,attack,5248,KRX,defense,eco,EG,KRX,EG,EG
248275,137634,8185,EG,attack,5248,KRX,defense,eco,EG,KRX,EG,EG
248281,137653,6961,LOUD,defense,1120,EDG,attack,eco,EDG,EDG,LOUD,EDG
248281,137654,1120,EDG,attack,6961,LOUD,defense,eco,EDG,LOUD,LOUD,LOUD
248281,137655,6961,LOUD,defense,1120,EDG,attack,eco,LOUD,EDG,EDG,EDG
248280,137650,2593,KRX,defense,8185,FNC,attack,eco,KRX,FNC,KRX,KRX
248280,137651,8185,FNC,attack,2593,KRX,defense,eco,FNC,KRX,FNC,KRX
248280,137652,2593,KRX,defense,8185,FNC,attack,eco,KRX,KRX,FNC,FNC
248276,137636,5248,PRX,defense,624,EG,attack,eco,PRX,EG,PRX,PRX
248276,137637,624,EG,attack,5248,PRX,defense,eco,EG,PRX,EG,PRX
248276,137638,624,EG,attack,5248,PRX,defense,force,EG,EG,PRX,PRX
248282,137656,6961,LOUD,attack,2593,FNC,defense,eco,LOUD,LOUD,FNC,LOUD
248282,137657,6961,LOUD,attack,2593,FNC,defense,eco,LOUD,LOUD,FNC,FNC
248282,137658,6961,LOUD,attack,2593,FNC,defense,force,LOUD,FNC,LOUD,LOUD
248283,137659,6961,LOUD,attack,5248,EG,defense,eco,LOUD,EG,EG,EG
248283,137660,5248,EG,defense,6961,LOUD,attack,eco,EG,LOUD,LOUD,EG
248283,137661,6961,LOUD,attack,5248,EG,defense,eco,LOUD,LOUD,LOUD,LOUD
248283,137662,6961,LOUD,attack,5248,EG,defense,eco,EG,LOUD,LOUD,LOUD
248283,137663,5248,EG,defense,6961,LOUD,attack,eco,EG,EG,EG,EG
248277,137639,5248,EG,attack,624,PRX,defense,eco,EG,PRX,PRX,PRX
248277,137640,624,PRX,defense,5248,EG,attack,eco,PRX,PRX,PRX,EG
248277,137641,5248,EG,attack,624,PRX,defense,eco,EG,EG,PRX,EG
248277,137642,624,PRX,defense,5248,EG,attack,eco,PRX,EG,PRX,EG
232729,134548,2355,KRÜ,attack,7386,MIBR,defense,eco,KRÜ,KRÜ,KRÜ,KRÜ
232729,134549,2355,KRÜ,attack,7386,MIBR,defense,eco,KRÜ,MIBR,KRÜ,KRÜ
232731,134554,2355,FUR,defense,2406,KRÜ,attack,eco,FUR,KRÜ,FUR,KRÜ
232731,134555,2355,FUR,defense,2406,KRÜ,attack,eco,KRÜ,KRÜ,KRÜ,KRÜ
232731,134556,2406,KRÜ,attack,2355,FUR,defense,eco,KRÜ,FUR,FUR,FUR
232730,134551,120,SEN,defense,2,100T,attack,eco,SEN,SEN,SEN,100T
232730,134552,2,100T,attack,120,SEN,defense,force,SEN,SEN,SEN,SEN
232730,134553,120,SEN,defense,2,100T,attack,eco,SEN,SEN,100T,SEN
232732,134557,2,C9,defense,188,SEN,attack,eco,C9,SEN,C9,C9
232732,134558,188,SEN,attack,2,C9,defense,eco,SEN,SEN,SEN,SEN
232732,134559,2,C9,defense,188,SEN,attack,eco,C9,SEN,C9,SEN
232733,134560,2355,LEV,defense,2359,KRÜ,attack,eco,LEV,KRÜ,KRÜ,KRÜ
232733,134561,2359,KRÜ,attack,2355,LEV,defense,force,KRÜ,LEV,KRÜ,KRÜ
232734,134563,188,KRÜ,attack,2355,C9,defense,eco,KRÜ,C9,C9,C9
232734,134564,188,KRÜ,attack,2355,C9,defense,eco,KRÜ,KRÜ,KRÜ,KRÜ
232734,134565,2355,C9,defense,188,KRÜ,attack,force,C9,KRÜ,KRÜ,KRÜ
232736,134571,2,LEV,attack,2359,SEN,defense,eco,LEV,SEN,SEN,SEN
232736,134572,2359,SEN,defense,2,LEV,attack,eco,LEV,LEV,LEV,LEV
232737,134574,188,C9,defense,2359,LEV,attack,eco,C9,C9,C9,LEV
232737,134575,2359,LEV,attack,188,C9,defense,eco,LEV,LEV,C9,C9
232737,134576,188,C9,defense,2359,LEV,attack,eco,C9,C9,C9,LEV
232737,134577,2359,LEV,attack,188,C9,defense,eco,C9,C9,C9,C9
232737,134578,2359,LEV,attack,188,C9,defense,eco,LEV,C9,LEV,LEV
232735,134566,2355,KRÜ,defense,2359,LEV,attack,eco,KRÜ,KRÜ,KRÜ,LEV
232735,134567,2359,LEV,attack,2355,KRÜ,defense,eco,LEV,KRÜ,KRÜ,LEV
232735,134568,2359,LEV,attack,2355,KRÜ,defense,eco,LEV,KRÜ,KRÜ,LEV
232735,134569,2359,LEV,attack,2355,KRÜ,defense,eco,LEV,KRÜ,LEV,LEV
235363,135070,7035,TH,defense,1001,MKOI,attack,eco,TH,MKOI,TH,TH
235363,135071,7035,TH,defense,1001,MKOI,attack,eco,TH,MKOI,MKOI,TH
235363,135072,1001,MKOI,attack,7035,TH,defense,eco,MKOI,MKOI,MKOI,TH
235364,135073,8877,KC,attack,397,BBL,defense,force,KC,BBL,KC,KC
235364,135074,397,BBL,defense,8877,KC,attack,eco,BBL,KC,KC,KC
235364,135075,8877,KC,attack,397,BBL,defense,eco,KC,BBL,KC,KC
235365,135076,4915,MKOI,attack,7035,NAVI,defense,eco,MKOI,NAVI,NAVI,NAVI
235365,135077,4915,MKOI,attack,7035,NAVI,defense,eco,MKOI,NAVI,MKOI,NAVI
235366,135079,8877,GIA,defense,2304,KC,attack,eco,GIA,KC,GIA,GIA
235366,135080,8877,GIA,defense,2304,KC,attack,eco,GIA,KC,GIA,GIA
235367,135082,7035,MKOI,defense,2304,GIA,attack,eco,MKOI,GIA,GIA,GIA
235367,135083,2304,GIA,attack,7035,MKOI,defense,eco,MKOI,MKOI,GIA,MKOI
235371,135096,4915,KC,attack,8877,NAVI,defense,eco,NAVI,NAVI,NAVI,KC
235371,135097,4915,KC,attack,8877,NAVI,defense,eco,KC,NAVI,KC,NAVI
235371,135098,4915,KC,attack,8877,NAVI,defense,eco,KC,NAVI,KC,NAVI
235372,135099,7035,MKOI,defense,4915,NAVI,attack,eco,MKOI,NAVI,MKOI,NAVI
235372,135100,4915,NAVI,attack,7035,MKOI,defense,eco,NAVI,MKOI,NAVI,NAVI
235372,135101,4915,NAVI,attack,7035,MKOI,defense,eco,NAVI,MKOI,MKOI,MKOI
235368,135085,2304,GIA,defense,4915,NAVI,attack,eco,GIA,NAVI,NAVI,NAVI
235368,135086,4915,NAVI,attack,2304,GIA,defense,eco,NAVI,GIA,GIA,GIA
235368,135087,4915,NAVI,attack,2304,GIA,defense,eco,GIA,GIA,NAVI,NAVI
237266,135648,278,TLN,defense,8304,DFM,attack,eco,TLN,TLN,TLN,DFM
237266,135649,8304,DFM,attack,278,TLN,defense,eco,DFM,DFM,DFM,TLN
237267,135651,918,RRQ,defense,878,GE,attack,eco,RRQ,RRQ,RRQ,GE
237267,135652,878,GE,attack,918,RRQ,defense,eco,GE,RRQ,GE,RRQ
237268,135654,8304,GEN,defense,17,TLN,attack,eco,GEN,GEN,TLN,TLN
237268,135655,8304,GEN,defense,17,TLN,attack,eco,TLN,TLN,GEN,GEN
237268,135656,8304,GEN,defense,17,TLN,attack,force,TLN,GEN,GEN,TLN
237269,135657,5448,RRQ,attack,878,ZETA,defense,eco,RRQ,RRQ,RRQ,RRQ
237269,135658,5448,RRQ,attack,878,ZETA,defense,force,RRQ,RRQ,RRQ,ZETA
237269,135659,878,ZETA,defense,5448,RRQ,attack,eco,ZETA,ZETA,RRQ,ZETA
237270,135660,6199,TS,defense,17,GEN,attack,eco,TS,GEN,TS,TS
237270,135661,6199,TS,defense,17,GEN,attack,eco,TS,TS,TS,GEN
237271,135663,6199,ZETA,defense,5448,TS,attack,eco,ZETA,ZETA,ZETA,TS
237271,135664,5448,TS,attack,6199,ZETA,defense,eco,TS,TS,ZETA,ZETA
237272,135666,17,GEN,attack,878,RRQ,defense,eco,GEN,GEN,GEN,GEN
237272,135667,878,RRQ,defense,17,GEN,attack,eco,RRQ,GEN,RRQ,RRQ
237272,135668,17,GEN,attack,878,RRQ,defense,eco,GEN,GEN,GEN,GEN
237273,135669,17,GEN,attack,6199,TS,defense,eco,GEN,GEN,GEN,GEN
237273,135670,6199,TS,defense,17,GEN,attack,eco,TS,TS,GEN,GEN
237273,135671,6199,TS,defense,17,GEN,attack,eco,TS,TS,TS,TS
237273,135672,6199,TS,defense,17,GEN,attack,eco,TS,GEN,TS,TS
237274,135674,6199,TS,attack,5448,ZETA,defense,eco,ZETA,ZETA,TS,ZETA
237274,135675,6199,TS,attack,5448,ZETA,defense,eco,TS,ZETA,ZETA,ZETA
237274,135676,5448,ZETA,defense,6199,TS,attack,eco,ZETA,ZETA,ZETA,ZETA
237274,135677,5448,ZETA,defense,6199,TS,attack,eco,ZETA,ZETA,ZETA,TS
219595,131829,1211,TTG,attack,1224,WBG,defense,eco,TTG,WBG,WBG,WBG
219595,131830,1211,TTG,attack,1224,WBG,defense,eco,TTG,WBG,TTG,TTG
219596,131832,4460,NOP,attack,12011,DYG,defense,force,DYG,DYG,DYG,NOP
219596,131833,4460,NOP,attack,12011,DYG,defense,eco,DYG,DYG,DYG,NOP
219594,131826,804,GK,defense,12202,RNG,attack,eco,GK,RNG,RNG,GK
219594,131827,804,GK,defense,12202,RNG,attack,eco,GK,GK,GK,RNG
219594,131828,804,GK,defense,12202,RNG,attack,eco,GK,RNG,GK,RNG
219598,131838,11980,4AM,attack,5944,NWG,defense,eco,NWG,NWG,4AM,NWG
219598,131839,11980,4AM,attack,5944,NWG,defense,force,4AM,NWG,4AM,4AM
219598,131840,11980,4AM,attack,5944,NWG,defense,force,4AM,NWG,NWG,NWG
219597,131835,4683,iNv,attack,12064,NOVA,defense,eco,NOVA,iNv,NOVA,NOVA
219597,131836,4683,iNv,attack,12064,NOVA,defense,eco,NOVA,NOVA,iNv,NOVA
219599,131841,731,TYL,defense,9052,ME,attack,eco,ME,ME,TYL,TYL
219599,131842,9052,ME,attack,731,TYL,defense,eco,ME,ME,ME,ME
219599,131843,731,TYL,defense,9052,ME,attack,eco,TYL,ME,ME,ME
219601,131847,4462,NTER,attack,11983,KZ,defense,force,NTER,NTER,NTER,KZ
219601,131848,4462,NTER,attack,11983,KZ,defense,force,NTER,NTER,NTER,NTER
219600,131844,11981,RA,attack,11985,DRG,defense,force,DRG,DRG,DRG,DRG
219600,131845,11985,DRG,defense,11981,RA,attack,eco,DRG,RA,RA,DRG
219600,131846,11981,RA,attack,11985,DRG,defense,force,RA,RA,DRG,DRG
221176,133125,4462,TTG,defense,1211,NTER,attack,eco,TTG,TTG,NTER,NTER
221176,133126,1211,NTER,attack,4462,TTG,defense,eco,NTER,TTG,NTER,TTG
221177,133128,11981,DRG,attack,804,RNG,defense,force,DRG,DRG,DRG,DRG
221177,133129,11981,DRG,attack,804,RNG,defense,eco,RNG,DRG,DRG,DRG
221178,133131,12064,NOVA,defense,731,TYL,attack,eco,NOVA,NOVA,TYL,TYL
221178,133132,731,TYL,attack,12064,NOVA,defense,eco,TYL,TYL,TYL,TYL
221179,133134,5944,NWG,attack,12011,DYG,defense,eco,NWG,NWG,DYG,NWG
221179,133135,5944,NWG,attack,12011,DYG,defense,force,NWG,DYG,DYG,DYG
221180,133137,12202,GK,defense,4683,iNv,attack,eco,GK,iNv,GK,iNv
221180,133138,12202,GK,defense,4683,iNv,attack,eco,GK,iNv,GK,iNv
221181,133140,4460,NOP,attack,11983,KZ,defense,force,KZ,NOP,NOP,KZ
221181,133141,4460,NOP,attack,11983,KZ,defense,force,KZ,KZ,KZ,NOP
221183,133146,1224,WBG,attack,11980,4AM,defense,eco,4AM,4AM,4AM,4AM
221183,133147,1224,WBG,attack,11980,4AM,defense,eco,WBG,WBG,WBG,WBG
221183,133148,1224,WBG,attack,11980,4AM,defense,force,WBG,4AM,WBG,4AM
221182,133143,9052,ME,attack,11985,RA,defense,eco,ME,ME,ME,RA
221182,133144,9052,ME,attack,11985,RA,defense,eco,ME,ME,ME,ME
221182,133145,9052,ME,attack,11985,RA,defense,eco,ME,RA,RA,ME
221837,133520,4462,WBG,defense,1224,NTER,attack,eco,WBG,NTER,NTER,WBG
221837,133521,4462,WBG,defense,1224,NTER,attack,eco,WBG,NTER,NTER,NTER
221838,133523,804,RNG,attack,12064,NOVA,defense,force,RNG,NOVA,RNG,NOVA
221838,133524,804,RNG,attack,12064,NOVA,defense,force,RNG,NOVA,RNG,NOVA
221838,133525,804,RNG,attack,12064,NOVA,defense,eco,NOVA,RNG,NOVA,RNG
221839,133526,12202,GK,attack,5944,NWG,defense,eco,GK,NWG,NWG,GK
221839,133527,5944,NWG,defense,12202,GK,attack,eco,NWG,NWG,GK,GK
221840,133529,4460,NOP,attack,9052,ME,defense,force,NOP,ME,NOP,NOP
221840,133530,4460,NOP,attack,9052,ME,defense,eco,ME,NOP,NOP,NOP
221840,133531,4460,NOP,attack,9052,ME,defense,eco,ME,NOP,NOP,NOP
221841,133532,12011,TTG,defense,1211,DYG,attack,eco,TTG,TTG,TTG,TTG
221841,133533,1211,DYG,attack,12011,TTG,defense,eco,DYG,TTG,DYG,TTG
221842,133535,11983,KZ,attack,11980,4AM,defense,eco,4AM,4AM,KZ,4AM
221842,133536,11983,KZ,attack,11980,4AM,defense,eco,4AM,KZ,KZ,KZ
221844,133541,4683,iNv,attack,11985,RA,defense,force,iNv,RA,RA,RA
221844,133542,4683,iNv,attack,11985,RA,defense,force,iNv,iNv,iNv,iNv
221843,133538,731,DRG,defense,11981,TYL,attack,eco,DRG,TYL,DRG,TYL
221843,133539,731,DRG,defense,11981,TYL,attack,eco,DRG,TYL,DRG,DRG
222364,133694,5944,NWG,attack,1224,WBG,defense,eco,WBG,WBG,WBG,WBG
222364,133695,1224,WBG,defense,5944,NWG,attack,eco,WBG,NWG,WBG,WBG
222367,133703,11980,4AM,attack,4683,iNv,defense,force,4AM,4AM,4AM,4AM
222367,133704,11980,4AM,attack,4683,iNv,defense,eco,iNv,4AM,iNv,4AM
222367,133705,11980,4AM,attack,4683,iNv,defense,force,4AM,4AM,4AM,iNv
222365,133697,12011,RNG,attack,804,DYG,defense,eco,RNG,RNG,RNG,DYG
222365,133698,804,DYG,defense,12011,RNG,attack,eco,DYG,DYG,DYG,RNG
222368,133706,12064,NOVA,attack,12202,GK,defense,force,NOVA,NOVA,NOVA,NOVA
222368,133707,12064,NOVA,attack,12202,GK,defense,eco,GK,GK,NOVA,GK
222368,133708,12064,NOVA,attack,12202,GK,defense,eco,GK,NOVA,NOVA,GK
222366,133700,11981,ME,attack,9052,DRG,defense,eco,ME,ME,ME,DRG
222366,133701,11981,ME,attack,9052,DRG,defense,eco,ME,DRG,ME,DRG
222366,133702,11981,ME,attack,9052,DRG,defense,eco,ME,DRG,DRG,DRG
222369,133709,4462,NTER,attack,4460,NOP,defense,force,NTER,NOP,NTER,NTER
222369,133710,4462,NTER,attack,4460,NOP,defense,eco,NOP,NTER,NOP,NTER
222530,133712,5944,NWG,defense,4462,NTER,attack,eco,NWG,NTER,NTER,NTER
222530,133713,5944,NWG,defense,4462,NTER,attack,eco,NWG,NTER,NWG,NTER
222530,133714,4462,NTER,attack,5944,NWG,defense,eco,NTER,NWG,NTER,NTER
222531,133715,12202,4AM,attack,11980,GK,defense,force,4AM,4AM,GK,4AM
222531,133716,12202,4AM,attack,11980,GK,defense,eco,4AM,4AM,GK,4AM
222531,133717,11980,GK,defense,12202,4AM,attack,eco,GK,4AM,4AM,4AM
222532,133718,11981,DYG,attack,12011,DRG,defense,force,DYG,DRG,DYG,DRG
222532,133719,12011,DRG,defense,11981,DYG,attack,eco,DRG,DRG,DRG,DYG
220297,132557,1184,EG,attack,5248,FUT,defense,eco,EG,EG,EG,FUT
220297,132558,1184,EG,attack,5248,FUT,defense,eco,EG,FUT,FUT,FUT
220296,132554,8185,ASE,attack,1837,KRX,defense,eco,ASE,KRX,KRX,KRX
220296,132555,1837,KRX,defense,8185,ASE,attack,eco,KRX,KRX,ASE,ASE
220292,132542,14,T1,attack,1120,EDG,defense,eco,EDG,EDG,T1,T1
220292,132543,1120,EDG,defense,14,T1,attack,eco,EDG,T1,T1,T1
220292,132544,1120,EDG,defense,14,T1,attack,eco,EDG,T1,T1,EDG
220290,132539,4915,NAVI,attack,1034,NRG,defense,eco,NAVI,NRG,NRG,NRG
220290,132540,1034,NRG,defense,4915,NAVI,attack,eco,NRG,NRG,NRG,NRG
220290,132541,1034,NRG,defense,4915,NAVI,attack,eco,NRG,NRG,NRG,NRG
220298,132560,8185,EG,attack,5248,KRX,defense,eco,EG,EG,EG,EG
220298,132561,8185,EG,attack,5248,KRX,defense,eco,EG,EG,KRX,EG
220293,132545,1034,NRG,defense,14,T1,attack,eco,T1,T1,NRG,T1
220293,132546,14,T1,attack,1034,NRG,defense,eco,T1,NRG,T1,T1
220293,132547,1034,NRG,defense,14,T1,attack,eco,NRG,NRG,NRG,NRG
220299,132563,1184,ASE,defense,1837,FUT,attack,eco,ASE,ASE,ASE,FUT
220299,132564,1837,FUT,attack,1184,ASE,defense,eco,FUT,FUT,ASE,ASE
220299,132565,1837,FUT,attack,1184,ASE,defense,eco,FUT,ASE,FUT,FUT
220294,132548,1120,EDG,attack,4915,NAVI,defense,eco,EDG,EDG,NAVI,EDG
220294,132549,1120,EDG,attack,4915,NAVI,defense,eco,EDG,EDG,EDG,NAVI
220300,132566,8185,FUT,attack,1184,KRX,defense,eco,KRX,FUT,KRX,KRX
220300,132567,1184,KRX,defense,8185,FUT,attack,eco,KRX,FUT,FUT,FUT
220300,132568,1184,KRX,defense,8185,FUT,attack,eco,KRX,KRX,KRX,FUT
220295,132551,1120,EDG,attack,14,T1,defense,eco,EDG,EDG,EDG,T1
220295,132552,1120,EDG,attack,14,T1,defense,eco,EDG,T1,EDG,EDG
220444,132701,5248,EG,attack,6961,LOUD,defense,eco,EG,EG,EG,LOUD
220444,132702,5248,EG,attack,6961,LOUD,defense,eco,EG,EG,EG,LOUD
220443,132698,474,EDG,attack,1120,TL,defense,eco,EDG,TL,TL,EDG
220443,132699,1120,TL,defense,474,EDG,attack,eco,TL,EDG,EDG,EDG
220443,132700,1120,TL,defense,474,EDG,attack,eco,TL,EDG,TL,EDG
220442,132695,1034,NRG,attack,2593,FNC,defense,eco,NRG,FNC,FNC,NRG
220442,132696,2593,FNC,defense,1034,NRG,attack,eco,FNC,NRG,NRG,FNC
220441,132692,8185,PRX,defense,624,KRX,attack,eco,PRX,KRX,KRX,KRX
220441,132693,8185,PRX,defense,624,KRX,attack,eco,PRX,KRX,PRX,KRX
220450,132721,1120,EDG,defense,6961,LOUD,attack,eco,EDG,LOUD,EDG,EDG
220450,132722,1120,EDG,defense,6961,LOUD,attack,eco,EDG,LOUD,LOUD,EDG
220449,132718,8185,KRX,defense,1034,NRG,attack,eco,KRX,NRG,NRG,KRX
220449,132719,1034,NRG,attack,8185,KRX,defense,eco,NRG,KRX,NRG,NRG
220446,132707,474,EG,attack,5248,TL,defense,eco,EG,EG,EG,TL
220446,132708,474,EG,attack,5248,TL,defense,eco,EG,TL,EG,EG
220445,132704,624,FNC,attack,2593,PRX,defense,eco,FNC,FNC,FNC,FNC
220445,132705,624,FNC,attack,2593,PRX,defense,eco,FNC,FNC,FNC,PRX
220451,132724,474,TL,defense,1034,NRG,attack,eco,TL,NRG,NRG,TL
220451,132725,1034,NRG,attack,474,TL,defense,eco,NRG,TL,TL,TL
220451,132726,474,TL,defense,1034,NRG,attack,eco,NRG,NRG,TL,TL
220452,132727,624,EDG,attack,1120,PRX,defense,eco,EDG,EDG,PRX,PRX
220452,132728,1120,PRX,defense,624,EDG,attack,eco,EDG,EDG,EDG,EDG
220452,132729,1120,PRX,defense,624,EDG,attack,eco,PRX,EDG,PRX,PRX
220447,132710,2593,FNC,defense,5248,EG,attack,eco,FNC,FNC,FNC,FNC
220447,132711,5248,EG,attack,2593,FNC,defense,force,EG,FNC,FNC,FNC
220447,132712,5248,EG,attack,2593,FNC,defense,eco,EG,FNC,FNC,EG
220453,132730,1034,NRG,defense,624,PRX,attack,eco,NRG,PRX,PRX,NRG
220453,132731,1034,NRG,defense,624,PRX,attack,eco,NRG,PRX,NRG,NRG
220453,132732,624,PRX,attack,1034,NRG,defense,eco,NRG,NRG,PRX,NRG
220454,132733,5248,EG,defense,624,PRX,attack,eco,EG,PRX,PRX,EG
220454,132734,5248,EG,defense,624,PRX,attack,eco,EG,PRX,PRX,PRX
220454,132735,5248,EG,defense,624,PRX,attack,eco,EG,PRX,EG,EG
220454,132736,5248,EG,defense,624,PRX,attack,force,PRX,PRX,EG,PRX
220454,132737,624,PRX,attack,5248,EG,defense,eco,PRX,PRX,EG,EG
220448,132713,5248,EG,attack,2593,FNC,defense,eco,FNC,FNC,FNC,FNC
220448,132714,2593,FNC,defense,5248,EG,attack,eco,FNC,EG,FNC,FNC
220448,132715,2593,FNC,defense,5248,EG,attack,eco,FNC,EG,EG,EG
183774,118923,120,100T,attack,2,SEN,defense,eco,100T,SEN,SEN,SEN
183774,118924,120,100T,attack,2,SEN,defense,eco,100T,SEN,SEN,SEN
183774,118925,2,SEN,defense,120,100T,attack,eco,SEN,100T,100T,100T
183775,118926,2406,FUR,attack,2355,KRÜ,defense,eco,FUR,FUR,KRÜ,KRÜ
183775,118927,2355,KRÜ,defense,2406,FUR,attack,eco,FUR,KRÜ,KRÜ,FUR
183776,118929,6961,LOUD,defense,7386,MIBR,attack,eco,LOUD,LOUD,LOUD,MIBR
183776,118930,7386,MIBR,attack,6961,LOUD,defense,eco,MIBR,LOUD,MIBR,LOUD
183776,118931,6961,LOUD,defense,7386,MIBR,attack,eco,LOUD,MIBR,MIBR,MIBR
183777,118932,5248,EG,defense,188,C9,attack,eco,EG,C9,C9,EG
183777,118933,5248,EG,defense,188,C9,attack,eco,C9,C9,C9,C9
183778,118935,1034,NRG,attack,2359,LEV,defense,eco,NRG,LEV,NRG,NRG
183778,118936,2359,LEV,defense,1034,NRG,attack,eco,LEV,NRG,LEV,LEV
183779,118938,188,C9,defense,6961,LOUD,attack,eco,C9,C9,C9,C9
183779,118939,188,C9,defense,6961,LOUD,attack,eco,LOUD,LOUD,LOUD,LOUD
183779,118940,6961,LOUD,attack,188,C9,defense,eco,LOUD,C9,LOUD,LOUD
183780,118941,2406,FUR,attack,2359,LEV,defense,eco,FUR,FUR,FUR,FUR
183780,118942,2406,FUR,attack,2359,LEV,defense,eco,FUR,FUR,FUR,LEV
183780,118943,2359,LEV,defense,2406,FUR,attack,eco,FUR,LEV,LEV,LEV
183781,118944,1034,NRG,defense,2,SEN,attack,eco,NRG,SEN,NRG,NRG
183781,118945,1034,NRG,defense,2,SEN,attack,eco,NRG,NRG,NRG,NRG
183782,118947,7386,MIBR,defense,2355,KRÜ,attack,eco,MIBR,MIBR,MIBR,MIBR
183782,118948,2355,KRÜ,attack,7386,MIBR,defense,eco,KRÜ,MIBR,KRÜ,MIBR
183782,118949,2355,KRÜ,attack,7386,MIBR,defense,eco,KRÜ,KRÜ,KRÜ,MIBR
183783,118950,5248,EG,defense,120,100T,attack,eco,EG,100T,100T,100T
183783,118951,5248,EG,defense,120,100T,attack,eco,100T,100T,100T,100T
183785,118953,188,C9,defense,120,100T,attack,eco,C9,100T,C9,C9
183785,118954,188,C9,defense,120,100T,attack,force,C9,100T,C9,C9
183786,118956,7386,MIBR,attack,1034,NRG,defense,eco,MIBR,MIBR,NRG,NRG
183786,118957,1034,NRG,defense,7386,MIBR,attack,eco,NRG,NRG,NRG,MIBR
183786,118958,1034,NRG,defense,7386,MIBR,attack,eco,NRG,MIBR,NRG,MIBR
183787,118959,2359,SEN,attack,2,LEV,defense,eco,SEN,SEN,SEN,LEV
183787,118960,2359,SEN,attack,2,LEV,defense,eco,SEN,SEN,SEN,SEN
183787,118961,2,LEV,defense,2359,SEN,attack,eco,LEV,SEN,LEV,LEV
183788,118962,2355,KRÜ,attack,5248,EG,defense,eco,KRÜ,EG,KRÜ,KRÜ
183788,118963,5248,EG,defense,2355,KRÜ,attack,eco,EG,KRÜ,EG,KRÜ
183788,118964,2355,KRÜ,attack,5248,EG,defense,eco,KRÜ,EG,KRÜ,EG
183789,118965,6961,LOUD,defense,2406,FUR,attack,eco,LOUD,FUR,LOUD,LOUD
183789,118966,6961,LOUD,defense,2406,FUR,attack,eco,LOUD,LOUD,LOUD,FUR
183791,118968,6961,LOUD,defense,2,SEN,attack,eco,LOUD,SEN,SEN,SEN
183791,118969,6961,LOUD,defense,2,SEN,attack,eco,SEN,SEN,LOUD,SEN
183791,118970,6961,LOUD,defense,2,SEN,attack,eco,LOUD,LOUD,SEN,SEN
183792,118971,2359,LEV,defense,7386,MIBR,attack,eco,LEV,MIBR,LEV,LEV
183792,118972,2359,LEV,defense,7386,MIBR,attack,eco,LEV,LEV,MIBR,LEV
183793,118974,2355,KRÜ,defense,120,100T,attack,eco,KRÜ,KRÜ,KRÜ,KRÜ
183793,118975,2355,KRÜ,defense,120,100T,attack,eco,KRÜ,KRÜ,KRÜ,KRÜ
183793,118976,120,100T,attack,2355,KRÜ,defense,eco,100T,KRÜ,KRÜ,KRÜ
183794,118977,2406,EG,defense,5248,FUR,attack,eco,EG,FUR,EG,EG
183794,118978,5248,FUR,attack,2406,EG,defense,eco,EG,EG,EG,EG
183794,118979,5248,FUR,attack,2406,EG,defense,eco,FUR,EG,FUR,EG
183795,118981,188,C9,attack,1034,NRG,defense,eco,C9,NRG,NRG,C9
183795,118982,1034,NRG,defense,188,C9,attack,eco,NRG,C9,C9,C9
183796,118983,2,SEN,attack,7386,MIBR,defense,eco,SEN,SEN,MIBR,SEN
183796,118984,7386,MIBR,defense,2,SEN,attack,eco,MIBR,SEN,SEN,SEN
183797,118986,2359,100T,attack,120,LEV,defense,eco,100T,LEV,LEV,LEV
183797,118987,120,LEV,defense,2359,100T,attack,eco,LEV,100T,LEV,LEV
183797,118988,2359,100T,attack,120,LEV,defense,force,100T,LEV,LEV,LEV
183798,118989,6961,LOUD,attack,5248,EG,defense,eco,LOUD,EG,EG,EG
183798,118990,6961,LOUD,attack,5248,EG,defense,eco,LOUD,EG,EG,LOUD
183798,118991,6961,LOUD,attack,5248,EG,defense,eco,LOUD,LOUD,LOUD,LOUD
183799,118992,188,FUR,attack,2406,C9,defense,eco,FUR,C9,FUR,C9
183799,118993,188,FUR,attack,2406,C9,defense,eco,FUR,FUR,C9,FUR
183800,118995,2355,KRÜ,attack,1034,NRG,defense,eco,KRÜ,NRG,KRÜ,KRÜ
183800,118996,1034,NRG,defense,2355,KRÜ,attack,eco,NRG,NRG,NRG,KRÜ
183801,118998,120,100T,attack,1034,NRG,defense,eco,100T,NRG,100T,NRG
183801,118999,1034,NRG,defense,120,100T,attack,eco,NRG,100T,NRG,NRG
183802,119001,7386,MIBR,defense,2406,FUR,attack,eco,MIBR,MIBR,MIBR,FUR
183802,119002,2406,FUR,attack,7386,MIBR,defense,eco,FUR,FUR,FUR,MIBR
183803,119004,188,SEN,attack,2,C9,defense,eco,SEN,SEN,C9,C9
183803,119005,2,C9,defense,188,SEN,attack,force,C9,C9,C9,C9
183804,119007,5248,LEV,defense,2359,EG,attack,eco,LEV,EG,LEV,EG
183804,119008,5248,LEV,defense,2359,EG,attack,eco,LEV,EG,LEV,LEV
183804,119009,2359,EG,attack,5248,LEV,defense,eco,EG,LEV,LEV,EG
183805,119010,6961,LOUD,defense,2355,KRÜ,attack,eco,LOUD,LOUD,LOUD,KRÜ
183805,119011,2355,KRÜ,attack,6961,LOUD,defense,eco,KRÜ,LOUD,KRÜ,KRÜ
183805,119012,6961,LOUD,defense,2355,KRÜ,attack,eco,LOUD,LOUD,LOUD,LOUD
183807,119013,5248,EG,defense,2,SEN,attack,eco,EG,EG,EG,EG
183807,119014,5248,EG,defense,2,SEN,attack,eco,EG,SEN,EG,EG
183808,119016,188,C9,defense,7386,MIBR,attack,eco,C9,MIBR,MIBR,C9
183808,119017,188,C9,defense,7386,MIBR,attack,eco,C9,C9,C9,MIBR
183809,119019,120,100T,attack,6961,LOUD,defense,eco,100T,LOUD,100T,LOUD
183809,119020,120,100T,attack,6961,LOUD,defense,eco,LOUD,LOUD,LOUD,LOUD
183810,119022,2359,LEV,defense,2355,KRÜ,attack,eco,LEV,LEV,KRÜ,LEV
183810,119023,2359,LEV,defense,2355,KRÜ,attack,force,LEV,LEV,KRÜ,LEV
183811,119025,1034,NRG,defense,2406,FUR,attack,eco,FUR,FUR,FUR,FUR
183811,119026,2406,FUR,attack,1034,NRG,defense,eco,FUR,NRG,FUR,NRG
183811,119027,1034,NRG,defense,2406,FUR,attack,eco,NRG,NRG,NRG,NRG
183812,119028,120,100T,attack,2406,FUR,defense,eco,100T,FUR,FUR,FUR
183812,119029,120,100T,attack,2406,FUR,defense,eco,100T,100T,100T,100T
183812,119030,120,100T,attack,2406,FUR,defense,eco,100T,FUR,FUR,100T
183813,119031,5248,EG,defense,7386,MIBR,attack,force,EG,EG,EG,EG
183813,119032,7386,MIBR,attack,5248,EG,defense,eco,MIBR,EG,EG,EG
183814,119034,2355,SEN,attack,2,KRÜ,defense,eco,SEN,KRÜ,SEN,SEN
183814,119035,2,KRÜ,defense,2355,SEN,attack,eco,KRÜ,SEN,SEN,SEN
183815,119037,1034,NRG,defense,6961,LOUD,attack,eco,NRG,LOUD,NRG,NRG
183815,119038,6961,LOUD,attack,1034,NRG,defense,eco,LOUD,NRG,NRG,NRG
183816,119040,2359,C9,attack,188,LEV,defense,eco,C9,LEV,C9,C9
183816,119041,2359,C9,attack,188,LEV,defense,eco,C9,C9,C9,C9
184032,119231,2406,FUR,attack,2,SEN,defense,eco,FUR,SEN,SEN,SEN
184032,119232,2,SEN,defense,2406,FUR,attack,eco,SEN,FUR,FUR,FUR
184032,119233,2406,FUR,attack,2,SEN,defense,eco,FUR,SEN,SEN,FUR
184033,119234,1034,NRG,defense,5248,EG,attack,eco,EG,EG,EG,EG
184033,119235,5248,EG,attack,1034,NRG,defense,eco,EG,NRG,NRG,NRG
184034,119237,188,C9,defense,2355,KRÜ,attack,eco,KRÜ,KRÜ,KRÜ,C9
184034,119238,2355,KRÜ,attack,188,C9,defense,eco,KRÜ,C9,C9,C9
184034,119239,2355,KRÜ,attack,188,C9,defense,eco,C9,C9,C9,C9
184035,119240,2359,LEV,defense,6961,LOUD,attack,eco,LEV,LOUD,LEV,LOUD
184035,119241,2359,LEV,defense,6961,LOUD,attack,eco,LEV,LOUD,LEV,LOUD
184036,119243,7386,MIBR,defense,120,100T,attack,eco,MIBR,100T,MIBR,MIBR
184036,119244,120,100T,attack,7386,MIBR,defense,eco,100T,100T,MIBR,100T
184036,119245,7386,MIBR,defense,120,100T,attack,eco,MIBR,MIBR,MIBR,MIBR
189050,123159,2359,FUR,attack,2406,LEV,defense,eco,FUR,LEV,FUR,LEV
189050,123160,2359,FUR,attack,2406,LEV,defense,eco,FUR,FUR,FUR,LEV
189050,123161,2406,LEV,defense,2359,FUR,attack,eco,LEV,LEV,LEV,FUR
189051,123162,1034,NRG,defense,5248,EG,attack,eco,NRG,EG,EG,EG
189051,123163,1034,NRG,defense,5248,EG,attack,eco,EG,EG,EG,EG
189051,123164,1034,NRG,defense,5248,EG,attack,eco,NRG,NRG,EG,EG
189052,123165,6961,LOUD,defense,2406,FUR,attack,eco,LOUD,LOUD,LOUD,LOUD
189052,123166,2406,FUR,attack,6961,LOUD,defense,eco,FUR,LOUD,LOUD,LOUD
189053,123168,188,EG,attack,5248,C9,defense,force,EG,EG,EG,EG
189053,123169,188,EG,attack,5248,C9,defense,eco,EG,C9,EG,EG
189057,123182,1034,NRG,attack,2406,FUR,defense,eco,NRG,NRG,NRG,NRG
189057,123183,2406,FUR,defense,1034,NRG,attack,eco,FUR,NRG,FUR,FUR
189056,123179,2359,C9,defense,188,LEV,attack,eco,C9,LEV,LEV,C9
189056,123180,188,LEV,attack,2359,C9,defense,eco,LEV,C9,C9,C9
189056,123181,2359,C9,defense,188,LEV,attack,eco,C9,LEV,LEV,C9
189054,123171,5248,EG,attack,6961,LOUD,defense,eco,EG,LOUD,LOUD,LOUD
189054,123172,6961,LOUD,defense,5248,EG,attack,eco,LOUD,EG,LOUD,LOUD
189054,123173,6961,LOUD,defense,5248,EG,attack,eco,LOUD,LOUD,LOUD,EG
189058,123185,1034,NRG,attack,188,C9,defense,eco,NRG,C9,NRG,C9
189058,123186,188,C9,defense,1034,NRG,attack,eco,C9,NRG,NRG,NRG
189058,123187,188,C9,defense,1034,NRG,attack,eco,C9,C9,NRG,NRG
189059,123188,5248,EG,defense,1034,NRG,attack,eco,EG,NRG,EG,EG
189059,123189,1034,NRG,attack,5248,EG,defense,eco,NRG,NRG,NRG,EG
189059,123190,1034,NRG,attack,5248,EG,defense,eco,NRG,EG,EG,EG
189059,123191,1034,NRG,attack,5248,EG,defense,eco,NRG,NRG,NRG,EG
189055,123174,6961,LOUD,defense,1034,NRG,attack,eco,LOUD,NRG,NRG,NRG
189055,123175,6961,LOUD,defense,1034,NRG,attack,eco,LOUD,LOUD,LOUD,LOUD
189055,123176,1034,NRG,attack,6961,LOUD,defense,eco,NRG,LOUD,LOUD,NRG
173215,117164,7035,NAVI,attack,4915,MKOI,defense,eco,NAVI,MKOI,MKOI,NAVI
173215,117165,7035,NAVI,attack,4915,MKOI,defense,eco,NAVI,MKOI,NAVI,NAVI
173214,117161,2593,FNC,defense,2304,GIA,attack,eco,FNC,FNC,FNC,FNC
173214,117162,2304,GIA,attack,2593,FNC,defense,eco,GIA,GIA,GIA,FNC
173216,117167,1184,FUT,attack,1001,TH,defense,eco,FUT,FUT,FUT,FUT
173216,117168,1184,FUT,attack,1001,TH,defense,eco,FUT,TH,TH,TH
173217,117170,474,VIT,attack,2059,TL,defense,eco,VIT,VIT,VIT,VIT
173217,117171,2059,TL,defense,474,VIT,attack,force,TL,TL,TL,TL
173217,117172,474,VIT,attack,2059,TL,defense,eco,VIT,TL,VIT,VIT
173218,117173,2304,GIA,attack,4915,NAVI,defense,eco,GIA,GIA,GIA,NAVI
173218,117174,2304,GIA,attack,4915,NAVI,defense,force,GIA,NAVI,NAVI,NAVI
173218,117175,4915,NAVI,defense,2304,GIA,attack,eco,NAVI,GIA,GIA,NAVI
173219,117176,8877,BBL,attack,397,KC,defense,eco,KC,KC,KC,BBL
173219,117177,397,KC,defense,8877,BBL,attack,eco,KC,BBL,BBL,KC
173220,117179,474,FUT,attack,1184,TL,defense,eco,FUT,FUT,TL,FUT
173220,117180,474,FUT,attack,1184,TL,defense,eco,FUT,FUT,FUT,TL
173220,117181,1184,TL,defense,474,FUT,attack,eco,TL,FUT,FUT,TL
173221,117182,7035,VIT,attack,2059,MKOI,defense,force,VIT,MKOI,MKOI,MKOI
173221,117183,7035,VIT,attack,2059,MKOI,defense,eco,MKOI,MKOI,MKOI,VIT
173222,117185,397,FNC,defense,2593,BBL,attack,eco,FNC,BBL,BBL,BBL
173222,117186,397,FNC,defense,2593,BBL,attack,eco,FNC,BBL,FNC,FNC
173222,117187,397,FNC,defense,2593,BBL,attack,eco,FNC,BBL,FNC,BBL
173223,117188,1001,TH,defense,8877,KC,attack,eco,TH,KC,TH,TH
173223,117189,1001,TH,defense,8877,KC,attack,eco,TH,KC,TH,TH
183944,119187,2059,FUT,attack,1184,VIT,defense,force,FUT,VIT,FUT,FUT
183944,119188,1184,VIT,defense,2059,FUT,attack,eco,VIT,FUT,VIT,FUT
183945,119190,4915,BBL,attack,397,NAVI,defense,eco,BBL,BBL,BBL,NAVI
183945,119191,397,NAVI,defense,4915,BBL,attack,eco,BBL,NAVI,NAVI,NAVI
183946,119193,2593,FNC,defense,1001,TH,attack,eco,FNC,TH,TH,FNC
183946,119194,1001,TH,attack,2593,FNC,defense,eco,FNC,FNC,TH,FNC
183947,119196,8877,KC,attack,474,TL,defense,eco,KC,TL,TL,KC
183947,119197,474,TL,defense,8877,KC,attack,eco,TL,TL,TL,TL
183948,119199,7035,GIA,attack,2304,MKOI,defense,force,GIA,GIA,GIA,GIA
183948,119200,2304,MKOI,defense,7035,GIA,attack,eco,GIA,GIA,MKOI,GIA
183949,119202,4915,NAVI,defense,1001,TH,attack,eco,NAVI,NAVI,NAVI,NAVI
183949,119203,1001,TH,attack,4915,NAVI,defense,eco,TH,TH,TH,TH
183949,119204,4915,NAVI,defense,1001,TH,attack,eco,NAVI,NAVI,NAVI,NAVI
183950,119206,7035,MKOI,attack,1184,FUT,defense,force,MKOI,MKOI,FUT,FUT
183951,119208,2593,FNC,attack,474,TL,defense,eco,FNC,FNC,FNC,FNC
183951,119209,474,TL,defense,2593,FNC,attack,eco,TL,FNC,TL,FNC
183952,119211,397,GIA,defense,2304,BBL,attack,eco,GIA,BBL,GIA,GIA
183952,119212,2304,BBL,attack,397,GIA,defense,eco,BBL,GIA,GIA,GIA
183953,119214,8877,VIT,defense,2059,KC,attack,force,VIT,KC,VIT,VIT
183953,119215,8877,VIT,defense,2059,KC,attack,eco,VIT,VIT,VIT,VIT
184037,119246,1001,TL,attack,474,TH,defense,eco,TL,TL,TL,TH
184037,119247,1001,TL,attack,474,TH,defense,eco,TL,TH,TH,TH
184039,119252,1184,FUT,defense,2304,GIA,attack,eco,GIA,GIA,GIA,GIA
184039,119253,2304,GIA,attack,1184,FUT,defense,eco,GIA,GIA,GIA,GIA
184040,119255,8877,NAVI,attack,4915,KC,defense,eco,NAVI,NAVI,NAVI,NAVI
184040,119256,4915,KC,defense,8877,NAVI,attack,eco,KC,NAVI,KC,KC
184041,119258,397,BBL,defense,2059,VIT,attack,eco,VIT,BBL,VIT,VIT
184041,119259,397,BBL,defense,2059,VIT,attack,force,BBL,BBL,BBL,BBL
184042,119261,474,GIA,defense,2304,TL,attack,eco,TL,GIA,TL,GIA
184042,119262,2304,TL,attack,474,GIA,defense,eco,TL,GIA,TL,GIA
184042,119263,2304,TL,attack,474,GIA,defense,eco,TL,GIA,TL,TL
184043,119264,397,BBL,defense,1001,TH,attack,eco,BBL,TH,BBL,TH
184043,119265,1001,TH,attack,397,BBL,defense,force,BBL,BBL,BBL,BBL
184043,119266,397,BBL,defense,1001,TH,attack,eco,BBL,BBL,BBL,BBL
184044,119267,7035,KC,attack,8877,MKOI,defense,eco,KC,KC,KC,KC
184044,119268,7035,KC,attack,8877,MKOI,defense,eco,KC,MKOI,KC,KC
184044,119269,8877,MKOI,defense,7035,KC,attack,eco,MKOI,MKOI,KC,MKOI
184045,119270,1184,FNC,attack,2593,FUT,defense,eco,FNC,FUT,FUT,FUT
184045,119271,1184,FNC,attack,2593,FUT,defense,eco,FNC,FUT,FNC,FNC
184046,119273,4915,NAVI,attack,2059,VIT,defense,eco,NAVI,VIT,NAVI,NAVI
184046,119274,2059,VIT,defense,4915,NAVI,attack,eco,VIT,NAVI,NAVI,VIT
184047,119276,2059,FNC,attack,2593,VIT,defense,eco,FNC,VIT,VIT,VIT
184047,119277,2593,VIT,defense,2059,FNC,attack,eco,VIT,FNC,FNC,VIT
184048,119279,8877,KC,attack,1184,FUT,defense,eco,KC,KC,FUT,FUT
184048,119280,1184,FUT,defense,8877,KC,attack,eco,FUT,FUT,FUT,FUT
184049,119282,7035,MKOI,defense,397,BBL,attack,force,MKOI,MKOI,MKOI,MKOI
184049,119283,7035,MKOI,defense,397,BBL,attack,force,BBL,BBL,BBL,BBL
184049,119284,7035,MKOI,defense,397,BBL,attack,force,MKOI,MKOI,BBL,BBL
184050,119285,4915,NAVI,defense,474,TL,attack,eco,NAVI,NAVI,TL,NAVI
184050,119286,474,TL,attack,4915,NAVI,defense,force,TL,TL,NAVI,TL
184051,119288,1001,TH,attack,2304,GIA,defense,eco,GIA,TH,TH,TH
184051,119289,2304,GIA,defense,1001,TH,attack,eco,GIA,TH,TH,TH
184038,119249,7035,FNC,attack,2593,MKOI,defense,eco,FNC,FNC,FNC,MKOI
184038,119250,2593,MKOI,defense,7035,FNC,attack,eco,MKOI,MKOI,MKOI,MKOI
184052,119291,2304,GIA,defense,2059,VIT,attack,force,GIA,VIT,VIT,GIA
184052,119292,2059,VIT,attack,2304,GIA,defense,eco,VIT,VIT,VIT,GIA
184052,119293,2059,VIT,attack,2304,GIA,defense,eco,VIT,VIT,GIA,GIA
184053,119294,1184,FUT,attack,4915,NAVI,defense,eco,NAVI,FUT,NAVI,NAVI
184054,119297,8877,FNC,attack,2593,KC,defense,eco,FNC,KC,FNC,FNC
184054,119298,8877,FNC,attack,2593,KC,defense,eco,FNC,KC,KC,KC
184055,119301,397,BBL,attack,474,TL,defense,force,BBL,BBL,BBL,TL
184055,119302,397,BBL,attack,474,TL,defense,force,BBL,BBL,BBL,TL
184056,119303,7035,MKOI,defense,1001,TH,attack,eco,MKOI,MKOI,MKOI,TH
184056,119304,7035,MKOI,defense,1001,TH,attack,eco,MKOI,MKOI,MKOI,MKOI
184056,119305,1001,TH,attack,7035,MKOI,defense,eco,TH,MKOI,MKOI,TH
184057,119306,4915,NAVI,attack,2593,FNC,defense,eco,NAVI,NAVI,NAVI,FNC
184057,119307,2593,FNC,defense,4915,NAVI,attack,eco,FNC,NAVI,FNC,FNC
184058,119309,2059,TH,defense,1001,VIT,attack,force,TH,VIT,VIT,TH
184058,119310,2059,TH,defense,1001,VIT,attack,eco,VIT,VIT,VIT,VIT
184059,119312,8877,KC,defense,2304,GIA,attack,eco,KC,GIA,KC,KC
184059,119313,8877,KC,defense,2304,GIA,attack,eco,KC,GIA,GIA,GIA
184060,119315,7035,TL,attack,474,MKOI,defense,force,MKOI,MKOI,MKOI,TL
184060,119316,7035,TL,attack,474,MKOI,defense,eco,TL,MKOI,MKOI,TL
184060,119317,474,MKOI,defense,7035,TL,attack,eco,MKOI,MKOI,TL,TL
184061,119318,1184,BBL,defense,397,FUT,attack,eco,BBL,FUT,BBL,FUT
184061,119319,397,FUT,attack,1184,BBL,defense,eco,FUT,FUT,FUT,FUT
213193,130941,2304,FUT,attack,1184,GIA,defense,eco,FUT,FUT,FUT,FUT
213193,130942,2304,FUT,attack,1184,GIA,defense,eco,FUT,GIA,FUT,FUT
213194,130944,2059,TL,defense,474,VIT,attack,force,VIT,VIT,VIT,VIT
213194,130945,2059,TL,defense,474,VIT,attack,force,TL,TL,TL,VIT
213194,130946,2059,TL,defense,474,VIT,attack,eco,TL,TL,TL,VIT
213195,130947,2593,FNC,defense,1184,FUT,attack,eco,FNC,FUT,FNC,FNC
213195,130948,2593,FNC,defense,1184,FUT,attack,eco,FNC,FNC,FNC,FNC
213195,130949,2593,FNC,defense,1184,FUT,attack,eco,FNC,FNC,FNC,FNC
213196,130950,474,NAVI,defense,4915,TL,attack,eco,TL,TL,NAVI,NAVI
213196,130951,4915,TL,attack,474,NAVI,defense,eco,TL,NAVI,NAVI,NAVI
213200,130962,1184,VIT,attack,2059,FUT,defense,eco,VIT,FUT,VIT,VIT
213200,130963,1184,VIT,attack,2059,FUT,defense,eco,VIT,FUT,VIT,VIT
213200,130964,2059,FUT,defense,1184,VIT,attack,force,FUT,FUT,VIT,FUT
213199,130959,2304,GIA,attack,4915,NAVI,defense,eco,NAVI,GIA,NAVI,NAVI
213199,130960,2304,GIA,attack,4915,NAVI,defense,eco,GIA,NAVI,GIA,NAVI
213197,130953,2593,FNC,defense,474,TL,attack,eco,TL,TL,FNC,TL
213197,130954,474,TL,attack,2593,FNC,defense,eco,TL,FNC,FNC,FNC
213201,130965,4915,FUT,attack,1184,NAVI,defense,eco,FUT,FUT,FUT,FUT
213201,130966,4915,FUT,attack,1184,NAVI,defense,eco,FUT,NAVI,NAVI,FUT
213202,130968,474,TL,defense,1184,FUT,attack,eco,TL,TL,TL,TL
213202,130969,1184,FUT,attack,474,TL,defense,eco,TL,TL,FUT,FUT
213202,130970,1184,FUT,attack,474,TL,defense,eco,FUT,TL,FUT,TL
213198,130956,2593,FNC,defense,474,TL,attack,eco,FNC,TL,TL,FNC
213198,130957,2593,FNC,defense,474,TL,attack,eco,FNC,TL,FNC,FNC
213198,130958,474,TL,attack,2593,FNC,defense,force,TL,TL,TL,FNC
213198,131673,474,TL,attack,2593,FNC,defense,eco,TL,FNC,TL,TL
184456,119512,8185,ZETA,defense,5448,KRX,attack,eco,ZETA,ZETA,KRX,ZETA
184456,119513,5448,KRX,attack,8185,ZETA,defense,eco,KRX,ZETA,KRX,KRX
184457,119515,14,T1,defense,918,GE,attack,eco,T1,T1,T1,T1
184457,119516,918,GE,attack,14,T1,defense,eco,GE,GE,T1,GE
184457,119517,14,T1,defense,918,GE,attack,force,T1,T1,GE,GE
184458,119518,624,PRX,defense,278,DFM,attack,force,PRX,DFM,PRX,PRX
184458,119519,624,PRX,defense,278,DFM,attack,eco,PRX,DFM,DFM,DFM
184459,119521,8304,TS,defense,6199,TLN,attack,eco,TS,TLN,TLN,TLN
184459,119522,6199,TLN,attack,8304,TS,defense,eco,TLN,TS,TLN,TLN
184459,119523,8304,TS,defense,6199,TLN,attack,eco,TS,TS,TS,TS
184460,119524,17,RRQ,defense,878,GEN,attack,eco,RRQ,RRQ,RRQ,GEN
184460,119525,17,RRQ,defense,878,GEN,attack,eco,RRQ,GEN,GEN,GEN
184461,119527,878,RRQ,attack,5448,ZETA,defense,eco,RRQ,RRQ,RRQ,RRQ
184461,119528,5448,ZETA,defense,878,RRQ,attack,eco,ZETA,ZETA,ZETA,RRQ
184461,119529,878,RRQ,attack,5448,ZETA,defense,eco,RRQ,ZETA,RRQ,ZETA
184462,119530,14,T1,attack,8304,TLN,defense,eco,T1,TLN,TLN,TLN
184462,119531,14,T1,attack,8304,TLN,defense,eco,T1,T1,T1,TLN
184463,119533,6199,TS,defense,624,PRX,attack,eco,TS,PRX,TS,TS
184463,119534,6199,TS,defense,624,PRX,attack,eco,TS,TS,TS,TS
184463,119535,6199,TS,defense,624,PRX,attack,eco,TS,PRX,PRX,TS
184465,119536,17,DFM,attack,278,GEN,defense,eco,DFM,DFM,GEN,GEN
184465,119537,17,DFM,attack,278,GEN,defense,eco,DFM,GEN,DFM,DFM
184465,119538,278,GEN,defense,17,DFM,attack,eco,GEN,DFM,DFM,DFM
184466,119539,8185,GE,defense,918,KRX,attack,eco,GE,KRX,KRX,KRX
184466,119540,918,KRX,attack,8185,GE,defense,eco,GE,GE,GE,GE
184467,119542,878,RRQ,defense,278,DFM,attack,eco,RRQ,DFM,DFM,RRQ
184467,119543,878,RRQ,defense,278,DFM,attack,eco,RRQ,RRQ,RRQ,DFM
184468,119545,624,PRX,attack,14,T1,defense,eco,PRX,PRX,PRX,T1
184468,119546,14,T1,defense,624,PRX,attack,eco,T1,PRX,PRX,PRX
184469,119548,5448,GE,attack,918,ZETA,defense,eco,GE,GE,GE,GE
184469,119549,5448,GE,attack,918,ZETA,defense,eco,GE,ZETA,GE,ZETA
184469,119550,5448,GE,attack,918,ZETA,defense,eco,ZETA,ZETA,ZETA,GE
184470,119551,8185,KRX,attack,8304,TLN,defense,force,KRX,KRX,KRX,KRX
184470,119552,8185,KRX,attack,8304,TLN,defense,eco,KRX,TLN,KRX,KRX
184471,119554,6199,GEN,attack,17,TS,defense,eco,GEN,TS,GEN,TS
184471,119555,17,TS,defense,6199,GEN,attack,eco,TS,GEN,GEN,GEN
184472,119557,624,KRX,attack,8185,PRX,defense,eco,KRX,KRX,KRX,KRX
184472,119558,624,KRX,attack,8185,PRX,defense,eco,KRX,PRX,PRX,PRX
184473,119560,6199,TS,defense,878,RRQ,attack,eco,RRQ,RRQ,RRQ,RRQ
184473,119561,878,RRQ,attack,6199,TS,defense,eco,RRQ,TS,RRQ,RRQ
184474,119563,14,T1,defense,17,GEN,attack,eco,GEN,GEN,GEN,GEN
184474,119564,17,GEN,attack,14,T1,defense,eco,GEN,GEN,GEN,T1
184475,119566,5448,ZETA,defense,278,DFM,attack,eco,ZETA,DFM,ZETA,DFM
184475,119567,5448,ZETA,defense,278,DFM,attack,eco,ZETA,ZETA,ZETA,ZETA
184476,119569,8304,GE,attack,918,TLN,defense,eco,GE,TLN,GE,TLN
184476,119570,8304,GE,attack,918,TLN,defense,force,GE,GE,GE,TLN
184477,119572,918,GE,attack,624,PRX,defense,eco,GE,GE,PRX,PRX
184477,119573,624,PRX,defense,918,GE,attack,eco,PRX,PRX,PRX,GE
184477,119574,624,PRX,defense,918,GE,attack,eco,PRX,GE,PRX,PRX
184478,119575,8185,KRX,attack,17,GEN,defense,eco,KRX,KRX,KRX,KRX
184478,119576,8185,KRX,attack,17,GEN,defense,eco,KRX,GEN,GEN,GEN
184478,119577,8185,KRX,attack,17,GEN,defense,eco,KRX,GEN,KRX,KRX
184479,119578,14,T1,defense,878,RRQ,attack,eco,T1,T1,T1,RRQ
184479,119579,878,RRQ,attack,14,T1,defense,eco,RRQ,T1,T1,T1
184480,119581,6199,DFM,attack,278,TS,defense,eco,DFM,DFM,TS,TS
184480,119582,6199,DFM,attack,278,TS,defense,eco,DFM,TS,TS,TS
184481,119584,8304,ZETA,defense,5448,TLN,attack,eco,ZETA,TLN,TLN,TLN
184481,119585,5448,TLN,attack,8304,ZETA,defense,eco,TLN,TLN,ZETA,TLN
184482,119587,14,T1,defense,278,DFM,attack,eco,T1,T1,T1,T1
184482,119588,278,DFM,attack,14,T1,defense,eco,DFM,T1,DFM,DFM
184482,119589,278,DFM,attack,14,T1,defense,force,DFM,T1,DFM,T1
184483,119590,5448,ZETA,defense,6199,TS,attack,eco,ZETA,TS,TS,ZETA
184483,119591,6199,TS,attack,5448,ZETA,defense,eco,TS,TS,TS,TS
184483,119592,5448,ZETA,defense,6199,TS,attack,eco,ZETA,TS,TS,ZETA
184484,119593,918,GE,defense,17,GEN,attack,force,GEN,GEN,GE,GE
184484,119594,17,GEN,attack,918,GE,defense,eco,GE,GE,GE,GE
184485,119596,878,KRX,attack,8185,RRQ,defense,eco,KRX,RRQ,RRQ,RRQ
184485,119597,878,KRX,attack,8185,RRQ,defense,eco,KRX,RRQ,RRQ,KRX
184485,119598,8185,RRQ,defense,878,KRX,attack,eco,KRX,KRX,RRQ,KRX
184486,119599,624,PRX,attack,8304,TLN,defense,eco,PRX,PRX,PRX,PRX
184486,119600,8304,TLN,defense,624,PRX,attack,eco,PRX,PRX,PRX,PRX
184486,119601,624,PRX,attack,8304,TLN,defense,eco,TLN,TLN,PRX,PRX
184488,119602,17,TLN,defense,8304,GEN,attack,eco,GEN,GEN,TLN,GEN
184488,119603,8304,GEN,attack,17,TLN,defense,eco,GEN,TLN,TLN,TLN
184489,119605,5448,PRX,attack,624,ZETA,defense,eco,PRX,ZETA,PRX,ZETA
184489,119606,624,ZETA,defense,5448,PRX,attack,eco,ZETA,PRX,PRX,PRX
184490,119608,878,RRQ,defense,918,GE,attack,eco,RRQ,GE,GE,GE
184490,119609,918,GE,attack,878,RRQ,defense,eco,RRQ,RRQ,GE,RRQ
184491,119611,14,T1,attack,6199,TS,defense,eco,T1,T1,T1,TS
184491,119612,6199,TS,defense,14,T1,attack,eco,T1,T1,T1,T1
184492,119614,8185,DFM,attack,278,KRX,defense,eco,DFM,KRX,DFM,KRX
184492,119615,278,KRX,defense,8185,DFM,attack,eco,KRX,KRX,KRX,DFM
184493,119617,624,PRX,defense,17,GEN,attack,eco,PRX,GEN,PRX,GEN
184493,119618,624,PRX,defense,17,GEN,attack,eco,PRX,GEN,PRX,GEN
184494,119620,14,T1,attack,5448,ZETA,defense,eco,T1,ZETA,T1,T1
184494,119621,14,T1,attack,5448,ZETA,defense,eco,T1,ZETA,T1,ZETA
184494,119622,14,T1,attack,5448,ZETA,defense,eco,T1,ZETA,ZETA,T1
184495,119623,8185,KRX,attack,6199,TS,defense,eco,KRX,KRX,TS,TS
184495,119624,8185,KRX,attack,6199,TS,defense,eco,KRX,KRX,KRX,TS
184496,119626,278,GE,defense,918,DFM,attack,eco,GE,GE,DFM,DFM
184496,119627,278,GE,defense,918,DFM,attack,eco,GE,GE,GE,GE
184497,119629,8304,RRQ,attack,878,TLN,defense,eco,RRQ,TLN,TLN,TLN
184497,119630,8304,RRQ,attack,878,TLN,defense,eco,TLN,RRQ,RRQ,RRQ
184497,119631,8304,RRQ,attack,878,TLN,defense,eco,RRQ,TLN,RRQ,TLN
184498,119632,17,ZETA,defense,5448,GEN,attack,eco,ZETA,GEN,GEN,ZETA
184498,119633,17,ZETA,defense,5448,GEN,attack,eco,ZETA,GEN,GEN,GEN
184498,119634,17,ZETA,defense,5448,GEN,attack,eco,ZETA,GEN,ZETA,ZETA
184499,119635,8185,KRX,attack,14,T1,defense,eco,KRX,KRX,KRX,KRX
184499,119636,8185,KRX,attack,14,T1,defense,force,KRX,T1,KRX,T1
184500,119638,918,GE,attack,6199,TS,defense,eco,GE,TS,GE,GE
184500,119639,6199,TS,defense,918,GE,attack,eco,TS,TS,TS,GE
184501,119641,8304,TLN,defense,278,DFM,attack,eco,TLN,DFM,DFM,DFM
184501,119642,8304,TLN,defense,278,DFM,attack,eco,TLN,TLN,TLN,TLN
184502,119644,624,PRX,attack,878,RRQ,defense,eco,PRX,PRX,PRX,RRQ
184502,119645,624,PRX,attack,878,RRQ,defense,eco,PRX,RRQ,RRQ,PRX
184514,119680,17,GEN,attack,14,T1,defense,eco,GEN,T1,T1,T1
184514,119681,14,T1,defense,17,GEN,attack,eco,T1,GEN,GEN,T1
184514,119682,17,GEN,attack,14,T1,defense,eco,GEN,T1,GEN,GEN
184515,119683,6199,KRX,defense,8185,TS,attack,eco,TS,TS,TS,TS
184515,119684,6199,KRX,defense,8185,TS,attack,eco,KRX,KRX,TS,KRX
184515,119685,6199,KRX,defense,8185,TS,attack,eco,KRX,TS,KRX,KRX
184516,119686,624,PRX,defense,14,T1,attack,eco,PRX,T1,T1,PRX
184516,119687,624,PRX,defense,14,T1,attack,eco,T1,PRX,T1,PRX
184518,119692,6199,GEN,attack,17,TS,defense,eco,GEN,GEN,GEN,GEN
184518,119693,6199,GEN,attack,17,TS,defense,eco,GEN,TS,GEN,GEN
184518,119694,6199,GEN,attack,17,TS,defense,eco,GEN,TS,TS,TS
184517,119689,14,T1,defense,5448,ZETA,attack,eco,T1,T1,T1,T1
184517,119690,5448,ZETA,attack,14,T1,defense,eco,ZETA,T1,ZETA,T1
184517,119691,14,T1,defense,5448,ZETA,attack,eco,T1,ZETA,ZETA,T1
184519,119695,624,KRX,defense,8185,PRX,attack,force,KRX,KRX,PRX,PRX
184519,119696,8185,PRX,attack,624,KRX,defense,eco,PRX,KRX,KRX,PRX
184520,119698,14,T1,defense,17,GEN,attack,eco,T1,GEN,GEN,GEN
184520,119699,17,GEN,attack,14,T1,defense,eco,T1,GEN,GEN,T1
184521,119701,14,T1,attack,8185,KRX,defense,force,T1,KRX,KRX,KRX
184521,119702,14,T1,attack,8185,KRX,defense,eco,T1,T1,KRX,T1
184521,119703,14,T1,attack,8185,KRX,defense,eco,KRX,KRX,KRX,KRX
184521,119704,8185,KRX,defense,14,T1,attack,eco,KRX,T1,KRX,T1
184521,119705,8185,KRX,defense,14,T1,attack,eco,KRX,T1,T1,KRX
184522,119706,624,PRX,defense,8185,KRX,attack,eco,KRX,KRX,PRX,KRX
184522,119708,624,PRX,defense,8185,KRX,attack,eco,PRX,PRX,PRX,KRX
184522,131784,8185,KRX,attack,624,PRX,defense,eco,KRX,PRX,PRX,PRX
184522,119712,624,PRX,defense,8185,KRX,attack,eco,PRX,PRX,KRX,KRX
184522,119714,624,PRX,defense,8185,KRX,attack,eco,PRX,PRX,PRX,PRX
167348,113040,7035,MKOI,defense,1034,NRG,attack,eco,MKOI,MKOI,MKOI,NRG
167348,113041,7035,MKOI,defense,1034,NRG,attack,force,NRG,NRG,MKOI,NRG
167349,113043,2304,GIA,attack,278,DFM,defense,force,GIA,DFM,GIA,GIA
167349,113044,2304,GIA,attack,278,DFM,defense,eco,GIA,GIA,GIA,DFM
167351,113049,8877,KC,attack,11328,FPX,defense,eco,KC,FPX,KC,FPX
167351,113050,11328,FPX,defense,8877,KC,attack,eco,FPX,KC,FPX,FPX
167351,113051,11328,FPX,defense,8877,KC,attack,force,FPX,KC,KC,FPX
167352,113052,397,KRX,attack,8185,BBL,defense,eco,KRX,KRX,KRX,KRX
167352,113053,8185,BBL,defense,397,KRX,attack,eco,BBL,BBL,BBL,KRX
167352,113054,397,KRX,attack,8185,BBL,defense,eco,KRX,KRX,KRX,KRX
167353,113055,624,C9,defense,188,PRX,attack,eco,C9,PRX,C9,PRX
167353,113056,624,C9,defense,188,PRX,attack,eco,C9,C9,C9,PRX
167354,113058,1001,EG,attack,5248,TH,defense,eco,EG,TH,EG,TH
167354,113059,5248,TH,defense,1001,EG,attack,eco,TH,TH,TH,EG
167355,113061,8304,TLN,attack,7386,MIBR,defense,eco,MIBR,MIBR,TLN,TLN
167355,113062,8304,TLN,attack,7386,MIBR,defense,eco,TLN,TLN,MIBR,TLN
167350,113046,6961,LOUD,attack,17,GEN,defense,eco,LOUD,LOUD,LOUD,GEN
167350,113047,17,GEN,defense,6961,LOUD,attack,eco,GEN,GEN,LOUD,LOUD
167356,113064,2304,GIA,attack,1034,NRG,defense,eco,GIA,GIA,GIA,GIA
167356,113065,1034,NRG,defense,2304,GIA,attack,eco,NRG,NRG,NRG,NRG
167356,113066,2304,GIA,attack,1034,NRG,defense,eco,GIA,NRG,NRG,NRG
167357,113067,6961,LOUD,defense,8877,KC,attack,eco,LOUD,LOUD,LOUD,KC
167357,113068,6961,LOUD,defense,8877,KC,attack,eco,LOUD,KC,LOUD,LOUD
167358,113070,8185,C9,attack,188,KRX,defense,eco,C9,C9,C9,KRX
167358,113071,188,KRX,defense,8185,C9,attack,force,KRX,C9,KRX,C9
167358,113072,188,KRX,defense,8185,C9,attack,eco,KRX,KRX,KRX,KRX
167359,113073,5248,EG,defense,8304,TLN,attack,force,EG,EG,TLN,TLN
167359,113074,5248,EG,defense,8304,TLN,attack,eco,EG,TLN,EG,EG
167360,113076,6961,LOUD,attack,1034,NRG,defense,eco,LOUD,LOUD,LOUD,NRG
167360,113077,6961,LOUD,attack,1034,NRG,defense,force,LOUD,LOUD,NRG,LOUD
167360,113078,6961,LOUD,attack,1034,NRG,defense,eco,LOUD,LOUD,LOUD,NRG
167361,113079,8304,KRX,defense,8185,TLN,attack,eco,KRX,TLN,TLN,KRX
167361,113080,8185,TLN,attack,8304,KRX,defense,eco,TLN,KRX,KRX,TLN
167361,113081,8185,TLN,attack,8304,KRX,defense,eco,TLN,TLN,KRX,KRX
167362,113082,474,TS,attack,6199,TL,defense,force,TS,TS,TL,TS
167362,113083,474,TS,attack,6199,TL,defense,eco,TS,TL,TS,TS
167363,113085,2355,NAVI,defense,4915,KRÜ,attack,eco,NAVI,KRÜ,NAVI,NAVI
167363,113086,2355,NAVI,defense,4915,KRÜ,attack,eco,NAVI,KRÜ,KRÜ,KRÜ
167364,113088,5448,LEV,attack,2359,ZETA,defense,eco,LEV,ZETA,LEV,LEV
167364,113089,5448,LEV,attack,2359,ZETA,defense,eco,LEV,ZETA,ZETA,LEV
167365,113091,2059,GE,attack,918,VIT,defense,force,VIT,VIT,VIT,VIT
167365,113092,2059,GE,attack,918,VIT,defense,eco,GE,VIT,VIT,GE
167365,113093,2059,GE,attack,918,VIT,defense,eco,GE,VIT,GE,VIT
167366,113094,878,FUT,defense,1184,RRQ,attack,eco,FUT,FUT,FUT,RRQ
167366,113095,1184,RRQ,attack,878,FUT,defense,eco,RRQ,FUT,RRQ,FUT
167367,113097,1120,EDG,attack,120,100T,defense,eco,EDG,100T,100T,100T
167367,113098,1120,EDG,attack,120,100T,defense,force,EDG,100T,100T,EDG
167367,113099,1120,EDG,attack,120,100T,defense,force,EDG,EDG,100T,100T
167368,113100,2,FNC,attack,2593,SEN,defense,eco,FNC,SEN,SEN,FNC
167368,113101,2,FNC,attack,2593,SEN,defense,eco,FNC,SEN,SEN,SEN
167369,113103,14,T1,defense,2406,FUR,attack,eco,T1,FUR,T1,T1
167370,113106,6199,TS,defense,4915,NAVI,attack,eco,TS,TS,TS,NAVI
167370,113107,4915,NAVI,attack,6199,TS,defense,eco,NAVI,NAVI,TS,NAVI
167371,113109,2359,LEV,defense,2059,VIT,attack,force,VIT,VIT,LEV,VIT
167371,113110,2359,LEV,defense,2059,VIT,attack,force,LEV,LEV,VIT,LEV
167372,113112,120,100T,attack,1184,FUT,defense,eco,100T,FUT,FUT,FUT
167372,113113,120,100T,attack,1184,FUT,defense,eco,100T,FUT,FUT,100T
167372,113114,120,100T,attack,1184,FUT,defense,eco,100T,FUT,100T,100T
167373,113115,2406,FUR,attack,2593,FNC,defense,eco,FUR,FNC,FUR,FNC
167373,113116,2406,FUR,attack,2593,FNC,defense,eco,FUR,FNC,FUR,FUR
167374,113118,2359,NAVI,defense,4915,LEV,attack,eco,NAVI,LEV,NAVI,LEV
167374,113119,2359,NAVI,defense,4915,LEV,attack,eco,NAVI,NAVI,NAVI,LEV
167375,113121,2593,FNC,attack,120,100T,defense,eco,FNC,100T,FNC,FNC
167375,113122,2593,FNC,attack,120,100T,defense,force,FNC,FNC,FNC,FNC
167391,113124,6961,LOUD,defense,8185,KRX,attack,eco,LOUD,KRX,KRX,KRX
167391,113125,6961,LOUD,defense,8185,KRX,attack,eco,LOUD,LOUD,LOUD,LOUD
167391,113126,8185,KRX,attack,6961,LOUD,defense,eco,KRX,LOUD,KRX,KRX
167391,113127,8185,KRX,attack,6961,LOUD,defense,eco,KRX,LOUD,LOUD,LOUD
167391,113128,8185,KRX,attack,6961,LOUD,defense,eco,KRX,LOUD,LOUD,LOUD
167392,113129,2593,NAVI,defense,4915,FNC,attack,eco,NAVI,FNC,FNC,FNC
167392,113130,4915,FNC,attack,2593,NAVI,defense,eco,FNC,FNC,FNC,FNC
167392,113131,2593,NAVI,defense,4915,FNC,attack,eco,NAVI,FNC,NAVI,NAVI
167393,113134,2593,FNC,attack,6961,LOUD,defense,eco,FNC,LOUD,LOUD,FNC
167393,113135,2593,FNC,attack,6961,LOUD,defense,eco,FNC,LOUD,FNC,FNC
167393,113136,2593,FNC,attack,6961,LOUD,defense,eco,FNC,LOUD,LOUD,FNC
167393,113137,2593,FNC,attack,6961,LOUD,defense,eco,FNC,FNC,LOUD,LOUD
167393,113138,6961,LOUD,defense,2593,FNC,attack,eco,LOUD,FNC,LOUD,FNC
